Lineage,Description,lineage_expanded
A,One of the two original haplotypes of the pandemic (A and B). Many sequences originating from China and many global exports; including to South East Asia Japan South Korea Australia the USA and Europe represented in this lineage,A
A.1,USA lineage,A.1
A.2,"Mostly Spanish lineage now includes South and Central American sequences, other European countries and Kazakhstan.",A.2
A.2.2,Australian lineage,A.2.2
A.2.3,Scottish lineage,A.2.3
A.2.4,Panama lineage,A.2.4
A.2.5,Central American/ USA lineage,A.2.5
A.2.5.1,"Costa Rica lineage, from #33",A.2.5.1
A.2.5.2,Predominantly Italy lineage,A.2.5.2
A.2.5.3,"Predominantly Ecuador lineage, from #168",A.2.5.3
A.3,USA lineage,A.3
A.4,USA lineage,A.4
A.5,"A lineage with a lot of representation from Spanish-speaking countries. A Spanish/ South-American lineage, but now with sequences from an outbreak in Scotland. Also now includes what was previously A.10.",A.5
A.6,Thai lineage,A.6
A.7,Indian lineage,A.7
A.9,Indian lineage,A.9
A.11,Ghana/ Senegal lineage,A.11
A.12,Sierra Leone lineage,A.12
A.15,Sweden/ Denmark lineage,A.15
A.16,Japanese lineage,A.16
A.17,French lineage,A.17
A.18,Cote d'Ivoire/ Burkina Faso lineage,A.18
A.19,Cote d'Ivoire/ Burkina Faso lineage,A.19
A.21,Mali/ Burkina Faso lineage,A.21
A.22,UAE lineage,A.22
A.23,Ugandan lineage,A.23
A.23.1,"International lineage with a number of variants of potential biological concern, including 681R",A.23.1
A.24,South Korean lineage,A.24
A.25,Ugandan lineage,A.25
A.26,UK lineage,A.26
A.27,"Mayotte/ European cluster with 18 changes in the long branch leading to this cluster, including 7 NS changes in the spike (L18F, L452R, N501Y, A653V, H655Y, D796Y, G1219V), on a 614D background, from #11.",A.27
A.28,"This lineage has 9 changes on its basal branch, including the 69-70del, N501T (not Y) and H655Y. (This variant is picked up by the qPCR S drop), from #12",A.28
A.29,"Lineage circulating in multiple countries, from #78",A.29
A.30,"Lineage in several countries, associated with travel from Tanzania, from #138",A.30
B,One of the two original haplotypes of the pandemic(and first to be discovered),B
B.1,A large European lineage the origin of which roughly corresponds to the Northern Italian outbreak early in 2020.,B.1
B.1.1,"European lineage with 3 clear SNPs `28881GA`,`28882GA`,`28883GC`",B.1.1
B.1.1.1,England,B.1.1.1
C.1,"Alias of B.1.1.1.1, South Africa, from #2",B.1.1.1.1
C.1.1,"Alias of B.1.1.1.1.1, Mozambique",B.1.1.1.1.1
C.1.2,"Alias of B.1.1.1.1.2, mostly South Africa, from #139",B.1.1.1.1.2
C.2,"Alias of B.1.1.1.2, South Africa and some European",B.1.1.1.2
C.2.1,"Alias of B.1.1.1.2.1, Aruba and Curacao, from #32",B.1.1.1.2.1
C.3,"Alias of B.1.1.1.3, England",B.1.1.1.3
C.4,"Alias of B.1.1.1.4, Peruvian",B.1.1.1.4
C.5,"Alias of B.1.1.1.5, Switzerland and Luxembourg",B.1.1.1.5
C.6,"Alias of B.1.1.1.6, South Africa",B.1.1.1.6
C.7,"Alias of B.1.1.1.7, Denmark",B.1.1.1.7
C.8,"Alias of B.1.1.1.8, Canada and DRC",B.1.1.1.8
C.9,"Alias of B.1.1.1.9, South Africa",B.1.1.1.9
C.10,"Alias of B.1.1.1.10, Poland",B.1.1.1.10
C.11,Alias of B.1.1.1.11,B.1.1.1.11
C.12,"Alias of B.1.1.1.12, New Zealand",B.1.1.1.12
C.13,"Alias of B.1.1.1.13, Peruvian",B.1.1.1.13
C.14,"Alias of B.1.1.1.14, Peruvian",B.1.1.1.14
C.16,"Alias of B.1.1.1.16, Portugal originally, now pan-european",B.1.1.1.16
C.17,"Alias of B.1.1.1.17, Egypt",B.1.1.1.17
C.18,"Alias of B.1.1.1.18, Italy",B.1.1.1.18
C.19,"Alias of B.1.1.1.19, Denmark",B.1.1.1.19
C.20,"Alias of B.1.1.1.20, Switzerland",B.1.1.1.20
C.21,"Alias of B.1.1.1.21, Spain",B.1.1.1.21
C.22,"Alias of B.1.1.1.22, Argentina",B.1.1.1.22
C.23,"Alias of B.1.1.1.23, Mainly USA",B.1.1.1.23
C.25,"Alias of B.1.1.1.25, Peru",B.1.1.1.25
C.26,"Alias of B.1.1.1.26, Chile",B.1.1.1.26
C.27,"Alias of B.1.1.1.27, England",B.1.1.1.27
C.28,"Alias of B.1.1.1.28, USA",B.1.1.1.28
C.29,"Alias of B.1.1.1.29, Chile",B.1.1.1.29
C.30,"Alias of B.1.1.1.30, England",B.1.1.1.30
C.30.1,"Alias of B.1.1.1.30.1, Denmark",B.1.1.1.30.1
C.31,"Alias of B.1.1.1.31, USA",B.1.1.1.31
C.32,"Alias of B.1.1.1.32, Peru",B.1.1.1.32
C.33,"Alias of B.1.1.1.33, Peru",B.1.1.1.33
C.34,"Alias of B.1.1.1.34, Canada",B.1.1.1.34
C.35,"Alias of B.1.1.1.35, Central Europe, England",B.1.1.1.35
C.36,"Alias of B.1.1.1.36, Egypt mainly and other countries",B.1.1.1.36
C.36.1,"Alias of B.1.1.1.36.1, Canada",B.1.1.1.36.1
C.36.2,"Alias of B.1.1.1.36.2, Switzerland",B.1.1.1.36.2
C.36.3,"Alias of B.1.1.1.36.3, Europe and USA lineage, from #80",B.1.1.1.36.3
C.36.3.1,"Alias of B.1.1.1.36.3.1, Europe and USA lineage, from #80",B.1.1.1.36.3.1
C.37,"Alias of B.1.1.1.37, lineage in Peru, Chile, USA and Germany, from #52",B.1.1.1.37
C.37.1,"Alias of B.1.1.1.37.1, lineage outside of South America, from #158",B.1.1.1.37.1
C.38,"Alias of B.1.1.1.38, lineage in multiple countries, formally B.1.1.527, from #150",B.1.1.1.38
C.39,"Alias of B.1.1.1.39, Chile and Peru lineage, from #178",B.1.1.1.39
C.40,"Alias of B.1.1.1.40, Peru lineage, from #203",B.1.1.1.40
B.1.1.3,England Lineage,B.1.1.3
B.1.1.4,English lineage,B.1.1.4
B.1.1.5,European lineage,B.1.1.5
B.1.1.7,"UK lineage of concern, associated with the N501Y mutation. More information can be found at cov-lineages.org/global_report.html",B.1.1.7
Q.1,"Alias of B.1.1.7.1, predominantly Lithuania lineage, from #39",B.1.1.7.1
Q.2,"Alias of B.1.1.7.2, Italy lineage, from #79",B.1.1.7.2
Q.3,"Alias of B.1.1.7.3, USA lineage, from #92",B.1.1.7.3
Q.4,"Alias of B.1.1.7.4, lineage in multiple countries with spike H681R, from #176",B.1.1.7.4
Q.5,"Alias of B.1.1.7.5, Israel lineage, from #165",B.1.1.7.5
Q.6,"Alias of B.1.1.7.6, France lineage, from #183",B.1.1.7.6
Q.7,"Alias of B.1.1.7.7, predominantly France lineage, from #183",B.1.1.7.7
Q.8,"Alias of B.1.1.7.8, Sri Lanka lineage, from #197",B.1.1.7.8
B.1.1.8,England,B.1.1.8
B.1.1.10,European lineage,B.1.1.10
L.1,"Alias of B.1.1.10.1, Canadian lineage",B.1.1.10.1
L.2,"Alias of B.1.1.10.2, Netherlands lineage",B.1.1.10.2
L.3,"Alias of B.1.1.10.3, Nigerian/ European lineage with long branch from B.1.1.10",B.1.1.10.3
L.4,"Alias of B.1.1.10.4, USA lineage",B.1.1.10.4
B.1.1.12,England,B.1.1.12
B.1.1.13,UK,B.1.1.13
B.1.1.14,Scotland,B.1.1.14
B.1.1.15,UK/ Luxembourg lineage,B.1.1.15
B.1.1.16,Wales with European base,B.1.1.16
B.1.1.17,Icelandic,B.1.1.17
B.1.1.25,Bangladesh Lineage,B.1.1.25
D.2,"Alias of B.1.1.25.2, Australia",B.1.1.25.2
D.3,"Alias of B.1.1.25.3, Australia",B.1.1.25.3
D.4,"Alias of B.1.1.25.4, Irish/ Northern Irish lineage",B.1.1.25.4
D.5,"Alias of B.1.1.25.5, Swedish/ Denmark lineage",B.1.1.25.5
B.1.1.26,USA Lineage,B.1.1.26
B.1.1.27,"Oman Lineage, some UAE",B.1.1.27
B.1.1.28,"Brazil mostly, absorbed B.1.1.94 and B.1.1.143",B.1.1.28
P.1,"Alias of B.1.1.28.1, Brazilian lineage with a number of spike mutations with likely functional significance E484K, K417T, and N501Y. Described in https://virological.org/t/genomic-characterisation-of-an-emergent-sars-cov-2-lineage-in-manaus-preliminary-findings/586, from #77",B.1.1.28.1
P.1.1,"Alias of B.1.1.28.1.1, European lineage in Italy and Germany, from #28",B.1.1.28.1.1
P.1.2,"Alias of B.1.1.28.1.2, Netherlands/Brazil lineage. Imported into Netherlands, likely with local transmission here and continued circulation within and/or reintroduction into Brazil, from #56",B.1.1.28.1.2
P.1.3,"Alias of B.1.1.28.1.3, Brazil lineage, from #141",B.1.1.28.1.3
P.1.4,"Alias of B.1.1.28.1.4, Brazil lineage, from #141",B.1.1.28.1.4
P.1.5,"Alias of B.1.1.28.1.5, Brazil lineage, from #141",B.1.1.28.1.5
P.1.6,"Alias of B.1.1.28.1.6, Brazil lineage, from #141",B.1.1.28.1.6
P.1.7,"Alias of B.1.1.28.1.7, Brazil lineage, from #141",B.1.1.28.1.7
P.1.7.1,"Alias of B.1.1.28.1.7.1, Peru lineage, from #326",B.1.1.28.1.7.1
P.1.8,"Alias of B.1.1.28.1.8, Brazil lineage, from #164",B.1.1.28.1.8
P.1.9,"Alias of B.1.1.28.1.9, Brazil lineage, from #174",B.1.1.28.1.9
P.1.10,"Alias of B.1.1.28.1.10, predominantly USA lineage, from #179",B.1.1.28.1.10
P.1.10.1,"Alias of B.1.1.28.1.10.1, Aruba lineage, from #179",B.1.1.28.1.10.1
P.1.10.2,"Alias of B.1.1.28.1.10.2, Mexico lineage, from #179",B.1.1.28.1.10.2
P.1.11,"Alias of B.1.1.28.1.11, Brazil lineage, from #164",B.1.1.28.1.11
P.1.12,"Alias of B.1.1.28.1.12, predominantly Peru lineage, from #212",B.1.1.28.1.12
P.1.12.1,"Sublineage of P.1.12 reported predominantly from Peru and USA, from #282",B.1.1.28.1.12.1
P.1.13,"Alias of B.1.1.28.1.13, USA lineage, from #231",B.1.1.28.1.13
P.1.14,"Alias of B.1.1.28.1.14, predominantly Canada lineage, from #231",B.1.1.28.1.14
P.1.15,"Alias of B.1.1.28.1.15, predominantly Chile lineage, from #231",B.1.1.28.1.15
P.1.16,"Alias of B.1.1.28.1.16, predominantly Belgium lineage also in other countries in Europe, from #231",B.1.1.28.1.16
P.1.17,"Alias of B.1.1.28.1.17, predominantly USA and Mexico lineage, from #231",B.1.1.28.1.17
P.1.17.1,"Alias of B.1.1.28.1.17.1, predominantly in Luxembourg, from #231",B.1.1.28.1.17.1
P.2,"Alias of B.1.1.28.2, Brazilian lineage",B.1.1.28.2
P.3,"Alias of B.1.1.28.3, Lineage predominantly in the Philippines with spike mutations E484K, N501Y, P681H, 141-143del. Described in Tablizo et al 2021: https://www.medrxiv.org/content/10.1101/2021.03.03.21252812v2, from #27",B.1.1.28.3
P.4,"Alias of B.1.1.28.4, Brazil lineage, from #68",B.1.1.28.4
P.5,"Alias of B.1.1.28.5, Brazil lineage, from #86",B.1.1.28.5
P.6,"Alias of B.1.1.28.6, Uruguay lineage, from #148",B.1.1.28.6
P.7,"Alias of B.1.1.28.7, Brazil lineage, from #29",B.1.1.28.7
B.1.1.29,"Wales lineage, formerly temporarily assigned B.1.1.439 due to an error, from #50",B.1.1.29
B.1.1.30,Lithuanian,B.1.1.30
B.1.1.31,Russian lineage,B.1.1.31
B.1.1.33,Brazilian,B.1.1.33
N.1,"Alias of B.1.1.33.1, US",B.1.1.33.1
N.2,"Alias of B.1.1.33.2, European lineage",B.1.1.33.2
N.3,"Alias of B.1.1.33.3, Argentinian",B.1.1.33.3
N.4,"Alias of B.1.1.33.4, Chilean",B.1.1.33.4
N.5,"Alias of B.1.1.33.5, Argentinian",B.1.1.33.5
N.6,"Alias of B.1.1.33.6, Chilean",B.1.1.33.6
N.7,"Alias of B.1.1.33.7, Uruguay",B.1.1.33.7
N.8,"Alias of B.1.1.33.8, Kenyan",B.1.1.33.8
N.9,"Alias of B.1.1.33.9, Brazilian lineage, from #26",B.1.1.33.9
N.10,"Alias of B.1.1.33.10, Brazilian lineage described in https://virological.org/t/identification-of-a-new-b-1-1-33-sars-cov-2-variant-of-interest-voi-circulating-in-brazil-with-mutation-e484k-and-multiple-deletions-in-the-amino-n-terminal-domain-of-the-spike-protein/675, from #40",B.1.1.33.10
B.1.1.34,South African lineage,B.1.1.34
B.1.1.37,UK lineage,B.1.1.37
B.1.1.38,Wales,B.1.1.38
B.1.1.39,Mostly Switzerland with lots of other countries,B.1.1.39
AQ.1,"Alias of B.1.1.39.1, Finland lineage",B.1.1.39.1
AQ.2,"Alias of B.1.1.39.2, Denmark lineage",B.1.1.39.2
B.1.1.40,South African lineage,B.1.1.40
B.1.1.41,England lineage,B.1.1.41
B.1.1.43,Scottish lineage,B.1.1.43
B.1.1.44,"Pan-European, big scottish section",B.1.1.44
B.1.1.45,UK,B.1.1.45
B.1.1.46,Mostly India,B.1.1.46
B.1.1.47,Switzerland and other Northern Europe,B.1.1.47
B.1.1.48,Japan,B.1.1.48
B.1.1.49,Wales,B.1.1.49
B.1.1.50,Israel and Palestine,B.1.1.50
B.1.1.51,UK,B.1.1.51
B.1.1.52,South Africa,B.1.1.52
B.1.1.53,South Africa,B.1.1.53
B.1.1.54,South African Lineage,B.1.1.54
B.1.1.55,English lineage,B.1.1.55
B.1.1.56,South African lineage,B.1.1.56
B.1.1.57,"South African lineage, a few English sequences, one Zimbabwe",B.1.1.57
B.1.1.58,European lineage,B.1.1.58
B.1.1.59,UK lineage,B.1.1.59
B.1.1.61,USA lineage,B.1.1.61
B.1.1.62,South African lineage,B.1.1.62
B.1.1.63,Hong Kong lineage,B.1.1.63
B.1.1.67,England and South Africa,B.1.1.67
B.1.1.70,European Lineage,B.1.1.70
AP.1,"Alias of B.1.1.70.1, Wales lineage",B.1.1.70.1
B.1.1.71,"Dutch, Central Europe",B.1.1.71
B.1.1.72,USA lineage,B.1.1.72
B.1.1.74,NI & Ireland Lineage,B.1.1.74
B.1.1.75,Belgian lineage,B.1.1.75
B.1.1.77,USA Lineage,B.1.1.77
B.1.1.82,Wales lineage,B.1.1.82
B.1.1.83,Northern Irish lineage,B.1.1.83
B.1.1.84,South African,B.1.1.84
B.1.1.86,UK lineage,B.1.1.86
B.1.1.87,Hungarian lineage,B.1.1.87
B.1.1.88,Portugal lineage,B.1.1.88
B.1.1.89,England,B.1.1.89
B.1.1.90,Sweden and Denmark lineage,B.1.1.90
B.1.1.91,Sweden,B.1.1.91
B.1.1.92,English lineage,B.1.1.92
B.1.1.93,USA Lineage,B.1.1.93
B.1.1.95,English lineage,B.1.1.95
B.1.1.97,England,B.1.1.97
B.1.1.98,USA lineage,B.1.1.98
B.1.1.99,Mostly South Africa,B.1.1.99
B.1.1.100,Denmark lineage,B.1.1.100
B.1.1.101,Indian lineage,B.1.1.101
B.1.1.107,England,B.1.1.107
B.1.1.109,UK lineage,B.1.1.109
B.1.1.110,Peru lineage,B.1.1.110
B.1.1.111,"African lineage (Zambia, Zimbabwe)",B.1.1.111
B.1.1.112,Netherlands,B.1.1.112
B.1.1.113,Western USA,B.1.1.113
B.1.1.114,Wales,B.1.1.114
B.1.1.115,"UK lineage, now contains former B.1.1.235",B.1.1.115
B.1.1.116,USA lineage,B.1.1.116
B.1.1.117,"South African some Argentina, now contains B.1.1.252",B.1.1.117
B.1.1.118,USA Lineage (TX),B.1.1.118
B.1.1.119,Northern Ireland lineage,B.1.1.119
B.1.1.120,UK lineage,B.1.1.120
B.1.1.121,Canadian lineage,B.1.1.121
B.1.1.122,Netherlands,B.1.1.122
B.1.1.123,UK lineage,B.1.1.123
B.1.1.125,UK lineage,B.1.1.125
B.1.1.127,Russian lineage,B.1.1.127
B.1.1.128,USA lineage,B.1.1.128
B.1.1.129,Russian lineage,B.1.1.129
B.1.1.130,England,B.1.1.130
B.1.1.132,USA Lineage,B.1.1.132
B.1.1.133,UAE/ European lineage,B.1.1.133
B.1.1.134,UK,B.1.1.134
B.1.1.135,US,B.1.1.135
B.1.1.136,Australian lineage,B.1.1.136
B.1.1.137,UK lineage,B.1.1.137
B.1.1.138,UK lineage,B.1.1.138
B.1.1.139,USA,B.1.1.139
B.1.1.141,"Russian, Latvian, Netherlands",B.1.1.141
B.1.1.142,Australian lineage,B.1.1.142
B.1.1.144,Swiss lineage,B.1.1.144
B.1.1.145,UK lineage,B.1.1.145
B.1.1.147,England,B.1.1.147
B.1.1.148,USA lineage,B.1.1.148
B.1.1.149,English Lineage,B.1.1.149
B.1.1.152,Russian,B.1.1.152
B.1.1.153,Northern European Lineage,B.1.1.153
B.1.1.154,UK lineage,B.1.1.154
B.1.1.155,English,B.1.1.155
B.1.1.157,Canadian lineage,B.1.1.157
B.1.1.158,USA lineage,B.1.1.158
B.1.1.159,European lineage,B.1.1.159
B.1.1.160,Northern Ireland lineage,B.1.1.160
B.1.1.161,Saudi lineage,B.1.1.161
B.1.1.162,"England, Russia, Latvia",B.1.1.162
B.1.1.163,Russian lineage,B.1.1.163
B.1.1.164,UK,B.1.1.164
B.1.1.165,England,B.1.1.165
B.1.1.166,UK lineage,B.1.1.166
B.1.1.168,UK lineage,B.1.1.168
B.1.1.169,USA lineage,B.1.1.169
B.1.1.170,UK/Denmark lineage,B.1.1.170
B.1.1.171,UK lineage,B.1.1.171
B.1.1.172,USA,B.1.1.172
B.1.1.174,USA lineage,B.1.1.174
B.1.1.175,Bangladesh,B.1.1.175
B.1.1.176,Canadian lineage,B.1.1.176
B.1.1.177,Texas,B.1.1.177
B.1.1.178,England,B.1.1.178
B.1.1.180,USA lineage,B.1.1.180
B.1.1.181,"Used to be just Turkey, now lots of Canadian",B.1.1.181
B.1.1.182,USA,B.1.1.182
B.1.1.184,"Russia, some B.1.1.129",B.1.1.184
B.1.1.185,Netherlands lineage,B.1.1.185
B.1.1.186,Southern USA,B.1.1.186
B.1.1.187,UK and italy,B.1.1.187
B.1.1.189,European lineage,B.1.1.189
B.1.1.190,Wales lineage,B.1.1.190
B.1.1.191,Denmark,B.1.1.191
B.1.1.192,USA,B.1.1.192
B.1.1.193,England,B.1.1.193
B.1.1.194,England,B.1.1.194
B.1.1.196,UK lineage,B.1.1.196
B.1.1.197,UK lineage,B.1.1.197
B.1.1.198,UK/ Luxembourg lineage,B.1.1.198
B.1.1.200,UK,B.1.1.200
AN.1,"Alias of B.1.1.200.1, Sweden and Netherlands, from B.1.1.130",B.1.1.200.1
B.1.1.201,India and Singapore and Texas,B.1.1.201
B.1.1.202,Italy,B.1.1.202
B.1.1.203,England and Ecuador,B.1.1.203
B.1.1.204,UK lineage,B.1.1.204
B.1.1.205,USA lineage,B.1.1.205
B.1.1.207,USA,B.1.1.207
B.1.1.208,UK,B.1.1.208
B.1.1.209,Netherlands,B.1.1.209
B.1.1.210,USA (TX),B.1.1.210
B.1.1.213,England,B.1.1.213
B.1.1.214,Japan,B.1.1.214
B.1.1.216,Predominantly Indian lineage with exports elsewhere,B.1.1.216
AM.1,"Alias of B.1.1.216.1, Portugal lineage",B.1.1.216.1
AM.2,"Alias of B.1.1.216.2, Canadian lineage",B.1.1.216.2
AM.3,"Alias of B.1.1.216.3, UK lineage",B.1.1.216.3
AM.4,"Alias of B.1.1.216.4, Canadian lineage",B.1.1.216.4
B.1.1.217,UK lineage,B.1.1.217
S.1,"Alias of B.1.1.217.1, Latvian lineage, previously I.1",B.1.1.217.1
B.1.1.218,European lineage,B.1.1.218
B.1.1.219,"Northern Europe (UK, Denmark, Norway, Sweden)",B.1.1.219
B.1.1.220,UK lineage,B.1.1.220
B.1.1.221,Belgian lineage,B.1.1.221
B.1.1.222,USA/Mexico,B.1.1.222
B.1.1.224,Denmark (some German),B.1.1.224
B.1.1.225,USA,B.1.1.225
B.1.1.226,USA lineage,B.1.1.226
B.1.1.227,England,B.1.1.227
B.1.1.228,USA (WA),B.1.1.228
B.1.1.229,Italy,B.1.1.229
B.1.1.230,USA,B.1.1.230
B.1.1.231,USA lineage,B.1.1.231
AL.1,"Alias of B.1.1.231.1, Canada lineage",B.1.1.231.1
B.1.1.232,"Northern Europe (UK, Germany, Denmark, Belgium, NL)",B.1.1.232
AK.1,"Alias of B.1.1.232.1, UK lineage",B.1.1.232.1
AK.2,"Alias of B.1.1.232.2, German lineage",B.1.1.232.2
B.1.1.234,"England, Ireland, Northern Ireland, Northern Europe",B.1.1.234
B.1.1.236,UK,B.1.1.236
B.1.1.237,Wales,B.1.1.237
B.1.1.239,USA lineage,B.1.1.239
B.1.1.241,European lineage,B.1.1.241
AH.1,"Alias of B.1.1.241.1, Swiss Lineage",B.1.1.241.1
AH.2,"Alias of B.1.1.241.2, French Lineage",B.1.1.241.2
AH.3,"Alias of B.1.1.241.3, Finnish Lineage",B.1.1.241.3
B.1.1.240,UK lineage,B.1.1.240
AJ.1,"Alias of B.1.1.240.1, Portugal lineage",B.1.1.240.1
B.1.1.242,Gambia and Switzerland,B.1.1.242
B.1.1.243,"Eastern Europe, Central Europe, UK",B.1.1.243
B.1.1.244,USA lineage,B.1.1.244
B.1.1.249,Welsh Lineage,B.1.1.249
B.1.1.251,UK and US,B.1.1.251
B.1.1.253,UK,B.1.1.253
B.1.1.254,Mostly South Africa,B.1.1.254
B.1.1.255,UK lineage,B.1.1.255
B.1.1.256,UK lineage,B.1.1.256
B.1.1.258,USA (TX),B.1.1.258
B.1.1.261,Swedish/ Danish/ Faroe Islands lineage,B.1.1.261
B.1.1.257,Mostly UK lineage with other northern european plus one singapore,B.1.1.257
B.1.1.262,UK lineage,B.1.1.262
B.1.1.263,UAE lineage (~95%),B.1.1.263
B.1.1.265,USA lineage,B.1.1.265
B.1.1.266,Czech lineage,B.1.1.266
B.1.1.267,Irish lineage,B.1.1.267
B.1.1.268,USA lineage,B.1.1.268
B.1.1.269,European lineage,B.1.1.269
B.1.1.270,UK lineage,B.1.1.270
B.1.1.271,German and Austrian lineage,B.1.1.271
B.1.1.272,Denmark,B.1.1.272
B.1.1.273,"South african lineage, previously part of B.1.1.56",B.1.1.273
B.1.1.274,"England, Thailand, Russia, USA",B.1.1.274
B.1.1.275,DRC with some UAE and England,B.1.1.275
B.1.1.277,European lineage,B.1.1.277
K.1,"Alias of B.1.1.277.1, South Korean lineage",B.1.1.277.1
K.2,"Alias of B.1.1.277.2, Russian lineage",B.1.1.277.2
K.3,"Alias of B.1.1.277.3, Norway lineage",B.1.1.277.3
B.1.1.279,English Lineage,B.1.1.279
B.1.1.280,Lithuanian lineage,B.1.1.280
B.1.1.282,Netherlands lineage,B.1.1.282
B.1.1.283,Japan,B.1.1.283
B.1.1.284,Japan,B.1.1.284
B.1.1.285,Japan/ USA lineage,B.1.1.285
B.1.1.286,UK,B.1.1.286
B.1.1.288,Danish Lineage,B.1.1.288
B.1.1.289,UK lineage,B.1.1.289
B.1.1.290,USA lineage,B.1.1.290
B.1.1.291,USA Lineage,B.1.1.291
B.1.1.294,Russian and UK lineage,B.1.1.294
M.1,"Alias of B.1.1.294.1, Israel",B.1.1.294.1
M.2,"Alias of B.1.1.294.2, Swiss Lineage",B.1.1.294.2
M.3,"Alias of B.1.1.294.3, English Lineage",B.1.1.294.3
B.1.1.296,UK lineage,B.1.1.296
B.1.1.297,Central Europe lineage,B.1.1.297
AG.1,"Alias of B.1.1.297.1, Netherlands lineage",B.1.1.297.1
B.1.1.298,Denmark Lineage,B.1.1.298
B.1.1.299,UK lineage,B.1.1.299
B.1.1.300,UK lineage,B.1.1.300
B.1.1.301,UK lineage,B.1.1.301
B.1.1.302,Swedish lineage,B.1.1.302
B.1.1.303,UK,B.1.1.303
B.1.1.304,UK/USA lineage,B.1.1.304
B.1.1.305,Pan European,B.1.1.305
AF.1,"Alias of B.1.1.305.1, Switzerland",B.1.1.305.1
B.1.1.306,"Big indian lineage, exports to Zambia, Bahrain and Canada",B.1.1.306
AE.1,"Alias of B.1.1.306.1, Zambian",B.1.1.306.1
AE.2,"Alias of B.1.1.306.2, Bahrain",B.1.1.306.2
AE.3,"Alias of B.1.1.306.3, Zambia and Rwanda",B.1.1.306.3
AE.4,"Alias of B.1.1.306.4, Bahrain",B.1.1.306.4
AE.5,"Alias of B.1.1.306.5, Zambia",B.1.1.306.5
AE.6,"Alias of B.1.1.306.6, Bahrain",B.1.1.306.6
AE.7,"Alias of B.1.1.306.7, Bahrain",B.1.1.306.7
AE.8,"Alias of B.1.1.306.8, Canada lineage",B.1.1.306.8
B.1.1.307,UK lineage,B.1.1.307
B.1.1.308,UK,B.1.1.308
B.1.1.309,"Now all England, was USA, so probably split from something",B.1.1.309
B.1.1.310,Northern Irish with English root,B.1.1.310
B.1.1.311,Huge UK lineage,B.1.1.311
B.1.1.312,Jordan lineage,B.1.1.312
B.1.1.315,"Previously D.1, UK/ UAE lineage",B.1.1.315
AD.1,"Alias of B.1.1.315.1, Denmark lineage",B.1.1.315.1
AD.2,"Alias of B.1.1.315.2, UK lineage",B.1.1.315.2
AD.2.1,"Alias of B.1.1.315.2.1, Lithuanian lineage",B.1.1.315.2.1
B.1.1.316,"International lineage with spike mutation Q677H, parent of lineage R.1 and R.2 which have additional mutations including E484K mutation, from #14",B.1.1.316
R.1,"Alias of B.1.1.316.1, Sublineage of B.1.1.316 with 3 additional spike mutations, circulating in a number of countries, from #17",B.1.1.316.1
R.2,"Alias of B.1.1.316.2, Sublineage of B.1.1.316 with E484K, from #18",B.1.1.316.2
B.1.1.317,"Russian lineage, from #53",B.1.1.317
AS.1,"Alias of B.1.1.317.1, UK lineage",B.1.1.317.1
AS.2,"Alias of B.1.1.317.2, UK lineage",B.1.1.317.2
B.1.1.318,"Lineage circulating in multiple countries with a number of variants of concern (Spike D614G, Spike D796H, Spike E484K, Spike P681H, Spike T95I, Spike Y144del), from #15",B.1.1.318
AZ.1,"Alias of B.1.1.318.1, Canada lineage, from #171",B.1.1.318.1
AZ.2,"Alias of B.1.1.318.2, predominantly Greece lineage, from #171",B.1.1.318.2
AZ.2.1,"Alias of B.1.1.318.2.1, Switzerland lineage, from #171",B.1.1.318.2.1
AZ.3,"Alias of B.1.1.318.3, USA lineage, from #171",B.1.1.318.3
AZ.4,"Alias of B.1.1.318.4, Ireland lineage, from #171",B.1.1.318.4
AZ.5,"Alias of B.1.1.318.5, Mauritius lineage, from #171",B.1.1.318.5
AZ.6,"Alias of B.1.1.318.6, Canada lineage, from #171",B.1.1.318.6
B.1.1.319,Russian/Serbian Lineage,B.1.1.319
B.1.1.320,USA lineage,B.1.1.320
B.1.1.322,Mexico/Southwest USA,B.1.1.322
B.1.1.323,"Northern Europe, split from B.1.1.257",B.1.1.323
B.1.1.324,Chilean Lineage,B.1.1.324
B.1.1.325,Eastern Europe plus Belgium and Denmark,B.1.1.325
B.1.1.326,Indian Lineage,B.1.1.326
B.1.1.327,Swiss Lineage,B.1.1.327
B.1.1.328,Costa Rica and Florida,B.1.1.328
B.1.1.329,Pan-US,B.1.1.329
B.1.1.330,Chinese Lineage,B.1.1.330
B.1.1.331,Austrian lineage,B.1.1.331
B.1.1.332,Brazilian Lineage,B.1.1.332
B.1.1.333,Norwegian Lineage,B.1.1.333
B.1.1.334,USA and Mexico,B.1.1.334
B.1.1.335,USA and Canada,B.1.1.335
B.1.1.336,Russian lineage,B.1.1.336
B.1.1.337,US,B.1.1.337
B.1.1.338,German lineage,B.1.1.338
B.1.1.339,UAE and England,B.1.1.339
B.1.1.340,Indian Lineage,B.1.1.340
B.1.1.341,UK lineage,B.1.1.341
B.1.1.342,USA,B.1.1.342
B.1.1.343,Canadian lineage,B.1.1.343
B.1.1.344,"Mexico, Texas",B.1.1.344
B.1.1.345,USA lineage,B.1.1.345
B.1.1.346,Denmark lineage,B.1.1.346
B.1.1.347,Central Europe,B.1.1.347
B.1.1.348,South America & USA,B.1.1.348
B.1.1.349,"Russia, one ""Congo""",B.1.1.349
B.1.1.350,Latvian lineage,B.1.1.350
B.1.1.351,"USA, England, Finland, Denmark",B.1.1.351
B.1.1.352,USA lineage,B.1.1.352
B.1.1.353,"UAE, Israel, Australia",B.1.1.353
B.1.1.354,"Singapore, malaysia, India, UAE, England",B.1.1.354
B.1.1.355,"England, Northern Europe",B.1.1.355
B.1.1.356,Texas,B.1.1.356
B.1.1.357,USA lineage,B.1.1.357
B.1.1.358,USA,B.1.1.358
B.1.1.359,Ghana and Denmark,B.1.1.359
B.1.1.360,Wales,B.1.1.360
B.1.1.361,England,B.1.1.361
B.1.1.362,USA,B.1.1.362
B.1.1.363,Wales,B.1.1.363
B.1.1.364,"Russia, S Korea, England",B.1.1.364
B.1.1.365,England,B.1.1.365
B.1.1.366,UAE,B.1.1.366
B.1.1.367,USA,B.1.1.367
B.1.1.368,USA and Canada,B.1.1.368
B.1.1.369,England,B.1.1.369
B.1.1.370,"England, USA, Russia, Germany",B.1.1.370
AT.1,"Alias of B.1.1.370.1, Russia and Finland lineage, from #47",B.1.1.370.1
B.1.1.371,"Saudi Arabia to Romania to Western Europe, contains B.1.1.161 at the base",B.1.1.371
B.1.1.372,England,B.1.1.372
B.1.1.373,"Russia, split from B.1.1.31",B.1.1.373
B.1.1.374,"Balkans, Finland",B.1.1.374
B.1.1.375,"Mozambique, was C.1.1",B.1.1.375
B.1.1.376,USA (California),B.1.1.376
B.1.1.377,Denmark,B.1.1.377
B.1.1.378,UK and Brazil,B.1.1.378
B.1.1.379,Wales,B.1.1.379
B.1.1.380,USA,B.1.1.380
B.1.1.381,Peruvian,B.1.1.381
B.1.1.382,South African lineage,B.1.1.382
B.1.1.383,South African,B.1.1.383
B.1.1.384,Swiss Lineage,B.1.1.384
B.1.1.385,German Lineage,B.1.1.385
B.1.1.386,South African lineage,B.1.1.386
B.1.1.387,South African lineage,B.1.1.387
B.1.1.388,Columbian lineage,B.1.1.388
B.1.1.389,Costa Rica lineage,B.1.1.389
B.1.1.391,UAE lineage,B.1.1.391
B.1.1.392,USA lineage,B.1.1.392
B.1.1.393,Brazilian lineage,B.1.1.393
B.1.1.394,Portugal lineage,B.1.1.394
B.1.1.395,"UK lineage, previously part of B.1.1.279",B.1.1.395
B.1.1.396,"Russian lineage, some previously B.1.1.184",B.1.1.396
B.1.1.397,"Predominantly Russia, includes some previous B.1.1.67 and H.1 sequences",B.1.1.397
B.1.1.398,USA/ Indonesian lineage,B.1.1.398
B.1.1.399,Irish lineage,B.1.1.399
B.1.1.400,Spain lineage,B.1.1.400
B.1.1.401,Portugal lineage,B.1.1.401
B.1.1.402,"USA (Texas), split from B.1.1.177",B.1.1.402
B.1.1.403,USA,B.1.1.403
B.1.1.404,"Ghana, Burkina Faso, Luxembourg, Germany",B.1.1.404
B.1.1.405,Germany lineage,B.1.1.405
AC.1,"Alias of B.1.1.405.1, UK lineage",B.1.1.405.1
B.1.1.406,"Spain, UK, Italy",B.1.1.406
B.1.1.407,Mostly Russia,B.1.1.407
B.1.1.408,UK lineage,B.1.1.408
B.1.1.409,"UAE, Israel, Saudi Arabia",B.1.1.409
B.1.1.410,Portugal lineage,B.1.1.410
B.1.1.411,Ecuador and US,B.1.1.411
B.1.1.412,South African lineage,B.1.1.412
B.1.1.413,"Europe, Turkey, Iran",B.1.1.413
B.1.1.414,Indian lineage,B.1.1.414
B.1.1.415,Austrian lineage,B.1.1.415
B.1.1.416,USA lineage,B.1.1.416
B.1.1.417,Canada lineage,B.1.1.417
B.1.1.418,USA lineage,B.1.1.418
B.1.1.419,"UK lineage, includes some formally B.1.1.193 sequences",B.1.1.419
B.1.1.420,"Western Europe, USA",B.1.1.420
B.1.1.421,Portuguese lineage,B.1.1.421
B.1.1.422,Lithuanian lineage,B.1.1.422
B.1.1.423,USA lineage,B.1.1.423
B.1.1.424,"Russia lineage, contains some formally B.1.1.167 sequences",B.1.1.424
B.1.1.425,England and Denmark,B.1.1.425
B.1.1.426,USA lineage,B.1.1.426
B.1.1.427,Russian Lineage,B.1.1.427
B.1.1.428,Switzerland and North Macedonia,B.1.1.428
B.1.1.429,Latvia and Finland,B.1.1.429
B.1.1.430,North Macedonia,B.1.1.430
B.1.1.431,Australia and Canada,B.1.1.431
B.1.1.432,USA and Mexico,B.1.1.432
B.1.1.433,"Denmark and Switzerland, some B.1.1.281",B.1.1.433
B.1.1.434,Mostly USA lineage with some UK and Canada (was B.1.1.304),B.1.1.434
B.1.1.435,Russian,B.1.1.435
B.1.1.436,Belgium lineage,B.1.1.436
B.1.1.437,USA lineage,B.1.1.437
B.1.1.438,Swedish lineage,B.1.1.438
B.1.1.440,USA and Mexico,B.1.1.440
B.1.1.441,USA lineage,B.1.1.441
B.1.1.442,Argentinian,B.1.1.442
B.1.1.444,South African (was B.1.1.117),B.1.1.444
B.1.1.445,Switzerland lineage,B.1.1.445
B.1.1.446,Sweden lineage,B.1.1.446
B.1.1.447,USA lineage,B.1.1.447
B.1.1.448,South African (was B.1.1.54),B.1.1.448
B.1.1.449,Russia lineage,B.1.1.449
B.1.1.450,USA lineage,B.1.1.450
B.1.1.451,Norway lineage,B.1.1.451
B.1.1.452,Russia lineage,B.1.1.452
B.1.1.453,US,B.1.1.453
B.1.1.456,South African,B.1.1.456
B.1.1.458,Swedish lineage,B.1.1.458
B.1.1.459,South African lineage (some were part of Belgian lineage B.1.1.75,B.1.1.459
B.1.1.461,USA TX lineage,B.1.1.461
B.1.1.462,United Arab Emirates,B.1.1.462
B.1.1.463,USA CA lineage,B.1.1.463
B.1.1.464,USA lineage,B.1.1.464
AW.1,"Alias of B.1.1.464.1, Canadian lineage, from #103",B.1.1.464.1
B.1.1.465,Japanese lineage,B.1.1.465
B.1.1.466,Gambian lineage,B.1.1.466
B.1.1.467,USA lineage (NY),B.1.1.467
B.1.1.480,USA Lineage,B.1.1.480
B.1.1.481,Russian Lineage,B.1.1.481
B.1.1.482,USA Lineage,B.1.1.482
AV.1,"Alias of B.1.1.482.1, UK and France lineage with several VOC/VUI-like mutations, from #73",B.1.1.482.1
B.1.1.483,Belgian lineage,B.1.1.483
B.1.1.484,Nigerian Lineage,B.1.1.484
B.1.1.485,Ghanaian Lineage,B.1.1.485
B.1.1.486,USA Lineage,B.1.1.486
B.1.1.487,UK and Nigerian Lineage,B.1.1.487
B.1.1.500,UAE lineage,B.1.1.500
B.1.1.506,Mainly Russian,B.1.1.506
B.1.1.507,South African Lineage (was B.1.1.254),B.1.1.507
B.1.1.512,USA/Mexico,B.1.1.512
B.1.1.513,USA lineage (NY),B.1.1.513
B.1.1.514,USA lineage,B.1.1.514
B.1.1.515,German lineage,B.1.1.515
B.1.1.516,Costa Rica lineage,B.1.1.516
B.1.1.517,USA lineage,B.1.1.517
B.1.1.518,USA/ Mexico lineage,B.1.1.518
B.1.1.519,"USA/ Mexico lineage, from #111",B.1.1.519
B.1.1.521,European lineage,B.1.1.521
B.1.1.522,Belgium lineage,B.1.1.522
B.1.1.523,"Lineage in multiple countries, predominantly Russia, from #69",B.1.1.523
B.1.1.524,"Predominantly Russia lineage, from #85",B.1.1.524
B.1.1.525,"Predominantly Russia lineage, from #85",B.1.1.525
B.1.1.526,"India lineage, previously designated B.1.624, from #91",B.1.1.526
B.1.1.528,"South Africa lineage, from #177",B.1.1.528
B.1.1.529,"South Africa and Botswana lineage, from #343",B.1.1.529
BA.1,"Alias of B.1.1.529.1, from #361",B.1.1.529.1
BA.1.1,"Alias of B.1.1.529.1.1, from #360",B.1.1.529.1.1
BA.1.1.1,"Alias of B.1.1.529.1.1.1, European lineage",B.1.1.529.1.1.1
BC.1,"Alias of B.1.1.529.1.1.1.1, Japan lineage",B.1.1.529.1.1.1.1
BC.2,"Alias of B.1.1.529.1.1.1.2, Peru lineage, from #570",B.1.1.529.1.1.1.2
BA.1.1.2,"Alias of B.1.1.529.1.1.2, Japan lineage",B.1.1.529.1.1.2
BA.1.1.3,"Alias of B.1.1.529.1.1.3, Switzerland lineage",B.1.1.529.1.1.3
BA.1.1.4,"Alias of B.1.1.529.1.1.4, UK lineage",B.1.1.529.1.1.4
BA.1.1.5,"Alias of B.1.1.529.1.1.5, South Korea lineage",B.1.1.529.1.1.5
BA.1.1.6,"Alias of B.1.1.529.1.1.6, Canada lineage",B.1.1.529.1.1.6
BA.1.1.7,"Alias of B.1.1.529.1.1.7, lineage in India and other countries",B.1.1.529.1.1.7
BA.1.1.8,"Alias of B.1.1.529.1.1.8, USA lineage",B.1.1.529.1.1.8
BA.1.1.9,"Alias of B.1.1.529.1.1.9, New Zealand lineage",B.1.1.529.1.1.9
BA.1.1.10,"Alias of B.1.1.529.1.1.10, Canada lineage",B.1.1.529.1.1.10
BA.1.1.11,"Alias of B.1.1.529.1.1.11, European lineage",B.1.1.529.1.1.11
BA.1.1.12,"Alias of B.1.1.529.1.1.12, UK lineage",B.1.1.529.1.1.12
BA.1.1.13,"Alias of B.1.1.529.1.1.13, UK lineage",B.1.1.529.1.1.13
BA.1.1.14,"Alias of B.1.1.529.1.1.14, European lineage",B.1.1.529.1.1.14
BA.1.1.15,"Alias of B.1.1.529.1.1.15, Europe and Australia lineage",B.1.1.529.1.1.15
BA.1.1.16,"Alias of B.1.1.529.1.1.16, Canada and USA lineage",B.1.1.529.1.1.16
BA.1.1.17,"Alias of B.1.1.529.1.1.17, USA lineage, from #452",B.1.1.529.1.1.17
BA.1.1.18,"Alias of B.1.1.529.1.1.18, USA lineage",B.1.1.529.1.1.18
BA.1.2,"Alias of B.1.1.529.1.2, Mayotte and Reunion lineage",B.1.1.529.1.2
BA.1.3,"Alias of B.1.1.529.1.3, Canada lineage",B.1.1.529.1.3
BA.1.4,"Alias of B.1.1.529.1.4, France lineage",B.1.1.529.1.4
BA.1.5,"Alias of B.1.1.529.1.5, UK lineage",B.1.1.529.1.5
BA.1.6,"Alias of B.1.1.529.1.6, Canada and Sint Maarten lineage",B.1.1.529.1.6
BA.1.7,"Alias of B.1.1.529.1.7, UK lineage",B.1.1.529.1.7
BA.1.8,"Alias of B.1.1.529.1.8, European lineage",B.1.1.529.1.8
BA.1.9,"Alias of B.1.1.529.1.9, Brazil lineage",B.1.1.529.1.9
BA.1.10,"Alias of B.1.1.529.1.10, UK lineage",B.1.1.529.1.10
BA.1.12,"Alias of B.1.1.529.1.12, UK lineage",B.1.1.529.1.12
BA.1.13,"Alias of B.1.1.529.1.13, European lineage",B.1.1.529.1.13
BA.1.13.1,"Alias of B.1.1.529.1.13.1, Indonesia lineage",B.1.1.529.1.13.1
BA.1.14,"Alias of B.1.1.529.1.14, lineage in Brazil and other countries",B.1.1.529.1.14
BA.1.14.1,"Alias of B.1.1.529.1.14.1, Brazil lineage, from #506",B.1.1.529.1.14.1
BA.1.14.2,"Alias of B.1.1.529.1.14.2, Brazil lineage",B.1.1.529.1.14.2
BA.1.15,"Alias of B.1.1.529.1.15, lineage in USA and other countries",B.1.1.529.1.15
BA.1.15.1,"Alias of B.1.1.529.1.15.1, UK lineage",B.1.1.529.1.15.1
BA.1.15.2,"Alias of B.1.1.529.1.15.2, USA lineage, from #508",B.1.1.529.1.15.2
BA.1.15.3,"Alias of B.1.1.529.1.15.3, Peru lineage, from #573",B.1.1.529.1.15.3
BA.1.16,"Alias of B.1.1.529.1.16, UK lineage",B.1.1.529.1.16
BA.1.16.1,"Alias of B.1.1.529.1.16.1, Thailand, Cambodia and Indonesia lineage",B.1.1.529.1.16.1
BA.1.16.2,"Alias of B.1.1.529.1.16.2, Greece lineage",B.1.1.529.1.16.2
BA.1.17,"Alias of B.1.1.529.1.17, European lineage",B.1.1.529.1.17
BA.1.17.1,"Alias of B.1.1.529.1.17.1, Australia lineage",B.1.1.529.1.17.1
BA.1.17.2,"Alias of B.1.1.529.1.17.2, from #462",B.1.1.529.1.17.2
BD.1,"Alias of B.1.1.529.1.17.2.1, UK lineage, from #461",B.1.1.529.1.17.2.1
BA.1.18,"Alias of B.1.1.529.1.18, Europe and North America lineage, from #474",B.1.1.529.1.18
BA.1.19,"Alias of B.1.1.529.1.19, Europe lineage, from #475",B.1.1.529.1.19
BA.1.20,"Alias of B.1.1.529.1.20, USA lineage, from #375",B.1.1.529.1.20
BA.1.21,"Alias of B.1.1.529.1.21, lineage, from #505",B.1.1.529.1.21
BA.1.21.1,"Alias of B.1.1.529.1.21.1, Italy lineage, from #409",B.1.1.529.1.21.1
BA.1.22,"Alias of B.1.1.529.1.22, Peru lineage, from #529",B.1.1.529.1.22
BA.1.23,"Alias of B.1.1.529.1.23, mainly found in USA, from #663",B.1.1.529.1.23
BA.1.24,"Alias of B.1.1.529.1.24, found in Spain, from #666",B.1.1.529.1.24
BA.2,"Alias of B.1.1.529.2, from #361",B.1.1.529.2
BA.2.1,"Alias of B.1.1.529.2.1, UK lineage",B.1.1.529.2.1
BA.2.2,"Alias of B.1.1.529.2.2, Hong Kong lineage, from #430",B.1.1.529.2.2
BA.2.2.1,"Alias of B.1.1.529.2.2.1, China lineage, from #675",B.1.1.529.2.2.1
BA.2.3,"Alias of B.1.1.529.2.3, lineage in Philippines and other countries",B.1.1.529.2.3
BA.2.3.1,"Alias of B.1.1.529.2.3.1, Japan lineage, from #495",B.1.1.529.2.3.1
BA.2.3.2,"Alias of B.1.1.529.2.3.2, Vietnam and Japan lineage",B.1.1.529.2.3.2
BS.1,"Alias of B.1.1.529.2.3.2.1, Vietnam lineage, from #1052",B.1.1.529.2.3.2.1
BS.1.1,"Alias of B.1.1.529.2.3.2.1.1, Vietnam lineage, defined by S:K356T, from #1097",B.1.1.529.2.3.2.1.1
BS.1.2,"Alias of B.1.1.529.2.3.2.1.2, Vietnam lineage, defined by S:T430I",B.1.1.529.2.3.2.1.2
BA.2.3.4,"Alias of B.1.1.529.2.3.4, Canada lineage",B.1.1.529.2.3.4
BA.2.3.5,"Alias of B.1.1.529.2.3.5, mainly found in USA, England and Spain, from #627",B.1.1.529.2.3.5
BA.2.3.6,"Alias of B.1.1.529.2.3.6, mainly found in Canada and USA, from #633",B.1.1.529.2.3.6
BA.2.3.7,"Alias of B.1.1.529.2.3.7, mainly found in Japan, Hong Kong and Taiwan, from #643",B.1.1.529.2.3.7
BA.2.3.8,"Alias of B.1.1.529.2.3.8, South Korea lineage",B.1.1.529.2.3.8
BA.2.3.9,"Alias of B.1.1.529.2.3.9, lineage in Netherlands and other countries",B.1.1.529.2.3.9
BA.2.3.10,"Alias of B.1.1.529.2.3.10, Canada and USA lineage",B.1.1.529.2.3.10
BA.2.3.11,"Alias of B.1.1.529.2.3.11, Japan lineage, from #605",B.1.1.529.2.3.11
BA.2.3.12,"Alias of B.1.1.529.2.3.12, South Korea lineage",B.1.1.529.2.3.12
BA.2.3.13,"Alias of B.1.1.529.2.3.13, Japan lineage",B.1.1.529.2.3.13
BA.2.3.14,"Alias of B.1.1.529.2.3.14, South Korea lineage",B.1.1.529.2.3.14
BA.2.3.15,"Alias of B.1.1.529.2.3.15, Italy and Spain lineage",B.1.1.529.2.3.15
BA.2.3.16,"Alias of B.1.1.529.2.3.16, Papua New Guinea lineage, from #524",B.1.1.529.2.3.16
BP.1,"Alias of B.1.1.529.2.3.16.1, Oceania/South East Asia lineage, from #1009",B.1.1.529.2.3.16.1
BA.2.3.17,"Alias of B.1.1.529.2.3.17, Northern Mariana Islands and USA lineage, from #677",B.1.1.529.2.3.17
BA.2.3.18,"Alias of B.1.1.529.2.3.18, Japan lineage, from #687",B.1.1.529.2.3.18
BA.2.3.19,"Alias of B.1.1.529.2.3.19, found Brunei, from #824",B.1.1.529.2.3.19
BA.2.3.20,"Alias of B.1.1.529.2.3.20, found globally, unclear origin, from #1013",B.1.1.529.2.3.20
CM.1,"Alias of B.1.1.529.2.3.20.1, S:N17S, from #1129",B.1.1.529.2.3.20.1
CM.2,"Alias of B.1.1.529.2.3.20.2, international, ORF1a:S2103F",B.1.1.529.2.3.20.2
CM.2.1,"Alias of B.1.1.529.2.3.20.2.1, Indonesia/Australia, S:F486S, from #1356",B.1.1.529.2.3.20.2.1
CM.3,"Alias of B.1.1.529.2.3.20.3, USA/South Korea/Australia, S:G485D",B.1.1.529.2.3.20.3
CM.4,"Alias of B.1.1.529.2.3.20.4, USA/Singapore/SouthKorea, ORF1b:D146G",B.1.1.529.2.3.20.4
CM.4.1,"Alias of B.1.1.529.2.3.20.4.1, S:K478R, Philippines/Japan/USA",B.1.1.529.2.3.20.4.1
CM.5,"Alias of B.1.1.529.2.3.20.5, global, 10802T",B.1.1.529.2.3.20.5
CM.5.1,"Alias of B.1.1.529.2.3.20.5.1, S:Q675R",B.1.1.529.2.3.20.5.1
CM.5.2,"Alias of B.1.1.529.2.3.20.5.2, S:G485D, USA/Australia, from #1386",B.1.1.529.2.3.20.5.2
CM.6,"Alias of B.1.1.529.2.3.20.6, global, ORF1a:G30A",B.1.1.529.2.3.20.6
CM.6.1,"Alias of B.1.1.529.2.3.20.6.1, S:A348S, from #1165",B.1.1.529.2.3.20.6.1
CM.7,"Alias of B.1.1.529.2.3.20.7, Japan/Singapore, S:F486S",B.1.1.529.2.3.20.7
CM.7.1,"Alias of B.1.1.529.2.3.20.7.1, S:K147E, Europe, from sars-cov-2-variants/lineage-proposals#37",B.1.1.529.2.3.20.7.1
CM.7.1.1,"Alias of B.1.1.529.2.3.20.7.1, S:R403K, Europe, from sars-cov-2-variants/lineage-proposals#37",B.1.1.529.2.3.20.7.1.1
CM.8,"Alias of B.1.1.529.2.3.20.8, S:G446S",B.1.1.529.2.3.20.8
CM.8.1,"Alias of B.1.1.529.2.3.20.8.1, Australia/England, S:F486S",B.1.1.529.2.3.20.8.1
CM.8.1.1,"Alias of B.1.1.529.2.3.20.8.1.1, Singapore/Malaysia, S:K147N",B.1.1.529.2.3.20.8.1.1
FV.1,"Alias of B.1.1.529.2.3.20.8.1.1.1, S:R346T, M:E11Q, Singapore/SouthKorea/Japan/Philippines/HK",B.1.1.529.2.3.20.8.1.1.1
CM.8.1.2,"Alias of B.1.1.529.2.3.20.8.1.2, Germany/USA, S:K147I",B.1.1.529.2.3.20.8.1.2
CM.8.1.3,"Alias of B.1.1.529.2.3.20.8.1.3, USA, S:Y1272H",B.1.1.529.2.3.20.8.1.3
CM.8.1.4,"Alias of B.1.1.529.2.3.20.8.1.4, ORF1b:N1790D, Philippines, from #1554",B.1.1.529.2.3.20.8.1.4
CM.8.1.5,"Alias of B.1.1.529.2.3.20.8.1.5, S:K150E, S:Y248H, N:A155V, Philippines, from sars-cov-2-variants/lineage-proposals#293",B.1.1.529.2.3.20.8.1.5
CM.9,"Alias of B.1.1.529.2.3.20.9, USA/Canada/Israel, S:S256L",B.1.1.529.2.3.20.9
CM.10,"Alias of B.1.1.529.2.3.20.10, USA/South Korea/Singapore, S:K478T reversion, S:V445A",B.1.1.529.2.3.20.10
CM.11,"Alias of B.1.1.529.2.3.20.11, USA/South Korea, S:R346T, S:F486S, from #1509",B.1.1.529.2.3.20.11
CM.12,"Alias of B.1.1.529.2.3.20.12, Hong Kong, USA, Australia, Japan, ORF8:T12I, from #1481",B.1.1.529.2.3.20.12
BA.2.3.21,"Alias of B.1.1.529.2.3.21, Philippines, S:P9L and 493 reversion",B.1.1.529.2.3.21
DD.1,"Alias of B.1.1.529.2.3.21.1, Philippines/Australia, Δ69-70, Δ144, V213E, G339N, R346T, Y449N, N460K, N481K, Q493L, K1205N, from #1287",B.1.1.529.2.3.21.1
BA.2.3.22,"Alias of B.1.1.529.2.3.22, Philippines/Qatar/Germany, Δ69-70, W152L, N211-, L212I, S255F, R346T, K417T, F490A, A942S, from #1462",B.1.1.529.2.3.22
BA.2.4,"Alias of B.1.1.529.2.4, Singapore lineage",B.1.1.529.2.4
BA.2.5,"Alias of B.1.1.529.2.5, lineage in Portugal and other countries",B.1.1.529.2.5
BA.2.6,"Alias of B.1.1.529.2.6, lineage in France and other countries",B.1.1.529.2.6
BA.2.7,"Alias of B.1.1.529.2.7, USA lineage",B.1.1.529.2.7
BA.2.8,"Alias of B.1.1.529.2.8, UK lineage, from #486",B.1.1.529.2.8
BA.2.9,"Alias of B.1.1.529.2.9, European lineage, from #432",B.1.1.529.2.9
BA.2.9.1,"Alias of B.1.1.529.2.9.1, UK lineage, from #530",B.1.1.529.2.9.1
BA.2.9.2,"Alias of B.1.1.529.2.9.2, USA lineage",B.1.1.529.2.9.2
BA.2.9.3,"Alias of B.1.1.529.2.9.3, mainly found in France, England, and Germany, from #630",B.1.1.529.2.9.3
BA.2.9.4,"Alias of B.1.1.529.2.9.4, mainly found in France, from #635",B.1.1.529.2.9.4
BA.2.9.5,"Alias of B.1.1.529.2.9.5, Thailand lineage",B.1.1.529.2.9.5
BA.2.9.6,"Alias of B.1.1.529.2.9.6, mainly found in Spain, Denmark and Germany, from #671",B.1.1.529.2.9.6
BA.2.9.7,"Alias of B.1.1.529.2.9.7, found mainly in USA, from #864",B.1.1.529.2.9.7
BA.2.10,"Alias of B.1.1.529.2.10, lineage, from #496",B.1.1.529.2.10
BA.2.10.1,"Alias of B.1.1.529.2.10.1, lineage in Singapore and other countries",B.1.1.529.2.10.1
BJ.1,"Alias of B.1.1.529.2.10.1.1, mainly found in India (West Bengal), from #915",B.1.1.529.2.10.1.1
BA.2.10.2,"Alias of B.1.1.529.2.10.2, mainly found in Japan, from #569",B.1.1.529.2.10.2
BA.2.10.3,"Alias of B.1.1.529.2.10.3, mainly found in England, India and Bangladesh, from #609",B.1.1.529.2.10.3
BA.2.10.4,"Alias of B.1.1.529.2.10.4, mainly found in India, from #898",B.1.1.529.2.10.4
BA.2.11,"Alias of B.1.1.529.2.11, France lineage, from #491",B.1.1.529.2.11
BA.2.12,"Alias of B.1.1.529.2.12, North America and Europe lineage, from #499",B.1.1.529.2.12
BA.2.12.1,"Alias of B.1.1.529.2.12.1, USA and Canada lineage, from #499",B.1.1.529.2.12.1
BG.1,"Alias of B.1.1.529.2.12.1.1, Peru lineage, from #679",B.1.1.529.2.12.1.1
BG.2,"Alias of B.1.1.529.2.12.1.2, mainly found in USA, and Denmark, from #767",B.1.1.529.2.12.1.2
BG.3,"Alias of B.1.1.529.2.12.1.3, mainly found in Peru, from #784",B.1.1.529.2.12.1.3
BG.4,"Alias of B.1.1.529.2.12.1.4, Israel lineage",B.1.1.529.2.12.1.4
BG.5,"Alias of B.1.1.529.2.12.1.5, mainly found in USA, from #763",B.1.1.529.2.12.1.5
BG.6,"Alias of B.1.1.529.2.12.1.6, Peru lineage, from #836",B.1.1.529.2.12.1.6
BG.7,"Alias of B.1.1.529.2.12.1.7, found in Peru, from #1157",B.1.1.529.2.12.1.7
BA.2.12.2,"Alias of B.1.1.529.2.12.2, mainly found in Australia, from #686",B.1.1.529.2.12.2
BA.2.13,"Alias of B.1.1.529.2.13, Europe lineage, from #531",B.1.1.529.2.13
BA.2.13.1,"Alias of B.1.1.529.2.13.1, mainly found in USA, Canada and Colombia, from #785",B.1.1.529.2.13.1
BA.2.14,"Alias of B.1.1.529.2.14, Denmark lineage, from #512",B.1.1.529.2.14
BA.2.15,"Alias of B.1.1.529.2.15, South Africa lineage, from #533",B.1.1.529.2.15
BA.2.16,"Alias of B.1.1.529.2.16, UK lineage, from #534",B.1.1.529.2.16
BA.2.17,"Alias of B.1.1.529.2.17, Vietnam and Japan lineage, from #520",B.1.1.529.2.17
BA.2.18,"Alias of B.1.1.529.2.18, UK lineage, from #528",B.1.1.529.2.18
BA.2.19,"Alias of B.1.1.529.2.19, Germany lineage, from #535",B.1.1.529.2.19
BA.2.20,"Alias of B.1.1.529.2.20, Canada lineage, from #544",B.1.1.529.2.20
BA.2.21,"Alias of B.1.1.529.2.21, Canada and USA lineage, from #547",B.1.1.529.2.21
BA.2.22,"Alias of B.1.1.529.2.22, UK lineage, from #562",B.1.1.529.2.22
BA.2.23,"Alias of B.1.1.529.2.23, UK lineage, from #546",B.1.1.529.2.23
BA.2.23.1,"Alias of B.1.1.529.2.23.1, mainly found in England, USA and Denmark, from #532",B.1.1.529.2.23.1
BA.2.24,"Alias of B.1.1.529.2.24, Japan lineage, from #600",B.1.1.529.2.24
BA.2.25,"Alias of B.1.1.529.2.25, Sweden lineage",B.1.1.529.2.25
BA.2.25.1,"Alias of B.1.1.529.2.25.1, Slovakia lineage",B.1.1.529.2.25.1
BA.2.26,"Alias of B.1.1.529.2.26, USA lineage",B.1.1.529.2.26
BA.2.27,"Alias of B.1.1.529.2.27, Thailand lineage",B.1.1.529.2.27
BA.2.28,"Alias of B.1.1.529.2.28, Singapore lineage",B.1.1.529.2.28
BA.2.29,"Alias of B.1.1.529.2.29, Japan lineage",B.1.1.529.2.29
BA.2.30,"Alias of B.1.1.529.2.30, Curacao lineage",B.1.1.529.2.30
BA.2.31,"Alias of B.1.1.529.2.31, Israel lineage",B.1.1.529.2.31
BA.2.31.1,"Alias of B.1.1.529.2.31.1, mainly found in Uganda, defined by S:68T, from #819",B.1.1.529.2.31.1
BA.2.32,"Alias of B.1.1.529.2.32, Indonesia lineage",B.1.1.529.2.32
BA.2.33,"Alias of B.1.1.529.2.33, Australia lineage",B.1.1.529.2.33
BA.2.34,"Alias of B.1.1.529.2.34, Norway lineage",B.1.1.529.2.34
BA.2.35,"Alias of B.1.1.529.2.35, Predominantly Portugal lineage, from #554",B.1.1.529.2.35
BA.2.36,"Alias of B.1.1.529.2.36, mainly found in Germany, Belgium, England and Denmark, from #565",B.1.1.529.2.36
BA.2.37,"Alias of B.1.1.529.2.37, mainly found in England, Scotland, Wales, from #572",B.1.1.529.2.37
BA.2.38,"Alias of B.1.1.529.2.38, lineage in India and other countries, from #541",B.1.1.529.2.38
BA.2.38.1,"Alias of B.1.1.529.2.38.1, India lineage, from #809",B.1.1.529.2.38.1
BA.2.38.2,"Alias of B.1.1.529.2.38.2, mainly found in India, from #828",B.1.1.529.2.38.2
BA.2.38.3,"Alias of B.1.1.529.2.38.3, mainly found in India, from #840",B.1.1.529.2.38.3
BA.2.38.4,"Alias of B.1.1.529.2.38.4, mainly found in India, from #746",B.1.1.529.2.38.4
BH.1,"Alias of B.1.1.529.2.38.3.1, mainly found in India, from #913",B.1.1.529.2.38.3.1
BA.2.39,"Alias of B.1.1.529.2.39, mainly found in England, from #575",B.1.1.529.2.39
BA.2.40,"Alias of B.1.1.529.2.40, mainly found in Malaysia, England, Denmark and Germany, from #542",B.1.1.529.2.40
BA.2.40.1,"Alias of B.1.1.529.2.40.1, mainly found in Malaysia, England, Germany and Denmark, from #542",B.1.1.529.2.40.1
BA.2.41,"Alias of B.1.1.529.2.41, mainly found in England and Scotland, from #586",B.1.1.529.2.41
BA.2.42,"Alias of B.1.1.529.2.42, mainly found in Australia, from #610",B.1.1.529.2.42
BA.2.43,"Alias of B.1.1.529.2.43, mainly found in India, from #612",B.1.1.529.2.43
BA.2.44,"Alias of B.1.1.529.2.44, mainly found in Belgium and Luxembourg, from #613",B.1.1.529.2.44
BA.2.45,"Alias of B.1.1.529.2.45, mainly found in Sweden and Denmark, from #616",B.1.1.529.2.45
BA.2.46,"Alias of B.1.1.529.2.46, mainly found in Scotland, from #626",B.1.1.529.2.46
BA.2.47,"Alias of B.1.1.529.2.47, mainly found in Denmark, England, and USA, from #631",B.1.1.529.2.47
BA.2.48,"Alias of B.1.1.529.2.48, ORF1a:T1322I, S:Y248S, T4579A, mainly found in USA, Scotland and England, from #634",B.1.1.529.2.48
BA.2.49,"Alias of B.1.1.529.2.49, mainly found in France, England and USA, from #640",B.1.1.529.2.49
BA.2.50,"Alias of B.1.1.529.2.50, mainly found in Scotland and England, from #641",B.1.1.529.2.50
BA.2.51,"Alias of B.1.1.529.2.51, mainly found in Denmark, from #644",B.1.1.529.2.51
BA.2.52,"Alias of B.1.1.529.2.52, mainly found in Italy, Germany, Denmark and USA, from #648",B.1.1.529.2.52
BA.2.53,"Alias of B.1.1.529.2.53, mainly found in Denmark, from #651",B.1.1.529.2.53
BA.2.54,"Alias of B.1.1.529.2.54, mainly found in Germany, Spain and Denmark, from #658",B.1.1.529.2.54
BA.2.55,"Alias of B.1.1.529.2.55, mainly found in England, USA and Scotland, from #660",B.1.1.529.2.55
BA.2.56,"Alias of B.1.1.529.2.56, mainly found in Europe, from #668",B.1.1.529.2.56
BA.2.56.1,"Alias of B.1.1.529.2.56.1, mainly found in Japan, from #745",B.1.1.529.2.56.1
BA.2.57,"Alias of B.1.1.529.2.57, Malaysia, Singapore and Australia lineage",B.1.1.529.2.57
BA.2.58,"Alias of B.1.1.529.2.58, Reunion lineage",B.1.1.529.2.58
BA.2.59,"Alias of B.1.1.529.2.59, mainly found in USA, from #672",B.1.1.529.2.59
BA.2.60,"Alias of B.1.1.529.2.60, Peru and Chile lineage, from #683",B.1.1.529.2.60
BA.2.61,"Alias of B.1.1.529.2.61, Singapore lineage",B.1.1.529.2.61
BA.2.62,"Alias of B.1.1.529.2.62, Australia lineage",B.1.1.529.2.62
BA.2.63,"Alias of B.1.1.529.2.63, Greece lineage",B.1.1.529.2.63
BA.2.64,"Alias of B.1.1.529.2.64, Indonesia lineage",B.1.1.529.2.64
BA.2.65,"Alias of B.1.1.529.2.65, Canada and USA lineage",B.1.1.529.2.65
BA.2.66,"Alias of B.1.1.529.2.66, Canada lineage",B.1.1.529.2.66
BA.2.67,"Alias of B.1.1.529.2.67, Slovakia lineage",B.1.1.529.2.67
BA.2.68,"Alias of B.1.1.529.2.68, South Korea lineage",B.1.1.529.2.68
BA.2.69,"Alias of B.1.1.529.2.69, Martinique lineage",B.1.1.529.2.69
BA.2.70,"Alias of B.1.1.529.2.70, Croatia lineage",B.1.1.529.2.70
BA.2.71,"Alias of B.1.1.529.2.71, mainly found in Norway, Sweden and Denmark, from #695",B.1.1.529.2.71
BA.2.72,"Alias of B.1.1.529.2.72, mainly found in USA, Germany and Switzerland, from #698",B.1.1.529.2.72
BA.2.73,"Alias of B.1.1.529.2.73, Puerto Rico and USA lineage, from #632",B.1.1.529.2.73
BA.2.74,"Alias of B.1.1.529.2.74, mainly found in India, from #775",B.1.1.529.2.74
BA.2.75,"Alias of B.1.1.529.2.75, mainly found in India, from #773",B.1.1.529.2.75
BA.2.75.1,"Alias of B.1.1.529.2.75.1, mainly found in India, from #856",B.1.1.529.2.75.1
BL.1,"Alias of B.1.1.529.2.75.1.1, mainly found in India, S:R346T on polytomy, from #944",B.1.1.529.2.75.1.1
BL.1.1,"Alias of B.1.1.529.2.75.1.1.1, defined by S:G614S, from #1079",B.1.1.529.2.75.1.1.1
BL.1.2,"Alias of B.1.1.529.2.75.1.1.2, mainly Austria, defined by S:G261D, S:V308L, from #1066",B.1.1.529.2.75.1.1.2
BL.1.3,"Alias of B.1.1.529.2.75.1.1.3, Switzerland, Israel, Canada, defined by S:F490L, from #1124",B.1.1.529.2.75.1.1.3
BL.1.4,"Alias of B.1.1.529.2.75.1.1.4, India/England/New Zealand, defined by S:F490V",B.1.1.529.2.75.1.1.4
BL.1.5,"Alias of B.1.1.529.2.75.1.1.5, Japan, S:A475V",B.1.1.529.2.75.1.1.5
BL.2,"Alias of B.1.1.529.2.75.1.2, mainly found in India, defined by S:R346T on A26612T branch",B.1.1.529.2.75.1.2
BL.2.1,"Alias of B.1.1.529.2.75.1.2.1, Australia/Belgium, defined by S:K182E",B.1.1.529.2.75.1.2.1
BL.3,"Alias of B.1.1.529.2.75.1.3, mainly found in India, defined by ORF1a:P2685S on A26612T branch",B.1.1.529.2.75.1.3
BL.4,"Alias of B.1.1.529.2.75.1.4, mainly found in India, defined by ORF7a:P45L with 11224T and 22720G branch",B.1.1.529.2.75.1.4
BL.5,"Alias of B.1.1.529.2.75.1.5, mainly found in Denmark, from #1105",B.1.1.529.2.75.1.5
BL.6,"Alias of B.1.1.529.2.75.1.6, mainly South Korea, S:R346T, S:V445A, from #1531",B.1.1.529.2.75.1.6
BA.2.75.2,"Alias of B.1.1.529.2.75.2, mainly found in Asia and Australia, from #963",B.1.1.529.2.75.2
CA.1,"Alias of B.1.1.529.2.75.2.1, USA lineage, defined by S:604I and S:452R, from #1063",B.1.1.529.2.75.2.1
CA.2,"Alias of B.1.1.529.2.75.2.2, international lineage, defined by S:S494P",B.1.1.529.2.75.2.2
CA.3,"Alias of B.1.1.529.2.75.2.3, India, defined by N:M101I, from #1136",B.1.1.529.2.75.2.3
CA.3.1,"Alias of B.1.1.529.2.75.2.3.1, USA, S:K444M, S:L452R",B.1.1.529.2.75.2.3.1
CA.4,"Alias of B.1.1.529.2.75.2.4, New Zealand, S:F486L, from #1181",B.1.1.529.2.75.2.4
CA.5,"Alias of B.1.1.529.2.75.2.5, USA, S:A260D, S:Q613H",B.1.1.529.2.75.2.5
CA.6,"Alias of B.1.1.529.2.75.2.6, India, ORF1a:Y196H",B.1.1.529.2.75.2.6
CA.7,"Alias of B.1.1.529.2.75.2.7, S:L452R after ORF1a:L3776I",B.1.1.529.2.75.2.7
BA.2.75.3,"Alias of B.1.1.529.2.75.3, mainly found in India, from #965",B.1.1.529.2.75.3
BM.1,"Alias of B.1.1.529.2.75.3.1, mainly found in India, from #965",B.1.1.529.2.75.3.1
BM.1.1,"Alias of B.1.1.529.2.75.3.1.1, mainly found in India (West Bengal), defined by S:346T",B.1.1.529.2.75.3.1.1
BM.1.1.1,"Alias of B.1.1.529.2.75.3.1.1.1, mainly found in India (West Bengal), defined by S:490S, from #1043",B.1.1.529.2.75.3.1.1.1
CJ.1,"Alias of B.1.1.529.2.75.3.1.1.1.1, S:S486P, from #1171",B.1.1.529.2.75.3.1.1.1.1
CJ.1.1,"Alias of B.1.1.529.2.75.3.1.1.1.1.1, S:V445A, Singapore/Malaysia/Japan, from #1384",B.1.1.529.2.75.3.1.1.1.1.1
CJ.1.2,"Alias of B.1.1.529.2.75.3.1.1.1.1.2, ORF1a:L2609F, Sweden/France/England",B.1.1.529.2.75.3.1.1.1.1.2
CJ.1.3,"Alias of B.1.1.529.2.75.3.1.1.1.1.3, A261G reversion, G4960A, C14790T, South Korea",B.1.1.529.2.75.3.1.1.1.1.3
CJ.1.3.1,"Alias of B.1.1.529.2.75.3.1.1.1.1.3.1, S:R214S, ORF1a:G3578S, South Korea/Japan, from sars-cov-2-variants/lineage-proposals#287",B.1.1.529.2.75.3.1.1.1.1.3.1
CJ.1.3.2,"Alias of B.1.1.529.2.75.3.1.1.1.1.3.2, S:D936H, South Korea, from sars-cov-2-variants/lineage-proposals#287",B.1.1.529.2.75.3.1.1.1.1.3.2
BM.1.1.2,"Alias of B.1.1.529.2.75.3.1.1.2, England, S:T883I, S:S939F, S:P1079T",B.1.1.529.2.75.3.1.1.2
BM.1.1.3,"Alias of B.1.1.529.2.75.3.1.1.3, India, defined by ORF10:A8V",B.1.1.529.2.75.3.1.1.3
CV.1,"Alias of B.1.1.529.2.75.3.1.1.3.1, Ireland, S:L452R",B.1.1.529.2.75.3.1.1.3.1
CV.2,"Alias of B.1.1.529.2.75.3.1.1.3.2, Chile, S:486P, from #1374",B.1.1.529.2.75.3.1.1.3.2
BM.1.1.4,"Alias of B.1.1.529.2.75.3.1.1.4, S:K356T & S:T572I, from #1438",B.1.1.529.2.75.3.1.1.4
EP.1,"Alias of B.1.1.529.2.75.3.1.1.4.1, S:L452R, Bhutan, from #1676",B.1.1.529.2.75.3.1.1.4.1
EP.1.1,"Alias of B.1.1.529.2.75.3.1.1.4.1.1, ORF1a:P4120S, ORF8:Q18H, Bhutan",B.1.1.529.2.75.3.1.1.4.1.1
EP.1.1.1,"Alias of B.1.1.529.2.75.3.1.1.4.1.1.1, S:T22N, S:T76I, S:T1006A, Bhutan/Thailand/Singapore",B.1.1.529.2.75.3.1.1.4.1.1.1
EP.2,"Alias of B.1.1.529.2.75.3.1.1.4.2, S:S1147L, N:G212S, Belgium/Europe",B.1.1.529.2.75.3.1.1.4.2
BM.1.1.5,"Alias of B.1.1.529.2.75.3.1.1.5, England/Belgium/France, S:N185S & S:L452R",B.1.1.529.2.75.3.1.1.5
BM.2,"Alias of B.1.1.529.2.75.3.2, mainly found in India (Telangana), defined by S:346T",B.1.1.529.2.75.3.2
BM.2.1,"Alias of B.1.1.529.2.75.3.2.1, India, defined by S:F486V",B.1.1.529.2.75.3.2.1
BM.2.2,"Alias of B.1.1.529.2.75.3.2.2, Japan/Israel, defined by S:L455S",B.1.1.529.2.75.3.2.2
BM.2.3,"Alias of B.1.1.529.2.75.3.2.3, India/Singapore, defined by S:F486I",B.1.1.529.2.75.3.2.3
BM.3,"Alias of B.1.1.529.2.75.3.3, found in Nepal and globally, defined by ORF1b:P1652S",B.1.1.529.2.75.3.3
BM.4,"Alias of B.1.1.529.2.75.3.4, mainly found in India, defined by ORF1a:Q1198K, from #957",B.1.1.529.2.75.3.4
BM.4.1,"Alias of B.1.1.529.2.75.3.4.1, mainly found in India, defined by S:F486S, from #957",B.1.1.529.2.75.3.4.1
BM.4.1.1,"Alias of B.1.1.529.2.75.3.4.1.1, mainly found in India, defined by S:346T",B.1.1.529.2.75.3.4.1.1
CH.1,"Alias of B.1.1.529.2.75.3.4.1.1.1, defined by S:K444T, from #1113",B.1.1.529.2.75.3.4.1.1.1
CH.1.1,"Alias of B.1.1.529.2.75.3.4.1.1.1.1, defined by S:L452R, from #1113",B.1.1.529.2.75.3.4.1.1.1.1
CH.1.1.1,"Alias of B.1.1.529.2.75.3.4.1.1.1.1.1, defined by S:N185D",B.1.1.529.2.75.3.4.1.1.1.1.1
DV.1,"Alias of B.1.1.529.2.75.3.4.1.1.1.1.1.1, UK, defined by S:L176F",B.1.1.529.2.75.3.4.1.1.1.1.1.1
DV.1.1,"Alias of B.1.1.529.2.75.3.4.1.1.1.1.1.1.1, defined by S:Q613H and N:T265I, from #1720",B.1.1.529.2.75.3.4.1.1.1.1.1.1.1
DV.2,"Alias of B.1.1.529.2.75.3.4.1.1.1.1.1.2, UK, defined by S:I569V",B.1.1.529.2.75.3.4.1.1.1.1.1.2
DV.3,"Alias of B.1.1.529.2.75.3.4.1.1.1.1.1.3, UK, defined by ORF1a:E377K",B.1.1.529.2.75.3.4.1.1.1.1.1.3
DV.3.1,"Alias of B.1.1.529.2.75.3.4.1.1.1.1.1.3.1 found mainly in Portugal and UK, from #1626",B.1.1.529.2.75.3.4.1.1.1.1.1.3.1
DV.4,"Alias of B.1.1.529.2.75.3.4.1.1.1.1.1.4, Malaysia/Singapore, S:I714V, from #1617",B.1.1.529.2.75.3.4.1.1.1.1.1.4
DV.5,"Alias of B.1.1.529.2.75.3.4.1.1.1.1.1.5, England/Australia, ORF1a:R24C, S:613H, from #1753",B.1.1.529.2.75.3.4.1.1.1.1.1.5
DV.6,"Alias of B.1.1.529.2.75.3.4.1.1.1.1.1.6, T15591C",B.1.1.529.2.75.3.4.1.1.1.1.1.6
DV.6.1,"Alias of B.1.1.529.2.75.3.4.1.1.1.1.1.6.1, S:Q613H, T15591C, Central Europe",B.1.1.529.2.75.3.4.1.1.1.1.1.6.1
DV.6.2,"Alias of B.1.1.529.2.75.3.4.1.1.1.1.1.6.2, S:Q613H, C6628T, Asia, from #2045",B.1.1.529.2.75.3.4.1.1.1.1.1.6.2
DV.7,"Alias of B.1.1.529.2.75.3.4.1.1.1.1.1.7, S:L858I, ORF1a:A3548V, England, from #2038",B.1.1.529.2.75.3.4.1.1.1.1.1.7
DV.7.1,"Alias of B.1.1.529.2.75.3.4.1.1.1.1.1.7.1, S:L455F (G22927T), S:F456L (T22928C), Spain/Austria, from sars-cov-2-variants/lineage-proposals#135",B.1.1.529.2.75.3.4.1.1.1.1.1.7.1
DV.7.1.1,"Alias of B.1.1.529.2.75.3.4.1.1.1.1.1.7.1.1, S:K679R, on branch ORF1a:K3353R Spain, from sars-cov-2-variants/lineage-proposals#732",B.1.1.529.2.75.3.4.1.1.1.1.1.7.1.1
DV.7.1.2,"Alias of B.1.1.529.2.75.3.4.1.1.1.1.1.7.1.2, ORF1a:A4162V, Spain/England, from #2258",B.1.1.529.2.75.3.4.1.1.1.1.1.7.1.2
JV.1,"Alias of B.1.1.529.2.75.3.4.1.1.1.1.1.7.1.2.1, S:G485R, France, from sars-cov-2-variants/lineage-proposals#760",B.1.1.529.2.75.3.4.1.1.1.1.1.7.1.2.1
JV.2,"Alias of B.1.1.529.2.75.3.4.1.1.1.1.1.7.1.2.2, S:V772I, France/Spain",B.1.1.529.2.75.3.4.1.1.1.1.1.7.1.2.2
DV.7.1.3,"Alias of B.1.1.529.2.75.3.4.1.1.1.1.1.7.1.3, S:A262S, on branch ORF1a:K3353R, from sars-cov-2-variants/lineage-proposals#851",B.1.1.529.2.75.3.4.1.1.1.1.1.7.1.3
DV.7.1.4,"Alias of B.1.1.529.2.75.3.4.1.1.1.1.1.7.1.4, G28001T, on branch ORF1a:K3353R",B.1.1.529.2.75.3.4.1.1.1.1.1.7.1.4
DV.7.1.5,"Alias of B.1.1.529.2.75.3.4.1.1.1.1.1.7.1.5, N:T135A, Spain, from sars-cov-2-variants/lineage-proposals#729",B.1.1.529.2.75.3.4.1.1.1.1.1.7.1.5
KG.1,"Alias of B.1.1.529.2.75.3.4.1.1.1.1.1.7.1.5.1, S:M153I, from sars-cov-2-variants/lineage-proposals#951",B.1.1.529.2.75.3.4.1.1.1.1.1.7.1.5.1
KG.2,"Alias of B.1.1.529.2.75.3.4.1.1.1.1.1.7.1.5.2, S:H49Y, S:A264D, S:G485R, Spain/Canada",B.1.1.529.2.75.3.4.1.1.1.1.1.7.1.5.2
DV.7.1.6,"Alias of B.1.1.529.2.75.3.4.1.1.1.1.1.7.1.6, S:Q183K, N:A217S, from sars-cov-2-variants/lineage-proposals#765",B.1.1.529.2.75.3.4.1.1.1.1.1.7.1.6
DV.7.1.7,"Alias of B.1.1.529.2.75.3.4.1.1.1.1.1.7.1.7, S:V90I",B.1.1.529.2.75.3.4.1.1.1.1.1.7.1.7
DV.7.1.8,"Alias of B.1.1.529.2.75.3.4.1.1.1.1.1.7.1.8, S:T961M, Spain, from sars-cov-2-variants/lineage-proposals#860",B.1.1.529.2.75.3.4.1.1.1.1.1.7.1.8
DV.7.1.9,"Alias of B.1.1.529.2.75.3.4.1.1.1.1.1.7.1.9, S:R1185H, Australia",B.1.1.529.2.75.3.4.1.1.1.1.1.7.1.9
DV.7.2,"Alias of B.1.1.529.2.75.3.4.1.1.1.1.1.7.2, C703T, England",B.1.1.529.2.75.3.4.1.1.1.1.1.7.2
DV.8,"Alias of B.1.1.529.2.75.3.4.1.1.1.1.1.8, S:Q613H, C8299T, C19602T, Sweden",B.1.1.529.2.75.3.4.1.1.1.1.1.8
CH.1.1.2,"Alias of B.1.1.529.2.75.3.4.1.1.1.1.2, defined by S:T883I, ORF1a:Y1846C, ORF1a:G2294S on T27576C branch",B.1.1.529.2.75.3.4.1.1.1.1.2
CH.1.1.3,"Alias of B.1.1.529.2.75.3.4.1.1.1.1.3, S:S255P, New Zealand/Australia/Hong Kong, from #1405",B.1.1.529.2.75.3.4.1.1.1.1.3
GQ.1,"Alias of B.1.1.529.2.75.3.4.1.1.1.1.3.1, S:486P, ORF1a:H1545Q, ORF1b:V1520L, Australia/New Zealand, from #1872",B.1.1.529.2.75.3.4.1.1.1.1.3.1
GQ.1.1,"Alias of B.1.1.529.2.75.3.4.1.1.1.1.3.1.1, S:G213E, New Zealand, from sars-cov-2-variants/lineage-proposals#343",B.1.1.529.2.75.3.4.1.1.1.1.3.1.1
CH.1.1.4,"Alias of B.1.1.529.2.75.3.4.1.1.1.1.4, S:H681R, Austria, from #1370",B.1.1.529.2.75.3.4.1.1.1.1.4
CH.1.1.5,"Alias of B.1.1.529.2.75.3.4.1.1.1.1.5, ORF3a:P104S, found mainly in Denmark and UK, from #1539",B.1.1.529.2.75.3.4.1.1.1.1.5
CH.1.1.6,"Alias of B.1.1.529.2.75.3.4.1.1.1.1.6, UK, defined by S:T732I",B.1.1.529.2.75.3.4.1.1.1.1.6
CH.1.1.7,"Alias of B.1.1.529.2.75.3.4.1.1.1.1.7, New Zealand/Australia, defined by ORF1a:F143C",B.1.1.529.2.75.3.4.1.1.1.1.7
CH.1.1.8,"Alias of B.1.1.529.2.75.3.4.1.1.1.1.8, Ireland, defined by S:A846V",B.1.1.529.2.75.3.4.1.1.1.1.8
CH.1.1.9,"Alias of B.1.1.529.2.75.3.4.1.1.1.1.9, England, defined by S:I1232V",B.1.1.529.2.75.3.4.1.1.1.1.9
CH.1.1.10,"Alias of B.1.1.529.2.75.3.4.1.1.1.1.10, Ireland, ORF1a:G442S",B.1.1.529.2.75.3.4.1.1.1.1.10
CH.1.1.11,"Alias of B.1.1.529.2.75.3.4.1.1.1.1.11, ORF1a:A1176T",B.1.1.529.2.75.3.4.1.1.1.1.11
GP.1,"Alias of B.1.1.529.2.75.3.4.1.1.1.1.11.1, S:Q52H, ORF7a:T28I, Europe",B.1.1.529.2.75.3.4.1.1.1.1.11.1
GP.2,"Alias of B.1.1.529.2.75.3.4.1.1.1.1.11.2, ORF6:S41F, T13450C, Europe",B.1.1.529.2.75.3.4.1.1.1.1.11.2
GP.3,"Alias of B.1.1.529.2.75.3.4.1.1.1.1.11.3, T5218C, A16878G, A26519G, C29236T, Ireland",B.1.1.529.2.75.3.4.1.1.1.1.11.3
CH.1.1.12,"Alias of B.1.1.529.2.75.3.4.1.1.1.1.12, S:L858I on ORF1a:A486V branch, Denmark",B.1.1.529.2.75.3.4.1.1.1.1.12
FS.1,"Alias of B.1.1.529.2.75.3.4.1.1.1.1.12.1, found mainly in Denmark, from #1816",B.1.1.529.2.75.3.4.1.1.1.1.12.1
CH.1.1.13,"Alias of B.1.1.529.2.75.3.4.1.1.1.1.13, ORF3a:S171L",B.1.1.529.2.75.3.4.1.1.1.1.13
CH.1.1.14,"Alias of B.1.1.529.2.75.3.4.1.1.1.1.14, N:T362I",B.1.1.529.2.75.3.4.1.1.1.1.14
CH.1.1.15,"Alias of B.1.1.529.2.75.3.4.1.1.1.1.15, found mainly in Lithuania, Germany and UK, from #1726",B.1.1.529.2.75.3.4.1.1.1.1.15
CH.1.1.16,"Alias of B.1.1.529.2.75.3.4.1.1.1.1.16, S:613H, ORF3a:S26L, on C193T branch, Germany/Sweden, from #1753",B.1.1.529.2.75.3.4.1.1.1.1.16
CH.1.1.17,"Alias of B.1.1.529.2.75.3.4.1.1.1.1.17, M:S212G, on C21811T branch, from #1753",B.1.1.529.2.75.3.4.1.1.1.1.17
FK.1,"Alias of B.1.1.529.2.75.3.4.1.1.1.1.17.1, found mainly in New Zealand and Australia, from #1718",B.1.1.529.2.75.3.4.1.1.1.1.17.1
FK.1.1,"Alias of B.1.1.529.2.75.3.4.1.1.1.1.17.1.1, ORF1a:A1060T, on C27804T>ORF1b:L2580I>N:G34E branch, New Zealand, from #1881",B.1.1.529.2.75.3.4.1.1.1.1.17.1.1
FK.1.1.1,"Alias of B.1.1.529.2.75.3.4.1.1.1.1.17.1.1.1, S:V445A, Australia, from sars-cov-2-variants/lineage-proposals#368",B.1.1.529.2.75.3.4.1.1.1.1.17.1.1.1
FK.1.1.2,"Alias of B.1.1.529.2.75.3.4.1.1.1.1.17.1.1.2, C9223T, T23071G",B.1.1.529.2.75.3.4.1.1.1.1.17.1.1.2
FK.1.2,"Alias of B.1.1.529.2.75.3.4.1.1.1.1.17.1.2, ORF1a:L384F, ORF1a:R550H",B.1.1.529.2.75.3.4.1.1.1.1.17.1.2
FK.1.2.1,"Alias of B.1.1.529.2.75.3.4.1.1.1.1.17.1.2.1, ORF1a:T891I, Germany/Denmark/Finland/Austria",B.1.1.529.2.75.3.4.1.1.1.1.17.1.2.1
FK.1.2.2,"Alias of B.1.1.529.2.75.3.4.1.1.1.1.17.1.2.2, ORF1a:D139N, ORF1a:R226K, ORF1a:Q556K, ORF3a:T64N, T11737C, Australia/NZ",B.1.1.529.2.75.3.4.1.1.1.1.17.1.2.2
FK.1.3,"Alias of B.1.1.529.2.75.3.4.1.1.1.1.17.1.3, ORF1b:M1839I, on C27804T>ORF1b:L2580I>N:G34E branch, Australia",B.1.1.529.2.75.3.4.1.1.1.1.17.1.3
FK.1.3.1,"Alias of B.1.1.529.2.75.3.4.1.1.1.1.17.1.3.1, S:E583D, Australia",B.1.1.529.2.75.3.4.1.1.1.1.17.1.3.1
FK.1.3.2,"Alias of B.1.1.529.2.75.3.4.1.1.1.1.17.1.3.2, C9391T, T13596C, Australia/Japan",B.1.1.529.2.75.3.4.1.1.1.1.17.1.3.2
JL.1,"Alias of B.1.1.529.2.75.3.4.1.1.1.1.17.1.3.2.1, S:E1111Q, Japan, from #2168",B.1.1.529.2.75.3.4.1.1.1.1.17.1.3.2.1
FK.1.4,"Alias of B.1.1.529.2.75.3.4.1.1.1.1.17.1.4, S:S704L, on C27804>ORF7a:Y40H branch, Australia",B.1.1.529.2.75.3.4.1.1.1.1.17.1.4
FK.1.4.1,"Alias of B.1.1.529.2.75.3.4.1.1.1.1.17.1.4.1, S:G181A, Australia/Puerto Rico, from sars-cov-2-variants/lineage-proposals#88",B.1.1.529.2.75.3.4.1.1.1.1.17.1.4.1
FK.1.5,"Alias of B.1.1.529.2.75.3.4.1.1.1.1.17.1.5, G5155A, C12439T, Australia/New Zealand",B.1.1.529.2.75.3.4.1.1.1.1.17.1.5
CH.1.1.18,"Alias of B.1.1.529.2.75.3.4.1.1.1.1.18, S:K187T, from #1747",B.1.1.529.2.75.3.4.1.1.1.1.18
CH.1.1.19,"Alias of B.1.1.529.2.75.3.4.1.1.1.1.19, C2773T, Europe",B.1.1.529.2.75.3.4.1.1.1.1.19
FJ.1,"Alias of B.1.1.529.2.75.3.4.1.1.1.1.19.1, ORF1a:A1204V, England",B.1.1.529.2.75.3.4.1.1.1.1.19.1
CH.1.1.20,"Alias of B.1.1.529.2.75.3.4.1.1.1.1.20, England, T299I, R403K, D1165G, from #1736",B.1.1.529.2.75.3.4.1.1.1.1.20
CH.1.1.21,"Alias of B.1.1.529.2.75.3.4.1.1.1.1.21, England, S:N481Y, from #1799",B.1.1.529.2.75.3.4.1.1.1.1.21
CH.1.1.22,"Alias of B.1.1.529.2.75.3.4.1.1.1.1.22, found mainly in Denmark, from #1670",B.1.1.529.2.75.3.4.1.1.1.1.22
CH.1.1.23,"Alias of B.1.1.529.2.75.3.4.1.1.1.1.23, found mainly in UK, from #1862",B.1.1.529.2.75.3.4.1.1.1.1.23
CH.1.1.24,"Alias of B.1.1.529.2.75.3.4.1.1.1.1.24, T931C, T6676C",B.1.1.529.2.75.3.4.1.1.1.1.24
CH.1.1.25,"Alias of B.1.1.529.2.75.3.4.1.1.1.1.25, ORF1a:S330L, ORF1a:P4197S, US",B.1.1.529.2.75.3.4.1.1.1.1.25
CH.1.1.26,"Alias of B.1.1.529.2.75.3.4.1.1.1.1.26, C29296T, Japan",B.1.1.529.2.75.3.4.1.1.1.1.26
CH.1.1.27,"Alias of B.1.1.529.2.75.3.4.1.1.1.1.27, ORF1a:S538L, New Zealand",B.1.1.529.2.75.3.4.1.1.1.1.27
CH.1.1.28,"Alias of B.1.1.529.2.75.3.4.1.1.1.1.28, ORF1b:V1092F, Europe",B.1.1.529.2.75.3.4.1.1.1.1.28
CH.1.1.29,"Alias of B.1.1.529.2.75.3.4.1.1.1.1.29, S:613H, ORF1a:P371S, Europe/Canada",B.1.1.529.2.75.3.4.1.1.1.1.29
CH.1.1.30,"Alias of B.1.1.529.2.75.3.4.1.1.1.1.30, ORF1a:Y2968H, C17913T, Germany/Netherlands/Austria",B.1.1.529.2.75.3.4.1.1.1.1.30
CH.1.1.31,"Alias of B.1.1.529.2.75.3.4.1.1.1.1.31, ORF1a:N593S, ORF1a:P1497S, ORF1a:T2791I, ORF1b:D1024N, South Africa",B.1.1.529.2.75.3.4.1.1.1.1.31
JP.1,"Alias of B.1.1.529.2.75.3.4.1.1.1.1.31.1, S:R403K, S:V36I, S:G181E, South Africa, from sars-cov-2-variants/lineage-proposals#655",B.1.1.529.2.75.3.4.1.1.1.1.31.1
JP.1.1,"Alias of B.1.1.529.2.75.3.4.1.1.1.1.31.1.1, S:G1219V, ORF1a:T1542I, South Africa",B.1.1.529.2.75.3.4.1.1.1.1.31.1.1
CH.1.1.32,"Alias of B.1.1.529.2.75.3.4.1.1.1.1.32, S:L858I, N:P80Q, ORF1a:E974A, from #2150",B.1.1.529.2.75.3.4.1.1.1.1.32
CH.2,"Alias of B.1.1.529.2.75.3.4.1.1.2, defined by S:Q183H",B.1.1.529.2.75.3.4.1.1.2
CH.3,"Alias of B.1.1.529.2.75.3.4.1.1.3, defined by S:486P on ORF1b:Q2425R branch, from #1375",B.1.1.529.2.75.3.4.1.1.3
CH.3.1,"Alias of B.1.1.529.2.75.3.4.1.1.3.1, S:S494P, Australia/Indonesia, from #1421",B.1.1.529.2.75.3.4.1.1.3.1
BM.5,"Alias of B.1.1.529.2.75.3.5, mainly found in India, defined by S:L455S, from #1047",B.1.1.529.2.75.3.5
BM.6,"Alias of B.1.1.529.2.75.3.6, India, defined by S:G75V followed by S:L455S",B.1.1.529.2.75.3.6
BA.2.75.4,"Alias of B.1.1.529.2.75.4, mainly found in India, from #935",B.1.1.529.2.75.4
BR.1,"Alias of B.1.1.529.2.75.4.1, mainly found in India (Karnataka), defined by S:K444M",B.1.1.529.2.75.4.1
BR.1.1,"Alias of B.1.1.529.2.75.4.1.1, Austria/Australia, S:T307S",B.1.1.529.2.75.4.1.1
BR.1.2,"Alias of B.1.1.529.2.75.4.1.2, Italy/USA, S:F486S",B.1.1.529.2.75.4.1.2
BR.2,"Alias of B.1.1.529.2.75.4.2, found in Australia, defined by S:R346T and S:486I, from #1063",B.1.1.529.2.75.4.2
BR.2.1,"Alias of B.1.1.529.2.75.4.2.1, found mainly in Australia, from #1292",B.1.1.529.2.75.4.2.1
BR.3,"Alias of B.1.1.529.2.75.4.3, India, Australia, Austria, defined by S:R346T, from #1063",B.1.1.529.2.75.4.3
BR.4,"Alias of B.1.1.529.2.75.4.4, S:K444T and S:G446S reversion, from #1179",B.1.1.529.2.75.4.4
BR.5,"Alias of B.1.1.529.2.75.4.5 found mainly in SouthKorea and usa, from #1345",B.1.1.529.2.75.4.5
BR.5.1,"Alias of B.1.1.529.2.75.4.5.1 ORF1a:K2029N, ORF1b:T1522I, A20289G, South Korea",B.1.1.529.2.75.4.5.1
BA.2.75.5,"Alias of B.1.1.529.2.75.5, mainly found in India, from #947",B.1.1.529.2.75.5
BN.1,"Alias of B.1.1.529.2.75.5.1, mainly found in India, from #994",B.1.1.529.2.75.5.1
BN.1.1,"Alias of B.1.1.529.2.75.5.1.1, India/Austria, S:S494P, from #1176",B.1.1.529.2.75.5.1.1
BN.1.1.1,"Alias of B.1.1.529.2.75.5.1.1.1, Austria, S:N185D",B.1.1.529.2.75.5.1.1.1
BN.1.2,"Alias of B.1.1.529.2.75.5.1.2, Singapore/England, E:D72G",B.1.1.529.2.75.5.1.2
BN.1.2.1,"Alias of B.1.1.529.2.75.5.1.2.1, England/Portugal, S:T470N, from #1238",B.1.1.529.2.75.5.1.2.1
BN.1.2.2,"Alias of B.1.1.529.2.75.5.1.2.2, C29546T",B.1.1.529.2.75.5.1.2.2
BN.1.2.3,"Alias of B.1.1.529.2.75.5.1.2.3, C1471T",B.1.1.529.2.75.5.1.2.3
FR.1,"Alias of B.1.1.529.2.75.5.1.2.3.1, S:K187E, N:T366I, Japan/Taiwan/USA, from #1814",B.1.1.529.2.75.5.1.2.3.1
FR.1.1,"Alias of B.1.1.529.2.75.5.1.2.3.1.1, S:P82H, ORF1a:L293F, China, from #2006",B.1.1.529.2.75.5.1.2.3.1.1
FR.1.2,"Alias of B.1.1.529.2.75.5.1.2.3.1.2, S:R190M, China, from #2028",B.1.1.529.2.75.5.1.2.3.1.2
FR.1.3,"Alias of B.1.1.529.2.75.5.1.2.3.1.3, ORF1a:A206V, ORF1b:A517V, N:G34E, China, from #2039",B.1.1.529.2.75.5.1.2.3.1.3
FR.1.4,"Alias of B.1.1.529.2.75.5.1.2.3.1.4, A3715G, C15960T, on shared T2372C, C7318T, ORF1a:L293F branch with FR.1.1, China, from sars-cov-2-variants/lineage-proposals#256",B.1.1.529.2.75.5.1.2.3.1.4
FR.1.5,"Alias of B.1.1.529.2.75.5.1.2.3.1.5, ORF1a:V116M, ORF1a:S2242F, ORF1a:M4071T, Japan",B.1.1.529.2.75.5.1.2.3.1.5
FR.2,"Alias of B.1.1.529.2.75.5.1.2.3.2, ORF1a:Y1920H, ORF1b:I1799S, South Korea",B.1.1.529.2.75.5.1.2.3.2
BN.1.2.4,"Alias of B.1.1.529.2.75.5.1.2.4, ORF1b:D1746H",B.1.1.529.2.75.5.1.2.4
BN.1.2.5,"Alias of B.1.1.529.2.75.5.1.2.5, C3241T, C16833T, G22225A, South Korea",B.1.1.529.2.75.5.1.2.5
BN.1.2.6,"Alias of B.1.1.529.2.75.5.1.2.6, ORF1b:A1326S, South Korea",B.1.1.529.2.75.5.1.2.6
BN.1.2.7,"Alias of B.1.1.529.2.75.5.1.2.7, N:N8S, C16332T, Taiwan, from #1923",B.1.1.529.2.75.5.1.2.7
BN.1.2.8,"Alias of B.1.1.529.2.75.5.1.2.8, S:N703K, Russia",B.1.1.529.2.75.5.1.2.8
BN.1.3,"Alias of B.1.1.529.2.75.5.1.3, India, ORF3a:T229I",B.1.1.529.2.75.5.1.3
BN.1.3.1,"Alias of B.1.1.529.2.75.5.1.3.1, found mainly in Israel, England and Denmark, from #1257",B.1.1.529.2.75.5.1.3.1
DS.1,"Alias of B.1.1.529.2.75.5.1.3.1.1, USA/Ireland/Austria, S:F486S, S:R403K",B.1.1.529.2.75.5.1.3.1.1
DS.2,"Alias of B.1.1.529.2.75.5.1.3.1.2, Germany, S:T572I",B.1.1.529.2.75.5.1.3.1.2
DS.3,"Alias of B.1.1.529.2.75.5.1.3.1.3, Denmark, ORF3a:G254V",B.1.1.529.2.75.5.1.3.1.3
BN.1.3.2,"Alias of B.1.1.529.2.75.5.1.3.2, S:V445A found mainly in Japan, from #1397",B.1.1.529.2.75.5.1.3.2
BN.1.3.3,"Alias of B.1.1.529.2.75.5.1.3.3, S:E147Q, mainly Europe",B.1.1.529.2.75.5.1.3.3
BN.1.3.4,"Alias of B.1.1.529.2.75.5.1.3.4, S:V445A, Japan/England/NZ/Russia",B.1.1.529.2.75.5.1.3.4
BN.1.3.5,"Alias of B.1.1.529.2.75.5.1.3.5 ORF7b:C41W, found mainly in SouthKorea, Japan and USA, from #1516",B.1.1.529.2.75.5.1.3.5
BN.1.3.6,Alias of B.1.1.529.2.75.5.1.3.6 M:R174Q,B.1.1.529.2.75.5.1.3.6
BN.1.3.7,Alias of B.1.1.529.2.75.5.1.3.7 ORF1a:T1429I,B.1.1.529.2.75.5.1.3.7
BN.1.3.8,Alias of B.1.1.529.2.75.5.1.3.8 S:D1139H,B.1.1.529.2.75.5.1.3.8
EJ.1,"Alias of B.1.1.529.2.75.5.1.3.8.1, S:I1225V",B.1.1.529.2.75.5.1.3.8.1
EJ.2,"Alias of B.1.1.529.2.75.5.1.3.8.2, ORF1a:T4355I",B.1.1.529.2.75.5.1.3.8.2
EJ.3,"Alias of B.1.1.529.2.75.5.1.3.8.3, C2509T, C3241T, C17004T, South Korea",B.1.1.529.2.75.5.1.3.8.3
BN.1.3.9,"Alias of B.1.1.529.2.75.5.1.3.9 S:V83F, from #1748",B.1.1.529.2.75.5.1.3.9
BN.1.3.10,"Alias of B.1.1.529.2.75.5.1.3.10 ORF1a:Q1918R, C13608T, Asia/Oceania",B.1.1.529.2.75.5.1.3.10
BN.1.3.11,"Alias of B.1.1.529.2.75.5.1.3.11 ORF1a:T568I, ORF1a:V1211F, South Korea",B.1.1.529.2.75.5.1.3.11
BN.1.3.12,"Alias of B.1.1.529.2.75.5.1.3.12 C14358T, T22672C, South Korea/Thailand/Germany",B.1.1.529.2.75.5.1.3.12
BN.1.3.13,"Alias of B.1.1.529.2.75.5.1.3.13 S:V445A, C3817T, C17818T, Taiwan/Japan/South Korea, from sars-cov-2-variants/lineage-proposals#218",B.1.1.529.2.75.5.1.3.13
BN.1.4,"Alias of B.1.1.529.2.75.5.1.4, India, 27501C",B.1.1.529.2.75.5.1.4
BN.1.4.1,"Alias of B.1.1.529.2.75.5.1.4.1, S:G261V & S:T678I, from #1417",B.1.1.529.2.75.5.1.4.1
BN.1.4.2,"Alias of B.1.1.529.2.75.5.1.4.2, S:Q1113K",B.1.1.529.2.75.5.1.4.2
BN.1.4.3,"Alias of B.1.1.529.2.75.5.1.4.3, ORF1a:P1096T",B.1.1.529.2.75.5.1.4.3
BN.1.4.4,"Alias of B.1.1.529.2.75.5.1.4.4, ORF1b:V1149L, ORF1b:V1723M",B.1.1.529.2.75.5.1.4.4
BN.1.4.5,"Alias of B.1.1.529.2.75.5.1.4.5, ORF1a:T3287I",B.1.1.529.2.75.5.1.4.5
BN.1.5,"Alias of B.1.1.529.2.75.5.1.5, ORF1a:S2103F",B.1.1.529.2.75.5.1.5
BN.1.5.1,"Alias of B.1.1.529.2.75.5.1.5.1, New Zealand, S:S514T",B.1.1.529.2.75.5.1.5.1
BN.1.5.2,"Alias of B.1.1.529.2.75.5.1.5.2, S:N481K",B.1.1.529.2.75.5.1.5.2
BN.1.6,"Alias of B.1.1.529.2.75.5.1.6, S:D1139H",B.1.1.529.2.75.5.1.6
BN.1.7,"Alias of B.1.1.529.2.75.5.1.7, England, S:M177T, S:H1101Y, from #1310",B.1.1.529.2.75.5.1.7
BN.1.8,"Alias of B.1.1.529.2.75.5.1.8, Iceland/USA, S:A475V",B.1.1.529.2.75.5.1.8
BN.1.9,"Alias of B.1.1.529.2.75.5.1.9, found mainly in Indonesia, from #1327",B.1.1.529.2.75.5.1.9
BN.1.10,"Alias of B.1.1.529.2.75.5.1.10, defined by S:Y145H",B.1.1.529.2.75.5.1.10
BN.1.11,"Alias of B.1.1.529.2.75.5.1.11, South Korea, defined by S:L176F, S:D936H",B.1.1.529.2.75.5.1.11
BN.2,"Alias of B.1.1.529.2.75.5.2, mainly found in India, from #1021",B.1.1.529.2.75.5.2
BN.2.1,"Alias of B.1.1.529.2.75.5.2.1, mainly USA and Canada lineage, defined by S:H49Y and S:F490S",B.1.1.529.2.75.5.2.1
BN.3,"Alias of B.1.1.529.2.75.5.3, defined by S:N450D on ORF1a:392D branch",B.1.1.529.2.75.5.3
BN.3.1,"Alias of B.1.1.529.2.75.5.3.1, South Korea/Austria/Israel/Belgium, defined by S:F490S",B.1.1.529.2.75.5.3.1
BN.4,"Alias of B.1.1.529.2.75.5.4, Netherlands/Germany, defined by S:F490S on ORF1a:392D branch",B.1.1.529.2.75.5.4
BN.5,"Alias of B.1.1.529.2.75.5.5, India, defined by ORF1a:V2995M",B.1.1.529.2.75.5.5
BN.6,"Alias of B.1.1.529.2.75.5.6, India, defined by ORF1a:T3959A",B.1.1.529.2.75.5.6
BA.2.75.6,"Alias of B.1.1.529.2.75.6, mainly found in India, defined by S:R346T on the BA.2.75 polytomy",B.1.1.529.2.75.6
BY.1,"Alias of B.1.1.529.2.75.6.1, mainly found in India, defined by S:F486S on BA.2.75.6",B.1.1.529.2.75.6.1
BY.1.1,"Alias of B.1.1.529.2.75.6.1.1, S:L452R",B.1.1.529.2.75.6.1.1
BY.1.1.1,"Alias of B.1.1.529.2.75.6.1.1.1, Europe, S:N185D, S:H207R,",B.1.1.529.2.75.6.1.1.1
BY.1.2,"Alias of B.1.1.529.2.75.6.1.2, Europe, 26828T",B.1.1.529.2.75.6.1.2
BY.1.2.1,"Alias of B.1.1.529.2.75.6.1.2.1, Austria/England, S:S494P, from #1184",B.1.1.529.2.75.6.1.2.1
BA.2.75.7,"Alias of B.1.1.529.2.75.7, mainly found in India, defined by S:F486S on the BA.2.75 polytomy",B.1.1.529.2.75.7
BA.2.75.8,"Alias of B.1.1.529.2.75.8, Singapore/Australia, defined by S:L452Q, from #1085",B.1.1.529.2.75.8
BA.2.75.9,"Alias of B.1.1.529.2.75.9, India, defined by S:R346T after 17679T, from #1098",B.1.1.529.2.75.9
CB.1,"Alias of B.1.1.529.2.75.9.1, England, defined by S:486V, from #1098",B.1.1.529.2.75.9.1
BA.2.75.10,"Alias of B.1.1.529.2.75.10, India, ORF1a:T3959A",B.1.1.529.2.75.10
BA.2.76,"Alias of B.1.1.529.2.76, mainly found in India and USA, from #787",B.1.1.529.2.76
BA.2.76.1,"Alias of B.1.1.529.2.76.1, mainly found in India, from #899",B.1.1.529.2.76.1
BA.2.76.2,"Alias of B.1.1.529.2.76.2, found in Japan, from #939",B.1.1.529.2.76.2
BA.2.77,"Alias of B.1.1.529.2.77, mainly found in Ireland, England and USA, from #732",B.1.1.529.2.77
BA.2.78,"Alias of B.1.1.529.2.78, mainly found in India, from #814",B.1.1.529.2.78
BA.2.79,"Alias of B.1.1.529.2.79, Kuwait and Israel lineage, from #812",B.1.1.529.2.79
BA.2.79.1,"Alias of B.1.1.529.2.79.1, India lineage, from #814",B.1.1.529.2.79.1
BA.2.80,"Alias of B.1.1.529.2.80, found in Denmark, from #733",B.1.1.529.2.80
BA.2.81,"Alias of B.1.1.529.2.81, Brazil lineage",B.1.1.529.2.81
BA.2.82,"Alias of B.1.1.529.2.82, mainly found in Australia, Israel and Japan, from #874",B.1.1.529.2.82
BA.2.83,"Alias of B.1.1.529.2.83, mainly found in India, from #1053",B.1.1.529.2.83
BA.2.85,"Alias of B.1.1.529.2.85, mainly found in Japan, from #983",B.1.1.529.2.85
BA.2.86,"Alias of B.1.1.529.2.86, from #2183",B.1.1.529.2.86
BA.2.86.1,"Alias of B.1.1.529.2.86.1, ORF1a:K1973R, mostly with C12815T, mainly Europe, from #2236",B.1.1.529.2.86.1
JN.1,"Alias of B.1.1.529.2.86.1.1, S:L455S, ORF1a:R3821K, ORF7b:F19L, Europe",B.1.1.529.2.86.1.1
JN.1.1,"Alias of B.1.1.529.2.86.1.1.1, ORF1a:F499L, C11747T, France, from sars-cov-2-variants/lineage-proposals#987",B.1.1.529.2.86.1.1.1
JN.1.1.1,"Alias of B.1.1.529.2.86.1.1.1.1, S:T572I on C9142T branch, France/Sweden/Poland, from sars-cov-2-variants/lineage-proposals#1097",B.1.1.529.2.86.1.1.1.1
JN.1.1.2,"Alias of B.1.1.529.2.86.1.1.1.2, S:G181E, France, from sars-cov-2-variants/lineage-proposals#1147",B.1.1.529.2.86.1.1.1.2
JN.1.1.3,"Alias of B.1.1.529.2.86.1.1.1.3, S:R346T, from sars-cov-2-variants/lineage-proposals#1089",B.1.1.529.2.86.1.1.1.3
LT.1,"Alias of B.1.1.529.2.86.1.1.1.3.1, S:F456V, L176F, USA/Canada",B.1.1.529.2.86.1.1.1.3.1
JN.1.1.4,"Alias of B.1.1.529.2.86.1.1.1.4, S:V1264L(G25352T) on C9142T branch, from #2476",B.1.1.529.2.86.1.1.1.4
JN.1.1.5,"Alias of B.1.1.529.2.86.1.1.1.5, S:R346T on C9142T branch, from #2492",B.1.1.529.2.86.1.1.1.5
KR.1,"Alias of B.1.1.529.2.86.1.1.1.5.1, S:F456L (22928C), after C28498T, from sars-cov-2-variants/lineage-proposals#1253",B.1.1.529.2.86.1.1.1.5.1
KR.1.1,"Alias of B.1.1.529.2.86.1.1.1.5.1.1, S:F59L, from sars-cov-2-variants/lineage-proposals#1545",B.1.1.529.2.86.1.1.1.5.1.1
KR.1.2,"Alias of B.1.1.529.2.86.1.1.1.5.1.2, S:R683Q",B.1.1.529.2.86.1.1.1.5.1.2
KR.1.3,"Alias of B.1.1.529.2.86.1.1.1.5.1.3, S:K304Q, S:S60P, Philippines, from sars-cov-2-variants/lineage-proposals#1676",B.1.1.529.2.86.1.1.1.5.1.3
KR.1.4,"Alias of B.1.1.529.2.86.1.1.1.5.1.4, S:F59S, from sars-cov-2-variants/lineage-proposals#1670",B.1.1.529.2.86.1.1.1.5.1.4
KR.3,"Alias of B.1.1.529.2.86.1.1.1.5.3, S:F456L (22930A), from sars-cov-2-variants/lineage-proposals#1253",B.1.1.529.2.86.1.1.1.5.3
KR.4,"Alias of B.1.1.529.2.86.1.1.1.5.4, S:Q218E",B.1.1.529.2.86.1.1.1.5.4
KR.4.1,"Alias of B.1.1.529.2.86.1.1.1.5.4.1, S:F456L (22928C), S:K478T, South Africa",B.1.1.529.2.86.1.1.1.5.4.1
KR.5,"Alias of B.1.1.529.2.86.1.1.1.5.5, ORF1a:L642F, ORF1a:T2087I, Brazil",B.1.1.529.2.86.1.1.1.5.5
JN.1.1.6,"Alias of B.1.1.529.2.86.1.1.1.6, S:F456L, from sars-cov-2-variants/lineage-proposals#1253",B.1.1.529.2.86.1.1.1.6
KZ.1,"Alias of B.1.1.529.2.86.1.1.1.6.1, ORF1b:V1092F",B.1.1.529.2.86.1.1.1.6.1
KZ.1.1,"Alias of B.1.1.529.2.86.1.1.1.6.1.1, S:R346T from #2548",B.1.1.529.2.86.1.1.1.6.1.1
KZ.1.1.1,"Alias of B.1.1.529.2.86.1.1.1.6.1.1.1, S:T572I from #2548",B.1.1.529.2.86.1.1.1.6.1.1.1
JN.1.1.7,"Alias of B.1.1.529.2.86.1.1.1.7, S:S31F, from sars-cov-2-variants/lineage-proposals#1157",B.1.1.529.2.86.1.1.1.7
LC.1,"Alias of B.1.1.529.2.86.1.1.1.7.1, S:R346T",B.1.1.529.2.86.1.1.1.7.1
JN.1.1.8,"Alias of B.1.1.529.2.86.1.1.1.8, S:F456L (T22930A), S:H445P, ORF1a:S2083I, C850T, from sars-cov-2-variants/lineage-proposals#1521",B.1.1.529.2.86.1.1.1.8
JN.1.1.9,"Alias of B.1.1.529.2.86.1.1.1.9, G2035A, on C9142T branch, China, from sars-cov-2-variants/lineage-proposals#1525",B.1.1.529.2.86.1.1.1.9
JN.1.1.10,"Alias of B.1.1.529.2.86.1.1.1.10, C23557T, Ukraine",B.1.1.529.2.86.1.1.1.10
JN.1.2,"Alias of B.1.1.529.2.86.1.1.2, S:M1229I, USA/Canada, from sars-cov-2-variants/lineage-proposals#1087",B.1.1.529.2.86.1.1.2
JN.1.2.1,"Alias of B.1.1.529.2.86.1.1.2.1, S:H1101Y, Ireland, from sars-cov-2-variants/lineage-proposals#1322",B.1.1.529.2.86.1.1.2.1
JN.1.3,"Alias of B.1.1.529.2.86.1.1.3, ORF8:Q18*, Netherlands",B.1.1.529.2.86.1.1.3
JN.1.4,"Alias of B.1.1.529.2.86.1.1.4, ORF1a:T170I, Denmark/Singapore, from #2381",B.1.1.529.2.86.1.1.4
JN.1.4.1,"Alias of B.1.1.529.2.86.1.1.4.1, S:E654V, Ireland, from sars-cov-2-variants/lineage-proposals#1175",B.1.1.529.2.86.1.1.4.1
JN.1.4.2,"Alias of B.1.1.529.2.86.1.1.4.2, S:N185D, after T18453C, USA, from #2462",B.1.1.529.2.86.1.1.4.2
LL.1,"Alias of B.1.1.529.2.86.1.1.4.2.1, S:F456L (T22930A), S:S680F, USA, from sars-cov-2-variants/lineage-proposals#1253",B.1.1.529.2.86.1.1.4.2.1
JN.1.4.3,"Alias of B.1.1.529.2.86.1.1.4.3, S:T572I, USA, from #2487",B.1.1.529.2.86.1.1.4.3
KQ.1,"Alias of B.1.1.529.2.86.1.1.4.3.1, S:R346T, USA from #2487",B.1.1.529.2.86.1.1.4.3.1
JN.1.4.4,"Alias of B.1.1.529.2.86.1.1.4.4, S:R346T, from sars-cov-2-variants/lineage-proposals#1089",B.1.1.529.2.86.1.1.4.4
JN.1.4.5,"Alias of B.1.1.529.2.86.1.1.4.5, ORF8:S103L, after T18453C, from #2426",B.1.1.529.2.86.1.1.4.5
KV.1,"Alias of B.1.1.529.2.86.1.1.4.5.1, S:S680F, after C28948T then A2356T",B.1.1.529.2.86.1.1.4.5.1
KV.2,"Alias of B.1.1.529.2.86.1.1.4.5.2, S:T572I, ORF1a:P971L, C11956T, USA, from sars-cov-2-variants/lineage-proposals#1097",B.1.1.529.2.86.1.1.4.5.2
JN.1.4.6,"Alias of B.1.1.529.2.86.1.1.4.6, S:T572I, after T18453C, from sars-cov-2-variants/lineage-proposals#1097",B.1.1.529.2.86.1.1.4.6
JN.1.4.7,"Alias of B.1.1.529.2.86.1.1.4.7, ORF3a:G18D",B.1.1.529.2.86.1.1.4.7
LE.1,"Alias of B.1.1.529.2.86.1.1.4.7.1, S:R346T, Africa, from sars-cov-2-variants/lineage-proposals#1089",B.1.1.529.2.86.1.1.4.7.1
LE.1.1,"Alias of B.1.1.529.2.86.1.1.4.7.1.1, S:F456V, from sars-cov-2-variants/lineage-proposals#1089",B.1.1.529.2.86.1.1.4.7.1.1
LE.1.2,"Alias of B.1.1.529.2.86.1.1.4.7.1.2, S:K304N",B.1.1.529.2.86.1.1.4.7.1.2
LE.1.3,"Alias of B.1.1.529.2.86.1.1.4.7.1.3, S:L84V, ORF7a:T120I, Kenya",B.1.1.529.2.86.1.1.4.7.1.3
LE.1.3.1,"Alias of B.1.1.529.2.86.1.1.4.7.1.3.1, S:Q173K, S:F456L (T22928C), ORF7a:A66V, from sars-cov-2-variants/lineage-proposals#1612",B.1.1.529.2.86.1.1.4.7.1.3.1
LE.2,"Alias of B.1.1.529.2.86.1.1.4.7.2, S:R346S, C7423T",B.1.1.529.2.86.1.1.4.7.2
JN.1.4.8,"Alias of B.1.1.529.2.86.1.1.4.8, S:S60P, T13578C, USA，from #2625",B.1.1.529.2.86.1.1.4.8
JN.1.4.9,"Alias of B.1.1.529.2.86.1.1.4.9, S:F456L, on branch with JN.1.4.2/5/6 (T18453C), from #2577",B.1.1.529.2.86.1.1.4.9
JN.1.5,"Alias of B.1.1.529.2.86.1.1.5, ORF1b:V1271T, Singapore/Malaysia/Indonesia, from #2419",B.1.1.529.2.86.1.1.5
JN.1.6,"Alias of B.1.1.529.2.86.1.1.6, G22627A",B.1.1.529.2.86.1.1.6
JN.1.6.1,"Alias of B.1.1.529.2.86.1.1.6.1, S:R346T, Sweden, from sars-cov-2-variants/lineage-proposals#1089",B.1.1.529.2.86.1.1.6.1
JN.1.7,"Alias of B.1.1.529.2.86.1.1.7, S:T572I, S:E1150D, USA/France, from sars-cov-2-variants/lineage-proposals#1097",B.1.1.529.2.86.1.1.7
JN.1.7.1,"Alias of B.1.1.529.2.86.1.1.7.1, S:R346K, England, from sars-cov-2-variants/lineage-proposals#1371",B.1.1.529.2.86.1.1.7.1
JN.1.7.2,"Alias of B.1.1.529.2.86.1.1.7.2, ORF1b:C1563F, Americas",B.1.1.529.2.86.1.1.7.2
JN.1.7.3,"Alias of B.1.1.529.2.86.1.1.7.3, S:R346T, from sars-cov-2-variants/lineage-proposals#1343",B.1.1.529.2.86.1.1.7.3
JN.1.7.4,"Alias of B.1.1.529.2.86.1.1.7.4, S:F456L (T22928C), from sars-cov-2-variants/lineage-proposals#1253",B.1.1.529.2.86.1.1.7.4
JN.1.7.5,"Alias of B.1.1.529.2.86.1.1.7.5, ORF1a:H3395Y, from sars-cov-2-variants/lineage-proposals#1374",B.1.1.529.2.86.1.1.7.5
LK.1,"Alias of B.1.1.529.2.86.1.1.7.5.1, S:445P, ORF1a:R1170C, USA/Canada, from sars-cov-2-variants/lineage-proposals#1374",B.1.1.529.2.86.1.1.7.5.1
LK.2,"Alias of B.1.1.529.2.86.1.1.7.5.2, S:R346T",B.1.1.529.2.86.1.1.7.5.2
LK.2.1,"Alias of B.1.1.529.2.86.1.1.7.5.2.1, S:S455A, S:T547K, Central America, from sars-cov-2-variants/lineage-proposals#1679",B.1.1.529.2.86.1.1.7.5.2.1
JN.1.7.6,"Alias of B.1.1.529.2.86.1.1.7.6, S:S60P, ORF1a:P1609S, Wales",B.1.1.529.2.86.1.1.7.6
JN.1.7.7,"Alias of B.1.1.529.2.86.1.1.7.7, ORF1b:K2557R ",B.1.1.529.2.86.1.1.7.7
JN.1.7.8,"Alias of B.1.1.529.2.86.1.1.7.8, S:F456L (22930A), S:185-189del, N:365L, Central America",B.1.1.529.2.86.1.1.7.8
MQ.1,"Alias of B.1.1.529.2.86.1.1.7.8.1, S:T95I, S:R346T, from #2710",B.1.1.529.2.86.1.1.7.8.1
MQ.2,"Alias of B.1.1.529.2.86.1.1.7.8.2, S:T678I, from sars-cov-2-variants/lineage-proposals#1822",B.1.1.529.2.86.1.1.7.8.2
JN.1.7.9,"Alias of B.1.1.529.2.86.1.1.7.9, G347A, C1057T, C7834T, S:F456L (22930A), from sars-cov-2-variants/lineage-proposals#1253",B.1.1.529.2.86.1.1.7.9
JN.1.8,"Alias of B.1.1.529.2.86.1.1.8, ORF7a:T28I",B.1.1.529.2.86.1.1.8
JN.1.8.1,"Alias of B.1.1.529.2.86.1.1.8.1, S:T572I, after A12928G, USA/Denmark, from sars-cov-2-variants/lineage-proposals#1097",B.1.1.529.2.86.1.1.8.1
JN.1.8.2,"Alias of B.1.1.529.2.86.1.1.8.2, S:R346T, after A12928G, from sars-cov-2-variants/lineage-proposals#1089",B.1.1.529.2.86.1.1.8.2
KY.1,"Alias of B.1.1.529.2.86.1.1.8.2.1, ORF1a:N3774D, Nigeria",B.1.1.529.2.86.1.1.8.2.1
JN.1.8.3,"Alias of B.1.1.529.2.86.1.1.8.3, C13821T, C14925T",B.1.1.529.2.86.1.1.8.3
JN.1.8.4,"Alias of B.1.1.529.2.86.1.1.8.4, S:G946R",B.1.1.529.2.86.1.1.8.4
JN.1.9,"Alias of B.1.1.529.2.86.1.1.9, S:Q183H, USA/UK/Canada, from #2410",B.1.1.529.2.86.1.1.9
JN.1.9.1,"Alias of B.1.1.529.2.86.1.1.9.1, S:T572I, ORF1a:A3143V, from sars-cov-2-variants/lineage-proposals#1097",B.1.1.529.2.86.1.1.9.1
JN.1.9.2,"Alias of B.1.1.529.2.86.1.1.9.2, S:R346T",B.1.1.529.2.86.1.1.9.2
LB.1,"Alias of B.1.1.529.2.86.1.1.9.2.1, S:F456L (T22928C), from sars-cov-2-variants/lineage-proposals#1089",B.1.1.529.2.86.1.1.9.2.1
LB.1.1,"Alias of B.1.1.529.2.86.1.1.9.2.1.1, S:V1104L, Canada",B.1.1.529.2.86.1.1.9.2.1.1
LB.1.2,"Alias of B.1.1.529.2.86.1.1.9.2.1.2, ORF1b:G2068R",B.1.1.529.2.86.1.1.9.2.1.2
LB.1.2.1,"Alias of B.1.1.529.2.86.1.1.9.2.1.2.1, S:R190T, from sars-cov-2-variants/lineage-proposals#1559",B.1.1.529.2.86.1.1.9.2.1.2.1
LB.1.2.2,"Alias of B.1.1.529.2.86.1.1.9.2.1.2.2, S:T572I, C22075T, from sars-cov-2-variants/lineage-proposals#1792",B.1.1.529.2.86.1.1.9.2.1.2.2
LB.1.2.3,"Alias of B.1.1.529.2.86.1.1.9.2.1.2.3, S:F175L, ORF1a:I1568F, from sars-cov-2-variants/lineage-proposals#1730",B.1.1.529.2.86.1.1.9.2.1.2.3
LB.1.3,"Alias of B.1.1.529.2.86.1.1.9.2.1.3, ORF1b:T1555I",B.1.1.529.2.86.1.1.9.2.1.3
LB.1.3.1,"Alias of B.1.1.529.2.86.1.1.9.2.1.3.1, S:445P, N:T379I, ORF7a:T28I, ORF1a:del84-85, from sars-cov-2-variants/lineage-proposals#1620",B.1.1.529.2.86.1.1.9.2.1.3.1
NL.1,"Alias of B.1.1.529.2.86.1.1.9.2.1.3.1.1, S:R190S, S:C1243F, from sars-cov-2-variants/lineage-proposals#1771",B.1.1.529.2.86.1.1.9.2.1.3.1.1
NL.1.1,"Alias of B.1.1.529.2.86.1.1.9.2.1.3.1.1.1, S:D111N, from #2806",B.1.1.529.2.86.1.1.9.2.1.3.1.1.1
NL.2,"Alias of B.1.1.529.2.86.1.1.9.2.1.3.1.2, ORF1a:D1600N, after ORF1a:T1429I, on ORF1a:del82-86 branch, USA",B.1.1.529.2.86.1.1.9.2.1.3.1.2
NL.2.1,"Alias of B.1.1.529.2.86.1.1.9.2.1.3.1.2.1, S:H1101Y, C28603T",B.1.1.529.2.86.1.1.9.2.1.3.1.2.1
NL.3,"Alias of B.1.1.529.2.86.1.1.9.2.1.3.1.3, ORF1a:S2024L, Netherlands, Europe",B.1.1.529.2.86.1.1.9.2.1.3.1.3
NL.3.1,"Alias of B.1.1.529.2.86.1.1.9.2.1.3.1.3.1, S:A435S, from sars-cov-2-variants/lineage-proposals#2420",B.1.1.529.2.86.1.1.9.2.1.3.1.3.1
NL.4,"Alias of B.1.1.529.2.86.1.1.9.2.1.3.1.4, ORF1a:H81Y",B.1.1.529.2.86.1.1.9.2.1.3.1.4
NL.4.1,"Alias of B.1.1.529.2.86.1.1.9.2.1.3.1.4.1, S:N1187S, from from sars-cov-2-variants/lineage-proposals#2342",B.1.1.529.2.86.1.1.9.2.1.3.1.4.1
NL.4.1.1,"Alias of B.1.1.529.2.86.1.1.9.2.1.3.1.4.1.1, S:T572I, Canada, from sars-cov-2-variants/lineage-proposals#2342",B.1.1.529.2.86.1.1.9.2.1.3.1.4.1.1
NL.4.2,"Alias of B.1.1.529.2.86.1.1.9.2.1.3.1.4.2, ORF1a:A2123V",B.1.1.529.2.86.1.1.9.2.1.3.1.4.2
NL.5,"Alias of B.1.1.529.2.86.1.1.9.2.1.3.1.5, C14599T, C28714T, on the ORF1a:M731I branch, Israel",B.1.1.529.2.86.1.1.9.2.1.3.1.5
NL.5.1,"Alias of B.1.1.529.2.86.1.1.9.2.1.3.1.5.1, S:T572I",B.1.1.529.2.86.1.1.9.2.1.3.1.5.1
NL.5.2,"Alias of B.1.1.529.2.86.1.1.9.2.1.3.1.5.2, S:R190S, from sars-cov-2-variants/lineage-proposals#1771",B.1.1.529.2.86.1.1.9.2.1.3.1.5.2
NL.5.2.1,"Alias of B.1.1.529.2.86.1.1.9.2.1.3.1.5.2.1, N:L219F, ORF1a:del82-85",B.1.1.529.2.86.1.1.9.2.1.3.1.5.2.1
NL.6,"Alias of B.1.1.529.2.86.1.1.9.2.1.3.1.6, S:V1176F, ORF1b:R1687C, from sars-cov-2-variants/lineage-proposals#2027",B.1.1.529.2.86.1.1.9.2.1.3.1.6
NL.6.1,"Alias of B.1.1.529.2.86.1.1.9.2.1.3.1.6.1, ORF7b:F14- out of frame, ORF1a:L3754F, from sars-cov-2-variants/lineage-proposals#2532",B.1.1.529.2.86.1.1.9.2.1.3.1.6.1
NL.7,"Alias of B.1.1.529.2.86.1.1.9.2.1.3.1.7, S:S256L, N:N47Y, from sars-cov-2-variants/lineage-proposals#2069",B.1.1.529.2.86.1.1.9.2.1.3.1.7
NL.8,"Alias of B.1.1.529.2.86.1.1.9.2.1.3.1.8, ORF3a:S171L",B.1.1.529.2.86.1.1.9.2.1.3.1.8
NL.8.1,"Alias of B.1.1.529.2.86.1.1.9.2.1.3.1.8.1, S:K478T (rev)",B.1.1.529.2.86.1.1.9.2.1.3.1.8.1
NL.9,"Alias of B.1.1.529.2.86.1.1.9.2.1.3.1.9, S:R237K, S:K478I, from sars-cov-2-variants/lineage-proposals#2429",B.1.1.529.2.86.1.1.9.2.1.3.1.9
NL.10,"Alias of B.1.1.529.2.86.1.1.9.2.1.3.1.10, C1387T, USA",B.1.1.529.2.86.1.1.9.2.1.3.1.10
NL.11,"Alias of B.1.1.529.2.86.1.1.9.2.1.3.1.11, ORF1a:T4129I",B.1.1.529.2.86.1.1.9.2.1.3.1.11
NL.12,"Alias of B.1.1.529.2.86.1.1.9.2.1.3.1.12, ORF1b:K2557R",B.1.1.529.2.86.1.1.9.2.1.3.1.12
NL.13,"Alias of B.1.1.529.2.86.1.1.9.2.1.3.1.13, S:I934V, S:T572I, from sars-cov-2-variants/lineage-proposals#2440",B.1.1.529.2.86.1.1.9.2.1.3.1.13
NL.14,"Alias of B.1.1.529.2.86.1.1.9.2.1.3.1.14, ORF1a:H2092Y, on ORF1a:del82-86 branch",B.1.1.529.2.86.1.1.9.2.1.3.1.14
NL.15,"Alias of B.1.1.529.2.86.1.1.9.2.1.3.1.15, C9532T, C29635T, after ORF1a:T1429I, on ORF1a:del82-86 branch",B.1.1.529.2.86.1.1.9.2.1.3.1.15
NL.16,"Alias of B.1.1.529.2.86.1.1.9.2.1.3.1.16, ORF1b:M2024T, ORF3a:L41P, on the ORF1a:M731I branch",B.1.1.529.2.86.1.1.9.2.1.3.1.16
NL.16.1,"Alias of B.1.1.529.2.86.1.1.9.2.1.3.1.16.1, S:K478T (rev)",B.1.1.529.2.86.1.1.9.2.1.3.1.16.1
NL.17,"Alias of B.1.1.529.2.86.1.1.9.2.1.3.1.17, S:C1243F, ORF1b:K2557R, ORF1a:del82-85",B.1.1.529.2.86.1.1.9.2.1.3.1.17
NL.18,"Alias of B.1.1.529.2.86.1.1.9.2.1.3.1.18, ORF8:S67F",B.1.1.529.2.86.1.1.9.2.1.3.1.18
NL.19,"Alias of B.1.1.529.2.86.1.1.9.2.1.3.1.19, S:T572I",B.1.1.529.2.86.1.1.9.2.1.3.1.19
NL.20,"Alias of B.1.1.529.2.86.1.1.9.2.1.3.1.20, S:W64L, N:A156S, N:L219F, from sars-cov-2-variants/lineage-proposals#2469",B.1.1.529.2.86.1.1.9.2.1.3.1.20
NL.21,"Alias of B.1.1.529.2.86.1.1.9.2.1.3.1.21, S:S704L, T457C, from sars-cov-2-variants/lineage-proposals#2436",B.1.1.529.2.86.1.1.9.2.1.3.1.21
NL.22,"Alias of B.1.1.529.2.86.1.1.9.2.1.3.1.22, C4276T",B.1.1.529.2.86.1.1.9.2.1.3.1.22
NL.22.1,"Alias of B.1.1.529.2.86.1.1.9.2.1.3.1.22.1, S:R190S, ORF7b:F14- out of frame",B.1.1.529.2.86.1.1.9.2.1.3.1.22.1
NL.23,"Alias of B.1.1.529.2.86.1.1.9.2.1.3.1.23, ORF1a:S2803P",B.1.1.529.2.86.1.1.9.2.1.3.1.23
LB.1.3.2,"Alias of B.1.1.529.2.86.1.1.9.2.1.3.2, C25413T",B.1.1.529.2.86.1.1.9.2.1.3.2
MH.1,"Alias of B.1.1.529.2.86.1.1.9.2.1.3.2.1, S:T572I",B.1.1.529.2.86.1.1.9.2.1.3.2.1
LB.1.3.3,"Alias of B.1.1.529.2.86.1.1.9.2.1.3.3, S:K182R, from #2723",B.1.1.529.2.86.1.1.9.2.1.3.3
LB.1.3.4,"Alias of B.1.1.529.2.86.1.1.9.2.1.3.4, S:A376S, ORF1a:G432S, South Africa, from #2825",B.1.1.529.2.86.1.1.9.2.1.3.4
NZ.1,"Alias of B.1.1.529.2.86.1.1.9.2.1.3.4.1, S:H445R, South Africa, from #2825",B.1.1.529.2.86.1.1.9.2.1.3.4.1
LB.1.3.5,"Alias of B.1.1.529.2.86.1.1.9.2.1.3.5, ORF3a:T64I",B.1.1.529.2.86.1.1.9.2.1.3.5
LB.1.4,"Alias of B.1.1.529.2.86.1.1.9.2.1.4, ORF1a:A1473V",B.1.1.529.2.86.1.1.9.2.1.4
LB.1.4.1,"Alias of B.1.1.529.2.86.1.1.9.2.1.4.1, S:R190S",B.1.1.529.2.86.1.1.9.2.1.4.1
LB.1.4.2,"Alias of B.1.1.529.2.86.1.1.9.2.1.4.2, S:A879S, ORF1a:E472D, USA",B.1.1.529.2.86.1.1.9.2.1.4.2
LB.1.4.3,"Alias of B.1.1.529.2.86.1.1.9.2.1.4.3, S:A845S, USA, from sars-cov-2-variants/lineage-proposals#1911",B.1.1.529.2.86.1.1.9.2.1.4.3
LB.1.5,"Alias of B.1.1.529.2.86.1.1.9.2.1.5, S:L1143F, ORF1b:T1621I, Asia，from sars-cov-2-variants/lineage-proposals#1557",B.1.1.529.2.86.1.1.9.2.1.5
LB.1.6,"Alias of B.1.1.529.2.86.1.1.9.2.1.6, S:I670M, England/Canada",B.1.1.529.2.86.1.1.9.2.1.6
LB.1.7,"Alias of B.1.1.529.2.86.1.1.9.2.1.7, ORF1a:L1507F, G21123T",B.1.1.529.2.86.1.1.9.2.1.7
LB.1.7.1,"Alias of B.1.1.529.2.86.1.1.9.2.1.7.1, S:N148T, USA-NY, from sars-cov-2-variants/lineage-proposals#1641",B.1.1.529.2.86.1.1.9.2.1.7.1
LB.1.7.2,"Alias of B.1.1.529.2.86.1.1.9.2.1.7.2, S:S680P",B.1.1.529.2.86.1.1.9.2.1.7.2
LB.1.7.3,"Alias of B.1.1.529.2.86.1.1.9.2.1.7.3, S:R34C, from sars-cov-2-variants/lineage-proposals#1555",B.1.1.529.2.86.1.1.9.2.1.7.3
LB.1.7.4,"Alias of B.1.1.529.2.86.1.1.9.2.1.7.4, S:R190S, from sars-cov-2-variants/lineage-proposals#1771",B.1.1.529.2.86.1.1.9.2.1.7.4
LB.1.8,"Alias of B.1.1.529.2.86.1.1.9.2.1.8, ORF1a:I785V",B.1.1.529.2.86.1.1.9.2.1.8
LB.1.9,"Alias of B.1.1.529.2.86.1.1.9.2.1.9, S:K478T (reversion), G20931T, T29194C, C15960T, India, from sars-cov-2-variants/lineage-proposals#1874",B.1.1.529.2.86.1.1.9.2.1.9
LB.1.10,"Alias of B.1.1.529.2.86.1.1.9.2.1.10, S:V83F, S:H445P, from sars-cov-2-variants/lineage-proposals#2123",B.1.1.529.2.86.1.1.9.2.1.10
LB.1.11,"Alias of B.1.1.529.2.86.1.1.9.2.1.11, S:R190S (on polytomy), from sars-cov-2-variants/lineage-proposals#1771",B.1.1.529.2.86.1.1.9.2.1.11
LB.1.11.1,"Alias of B.1.1.529.2.86.1.1.9.2.1.11.1, S:K478T (rev)",B.1.1.529.2.86.1.1.9.2.1.11.1
LB.1.11.2,"Alias of B.1.1.529.2.86.1.1.9.2.1.11.2, S:T430I",B.1.1.529.2.86.1.1.9.2.1.11.2
JN.1.10,"Alias of B.1.1.529.2.86.1.1.10, S:T95I, USA/Canada, from sars-cov-2-variants/lineage-proposals#1135",B.1.1.529.2.86.1.1.10
JN.1.11,"Alias of B.1.1.529.2.86.1.1.11, S:V1104L, G17334T, India, from #2446",B.1.1.529.2.86.1.1.11
JN.1.11.1,"Alias of B.1.1.529.2.86.1.1.11.1, S:F456L (T22928C), after ORF1a:T2283I, India, from sars-cov-2-variants/lineage-proposals#1253",B.1.1.529.2.86.1.1.11.1
KP.1,"Alias of B.1.1.529.2.86.1.1.11.1.1, S:K1086R, from sars-cov-2-variants/lineage-proposals#1364",B.1.1.529.2.86.1.1.11.1.1
KP.1.1,"Alias of B.1.1.529.2.86.1.1.11.1.1.1, S:R346T, from sars-cov-2-variants/lineage-proposals#1089",B.1.1.529.2.86.1.1.11.1.1.1
KP.1.1.1,"Alias of B.1.1.529.2.86.1.1.11.1.1.1.1, S:K182N, after ORF1b:L2213F, from #2510",B.1.1.529.2.86.1.1.11.1.1.1.1
MG.1,"Alias of B.1.1.529.2.86.1.1.11.1.1.1.1.1, S:T572I, S:679N, ORF1a:V3091I, from sars-cov-2-variants/lineage-proposals#1623",B.1.1.529.2.86.1.1.11.1.1.1.1.1
MG.2,"Alias of B.1.1.529.2.86.1.1.11.1.1.1.1.2, S:S31-, N:S183P, ORF1b:S2312L, from sars-cov-2-variants/lineage-proposals#1698",B.1.1.529.2.86.1.1.11.1.1.1.1.2
MG.3,"Alias of B.1.1.529.2.86.1.1.11.1.1.1.1.3, S:T22N,S:N30-,S:S31-,S:F32I,S:K478T, India, from sars-cov-2-variants/lineage-proposals#2120",B.1.1.529.2.86.1.1.11.1.1.1.1.3
MG.4,"Alias of B.1.1.529.2.86.1.1.11.1.1.1.1.4, S:I934V, ORF1a:S692F, from sars-cov-2-variants/lineage-proposals#1880",B.1.1.529.2.86.1.1.11.1.1.1.1.4
KP.1.1.2,"Alias of B.1.1.529.2.86.1.1.11.1.1.1.2, S:P1162S, T2152C, from sars-cov-2-variants/lineage-proposals#1541",B.1.1.529.2.86.1.1.11.1.1.1.2
KP.1.1.3,"Alias of B.1.1.529.2.86.1.1.11.1.1.1.3, C4999T, many with S:S31del, from sars-cov-2-variants/lineage-proposals#1502",B.1.1.529.2.86.1.1.11.1.1.1.3
LP.1,"Alias of B.1.1.529.2.86.1.1.11.1.1.1.3.1, S:M1229I,from sars-cov-2-variants/lineage-proposals#1591",B.1.1.529.2.86.1.1.11.1.1.1.3.1
LP.1.1,"Alias of B.1.1.529.2.86.1.1.11.1.1.1.3.1.1, S:S255F, Dominican Republic, from sars-cov-2-variants/lineage-proposals#1633",B.1.1.529.2.86.1.1.11.1.1.1.3.1.1
LP.1.2,"Alias of B.1.1.529.2.86.1.1.11.1.1.1.3.1.2, S:R190S, T18300A, USA, from sars-cov-2-variants/lineage-proposals#1664",B.1.1.529.2.86.1.1.11.1.1.1.3.1.2
LP.1.2.1,"Alias of B.1.1.529.2.86.1.1.11.1.1.1.3.1.2.1, S:H445P, USA, from sars-cov-2-variants/lineage-proposals#1957",B.1.1.529.2.86.1.1.11.1.1.1.3.1.2.1
LP.2,"Alias of B.1.1.529.2.86.1.1.11.1.1.1.3.2, S:S71Y, ORF1b:T2286I",B.1.1.529.2.86.1.1.11.1.1.1.3.2
LP.3,"Alias of B.1.1.529.2.86.1.1.11.1.1.1.3.3, S:K182E, ORF1b:R276S, Singapore",B.1.1.529.2.86.1.1.11.1.1.1.3.3
LP.4,"Alias of B.1.1.529.2.86.1.1.11.1.1.1.3.4, S:T572I, ORF8:A65V, from sars-cov-2-variants/lineage-proposals#1607",B.1.1.529.2.86.1.1.11.1.1.1.3.4
LP.5,"Alias of B.1.1.529.2.86.1.1.11.1.1.1.3.5, S:K478T (rev), from sars-cov-2-variants/lineage-proposals#1893",B.1.1.529.2.86.1.1.11.1.1.1.3.5
LP.6,"Alias of B.1.1.529.2.86.1.1.11.1.1.1.3.6, S:M153I, C14403T, from sars-cov-2-variants/lineage-proposals#1753",B.1.1.529.2.86.1.1.11.1.1.1.3.6
LP.7,"Alias of B.1.1.529.2.86.1.1.11.1.1.1.3.7, S:R190S, from sars-cov-2-variants/lineage-proposals#1729",B.1.1.529.2.86.1.1.11.1.1.1.3.7
LP.8,"Alias of B.1.1.529.2.86.1.1.11.1.1.1.3.8, S:H445R, S:Q493E, S:F186L, ORF3a:P178L, Singapore/Philippines, from #2811",B.1.1.529.2.86.1.1.11.1.1.1.3.8
LP.8.1,"Alias of B.1.1.529.2.86.1.1.11.1.1.1.3.8.1, S:R190S, from sars-cov-2-variants/lineage-proposals#2199",B.1.1.529.2.86.1.1.11.1.1.1.3.8.1
LP.8.1.1,"Alias of B.1.1.529.2.86.1.1.11.1.1.1.3.8.1.1, S:K679R, from sars-cov-2-variants/lineage-proposals#2199",B.1.1.529.2.86.1.1.11.1.1.1.3.8.1.1
NY.1,"Alias of B.1.1.529.2.86.1.1.11.1.1.1.3.8.1.1.1, S:P85S, from #2861",B.1.1.529.2.86.1.1.11.1.1.1.3.8.1.1.1
NY.1.1,"Alias of B.1.1.529.2.86.1.1.11.1.1.1.3.8.1.1.1.1, ORF1a:N1109S",B.1.1.529.2.86.1.1.11.1.1.1.3.8.1.1.1.1
NY.1.2,"Alias of B.1.1.529.2.86.1.1.11.1.1.1.3.8.1.1.1.2, S:K478E, from sars-cov-2-variants/lineage-proposals#2199",B.1.1.529.2.86.1.1.11.1.1.1.3.8.1.1.1.2
NY.1.2.1,"Alias of B.1.1.529.2.86.1.1.11.1.1.1.3.8.1.1.1.2, S:A67V, from sars-cov-2-variants/lineage-proposals#2199",B.1.1.529.2.86.1.1.11.1.1.1.3.8.1.1.1.2.1
NY.2,"Alias of B.1.1.529.2.86.1.1.11.1.1.1.3.8.1.1.2, ORF1a:T2846I",B.1.1.529.2.86.1.1.11.1.1.1.3.8.1.1.2
NY.3,"Alias of B.1.1.529.2.86.1.1.11.1.1.1.3.8.1.1.3, S:R765L, from #2874",B.1.1.529.2.86.1.1.11.1.1.1.3.8.1.1.3
NY.3.1,"Alias of B.1.1.529.2.86.1.1.11.1.1.1.3.8.1.1.3.1, ORF1a:T4311I",B.1.1.529.2.86.1.1.11.1.1.1.3.8.1.1.3.1
NY.3.1.1,"Alias of B.1.1.529.2.86.1.1.11.1.1.1.3.8.1.1.3.1.1, S:K444R, S:A475V, from sars-cov-2-variants/lineage-proposals#2615",B.1.1.529.2.86.1.1.11.1.1.1.3.8.1.1.3.1.1
NY.3.1.2,"Alias of B.1.1.529.2.86.1.1.11.1.1.1.3.8.1.1.3.1.2, ORF7b:L19F (rev), C16092T",B.1.1.529.2.86.1.1.11.1.1.1.3.8.1.1.3.1.2
QU.1,"Alias of B.1.1.529.2.86.1.1.11.1.1.1.3.8.1.1.3.1.2.1, S:A475V, from sars-cov-2-variants/lineage-proposals#2644",B.1.1.529.2.86.1.1.11.1.1.1.3.8.1.1.3.1.2.1
QU.2,"Alias of B.1.1.529.2.86.1.1.11.1.1.1.3.8.1.1.3.1.2.2, ORF1a:V3420L",B.1.1.529.2.86.1.1.11.1.1.1.3.8.1.1.3.1.2.2
NY.3.1.3,"Alias of B.1.1.529.2.86.1.1.11.1.1.1.3.8.1.1.3.1.3, ORF1a:M3129T",B.1.1.529.2.86.1.1.11.1.1.1.3.8.1.1.3.1.3
NY.3.2,"Alias of B.1.1.529.2.86.1.1.11.1.1.1.3.8.1.1.3.2, S:K478E, from sars-cov-2-variants/lineage-proposals#2199",B.1.1.529.2.86.1.1.11.1.1.1.3.8.1.1.3.2
NY.3.3,"Alias of B.1.1.529.2.86.1.1.11.1.1.1.3.8.1.1.3.3, ORF1a:T1543I",B.1.1.529.2.86.1.1.11.1.1.1.3.8.1.1.3.3
NY.3.3.1,"Alias of B.1.1.529.2.86.1.1.11.1.1.1.3.8.1.1.3.3.1, S:T572I, from sars-cov-2-variants/lineage-proposals#2661",B.1.1.529.2.86.1.1.11.1.1.1.3.8.1.1.3.3.1
NY.3.4,"Alias of B.1.1.529.2.86.1.1.11.1.1.1.3.8.1.1.3.4, T7297A",B.1.1.529.2.86.1.1.11.1.1.1.3.8.1.1.3.4
NY.3.5,"Alias of B.1.1.529.2.86.1.1.11.1.1.1.3.8.1.1.3.5, ORF1b:T217M, on Orf1b:C688S branch",B.1.1.529.2.86.1.1.11.1.1.1.3.8.1.1.3.5
NY.3.6,"Alias of B.1.1.529.2.86.1.1.11.1.1.1.3.8.1.1.3.6, S:A262V, S:K478T (rev), on Orf1b:C688S branch",B.1.1.529.2.86.1.1.11.1.1.1.3.8.1.1.3.6
NY.3.7,"Alias of B.1.1.529.2.86.1.1.11.1.1.1.3.8.1.1.3.7, S:N137K, S:D138H, on C6250T branch",B.1.1.529.2.86.1.1.11.1.1.1.3.8.1.1.3.7
NY.3.7.1,"Alias of B.1.1.529.2.86.1.1.11.1.1.1.3.8.1.1.3.7.1, S:K150E, ORF1b:A1521V, Spain/France",B.1.1.529.2.86.1.1.11.1.1.1.3.8.1.1.3.7.1
NY.3.8,"Alias of B.1.1.529.2.86.1.1.11.1.1.1.3.8.1.1.3.8, ORF1a:V3091I, ORF7a:V74I, on C6250T branch",B.1.1.529.2.86.1.1.11.1.1.1.3.8.1.1.3.8
NY.4,"Alias of B.1.1.529.2.86.1.1.11.1.1.1.3.8.1.1.4, ORF1b:V1649I",B.1.1.529.2.86.1.1.11.1.1.1.3.8.1.1.4
NY.4.1,"Alias of B.1.1.529.2.86.1.1.11.1.1.1.3.8.1.1.4.1, S:R765S, from sars-cov-2-variants/lineage-proposals#2199",B.1.1.529.2.86.1.1.11.1.1.1.3.8.1.1.4.1
NY.5,"Alias of B.1.1.529.2.86.1.1.11.1.1.1.3.8.1.1.5, ORF1a:F843Y",B.1.1.529.2.86.1.1.11.1.1.1.3.8.1.1.5
NY.6,"Alias of B.1.1.529.2.86.1.1.11.1.1.1.3.8.1.1.6, S:A475V, on LP.8.1.1 polytomy directly, from #2872",B.1.1.529.2.86.1.1.11.1.1.1.3.8.1.1.6
NY.7,"Alias of B.1.1.529.2.86.1.1.11.1.1.1.3.8.1.1.7, S:T22N, from sars-cov-2-variants/lineage-proposals#2199",B.1.1.529.2.86.1.1.11.1.1.1.3.8.1.1.7
NY.7.1,"Alias of B.1.1.529.2.86.1.1.11.1.1.1.3.8.1.1.7.1, ORF1b:A788V, C925T, C29708T, from sars-cov-2-variants/lineage-proposals#2199",B.1.1.529.2.86.1.1.11.1.1.1.3.8.1.1.7.1
NY.7.1.1,"Alias of B.1.1.529.2.86.1.1.11.1.1.1.3.8.1.1.7.1.1, S:A475V, ORF1b:R2257S, from sars-cov-2-variants/lineage-proposals#2199",B.1.1.529.2.86.1.1.11.1.1.1.3.8.1.1.7.1.1
NY.7.2,"Alias of B.1.1.529.2.86.1.1.11.1.1.1.3.8.1.1.7.2, S:K478E, ORF1a:K3353R, N:G19E, from sars-cov-2-variants/lineage-proposals#2199",B.1.1.529.2.86.1.1.11.1.1.1.3.8.1.1.7.2
NY.8,"Alias of B.1.1.529.2.86.1.1.11.1.1.1.3.8.1.1.8, S:R214H, on ORF1b:A241V branch, USA, from #2894",B.1.1.529.2.86.1.1.11.1.1.1.3.8.1.1.8
NY.9,"Alias of B.1.1.529.2.86.1.1.11.1.1.1.3.8.1.1.9, S:K478T (rev), from sars-cov-2-variants/lineage-proposals#2199",B.1.1.529.2.86.1.1.11.1.1.1.3.8.1.1.9
NY.10,"Alias of B.1.1.529.2.86.1.1.11.1.1.1.3.8.1.1.10, S:K478E, from sars-cov-2-variants/lineage-proposals#2199",B.1.1.529.2.86.1.1.11.1.1.1.3.8.1.1.10
NY.11,"Alias of B.1.1.529.2.86.1.1.11.1.1.1.3.8.1.1.11, S:N487D, N:A173V, from sars-cov-2-variants/lineage-proposals#2199",B.1.1.529.2.86.1.1.11.1.1.1.3.8.1.1.11
NY.11.1,"Alias of B.1.1.529.2.86.1.1.11.1.1.1.3.8.1.1.11.1, S:A67V, from sars-cov-2-variants/lineage-proposals#2555",B.1.1.529.2.86.1.1.11.1.1.1.3.8.1.1.11.1
NY.12,"Alias of B.1.1.529.2.86.1.1.11.1.1.1.3.8.1.1.12, S:N185D, from #2926",B.1.1.529.2.86.1.1.11.1.1.1.3.8.1.1.12
NY.12.1,"Alias of B.1.1.529.2.86.1.1.11.1.1.1.3.8.1.1.12.1, S:Q957L",B.1.1.529.2.86.1.1.11.1.1.1.3.8.1.1.12.1
NY.13,"Alias of B.1.1.529.2.86.1.1.11.1.1.1.3.8.1.1.13, C23638T",B.1.1.529.2.86.1.1.11.1.1.1.3.8.1.1.13
NY.13.1,"Alias of B.1.1.529.2.86.1.1.11.1.1.1.3.8.1.1.13.1, N:T24I, on C23638T branch",B.1.1.529.2.86.1.1.11.1.1.1.3.8.1.1.13.1
NY.13.2,"Alias of B.1.1.529.2.86.1.1.11.1.1.1.3.8.1.1.13.2, N:S201N",B.1.1.529.2.86.1.1.11.1.1.1.3.8.1.1.13.2
NY.13.2.1,"Alias of B.1.1.529.2.86.1.1.11.1.1.1.3.8.1.1.13.2.1, S:S446N",B.1.1.529.2.86.1.1.11.1.1.1.3.8.1.1.13.2.1
NY.13.3,"Alias of B.1.1.529.2.86.1.1.11.1.1.1.3.8.1.1.13.3, ORF1a:G519S",B.1.1.529.2.86.1.1.11.1.1.1.3.8.1.1.13.3
NY.13.3.1,"Alias of B.1.1.529.2.86.1.1.11.1.1.1.3.8.1.1.13.3.1, S:T572I",B.1.1.529.2.86.1.1.11.1.1.1.3.8.1.1.13.3.1
NY.14,"Alias of B.1.1.529.2.86.1.1.11.1.1.1.3.8.1.1.14, S:Y266H, on ORF1b:A241V branch, from sars-cov-2-variants/lineage-proposals#2199",B.1.1.529.2.86.1.1.11.1.1.1.3.8.1.1.14
NY.15,"Alias of B.1.1.529.2.86.1.1.11.1.1.1.3.8.1.1.15, ORF1a:S3344F, ORF3a:A103T, from sars-cov-2-variants/lineage-proposals#2588",B.1.1.529.2.86.1.1.11.1.1.1.3.8.1.1.15
NY.15.1,"Alias of B.1.1.529.2.86.1.1.11.1.1.1.3.8.1.1.15.1, A13222G",B.1.1.529.2.86.1.1.11.1.1.1.3.8.1.1.15.1
NY.15.2,"Alias of B.1.1.529.2.86.1.1.11.1.1.1.3.8.1.1.15.2, C29149T",B.1.1.529.2.86.1.1.11.1.1.1.3.8.1.1.15.2
NY.16,"Alias of B.1.1.529.2.86.1.1.11.1.1.1.3.8.1.1.16, C12253T",B.1.1.529.2.86.1.1.11.1.1.1.3.8.1.1.16
NY.16.1,"Alias of B.1.1.529.2.86.1.1.11.1.1.1.3.8.1.1.16.1, S:T572I, from sars-cov-2-variants/lineage-proposals#2199",B.1.1.529.2.86.1.1.11.1.1.1.3.8.1.1.16.1
NY.16.2,"Alias of B.1.1.529.2.86.1.1.11.1.1.1.3.8.1.1.16.2, S:P251L",B.1.1.529.2.86.1.1.11.1.1.1.3.8.1.1.16.2
NY.17,"Alias of B.1.1.529.2.86.1.1.11.1.1.1.3.8.1.1.17, ORF3a:L106F",B.1.1.529.2.86.1.1.11.1.1.1.3.8.1.1.17
NY.17.1,"Alias of B.1.1.529.2.86.1.1.11.1.1.1.3.8.1.1.17.1, S:K478E, on ORF1a:E933G branch, from sars-cov-2-variants/lineage-proposals#2199",B.1.1.529.2.86.1.1.11.1.1.1.3.8.1.1.17.1
NY.17.2,"Alias of B.1.1.529.2.86.1.1.11.1.1.1.3.8.1.1.17.2, S:N477D, on ORF1a:E933G branch, from sars-cov-2-variants/lineage-proposals#2199",B.1.1.529.2.86.1.1.11.1.1.1.3.8.1.1.17.2
NY.18,"Alias of B.1.1.529.2.86.1.1.11.1.1.1.3.8.1.1.18, ORF1b:L1681F, T16077C, G26840A",B.1.1.529.2.86.1.1.11.1.1.1.3.8.1.1.18
NY.18.1,"Alias of B.1.1.529.2.86.1.1.11.1.1.1.3.8.1.1.18.1, S:K147N, ORF1a:D1639N, from sars-cov-2-variants/lineage-proposals#2199",B.1.1.529.2.86.1.1.11.1.1.1.3.8.1.1.18.1
NY.19,"Alias of B.1.1.529.2.86.1.1.11.1.1.1.3.8.1.1.19, S:T572I, from sars-cov-2-variants/lineage-proposals#2199",B.1.1.529.2.86.1.1.11.1.1.1.3.8.1.1.19
NY.20,"Alias of B.1.1.529.2.86.1.1.11.1.1.1.3.8.1.1.20, ORF1a:S692F, ORF1a:A1049V, Spain",B.1.1.529.2.86.1.1.11.1.1.1.3.8.1.1.20
NY.20.1,"Alias of B.1.1.529.2.86.1.1.11.1.1.1.3.8.1.1.20.1, S:M153V, Spain, from sars-cov-2-variants/lineage-proposals#2199",B.1.1.529.2.86.1.1.11.1.1.1.3.8.1.1.20.1
NY.21,"Alias of B.1.1.529.2.86.1.1.11.1.1.1.3.8.1.1.21, ORF1b:T2488M",B.1.1.529.2.86.1.1.11.1.1.1.3.8.1.1.21
NY.22,"Alias of B.1.1.529.2.86.1.1.11.1.1.1.3.8.1.1.22, ORF3a:S26L",B.1.1.529.2.86.1.1.11.1.1.1.3.8.1.1.22
NY.23,"Alias of B.1.1.529.2.86.1.1.11.1.1.1.3.8.1.1.23, ORF3a:L101F, from sars-cov-2-variants/lineage-proposals#2635",B.1.1.529.2.86.1.1.11.1.1.1.3.8.1.1.23
NY.24,"Alias of B.1.1.529.2.86.1.1.11.1.1.1.3.8.1.1.24, ORF1b:A520V",B.1.1.529.2.86.1.1.11.1.1.1.3.8.1.1.24
NY.25,"Alias of B.1.1.529.2.86.1.1.11.1.1.1.3.8.1.1.25, C13225T",B.1.1.529.2.86.1.1.11.1.1.1.3.8.1.1.25
NY.25.1,"Alias of B.1.1.529.2.86.1.1.11.1.1.1.3.8.1.1.25.1, S:K147E, ORF1a:A967V, from sars-cov-2-variants/lineage-proposals#2199",B.1.1.529.2.86.1.1.11.1.1.1.3.8.1.1.25.1
NY.26,"Alias of B.1.1.529.2.86.1.1.11.1.1.1.3.8.1.1.26, G709A, C24109T",B.1.1.529.2.86.1.1.11.1.1.1.3.8.1.1.26
NY.26.1,"Alias of B.1.1.529.2.86.1.1.11.1.1.1.3.8.1.1.26.1, S:L441V, from sars-cov-2-variants/lineage-proposals#2199",B.1.1.529.2.86.1.1.11.1.1.1.3.8.1.1.26.1
NY.26.2,"Alias of B.1.1.529.2.86.1.1.11.1.1.1.3.8.1.1.26.2, ORF1b:T2432I",B.1.1.529.2.86.1.1.11.1.1.1.3.8.1.1.26.2
NY.26.3,"Alias of B.1.1.529.2.86.1.1.11.1.1.1.3.8.1.1.26.3, S:D936Y, from sars-cov-2-variants/lineage-proposals#2199",B.1.1.529.2.86.1.1.11.1.1.1.3.8.1.1.26.3
NY.26.4,"Alias of B.1.1.529.2.86.1.1.11.1.1.1.3.8.1.1.26.4, S:N657S, T1237C",B.1.1.529.2.86.1.1.11.1.1.1.3.8.1.1.26.4
LP.8.1.2,"Alias of B.1.1.529.2.86.1.1.11.1.1.1.3.8.1.2, S:N487D, from sars-cov-2-variants/lineage-proposals#2199",B.1.1.529.2.86.1.1.11.1.1.1.3.8.1.2
NW.1,"Alias of B.1.1.529.2.86.1.1.11.1.1.1.3.8.1.2.1, S:A1174V, ORF3a:L101F, from sars-cov-2-variants/lineage-proposals#2199",B.1.1.529.2.86.1.1.11.1.1.1.3.8.1.2.1
NW.1.1,"Alias of B.1.1.529.2.86.1.1.11.1.1.1.3.8.1.2.1.1, ORF1a:A540V, ORF1a:K1202N, Singapore",B.1.1.529.2.86.1.1.11.1.1.1.3.8.1.2.1.1
NW.1.1.1,"Alias of B.1.1.529.2.86.1.1.11.1.1.1.3.8.1.2.1.1.1, S:T572I, S:S155I, Singapore, from sars-cov-2-variants/lineage-proposals#2199",B.1.1.529.2.86.1.1.11.1.1.1.3.8.1.2.1.1.1
NW.1.2,"Alias of B.1.1.529.2.86.1.1.11.1.1.1.3.8.1.2.1.2, S:T22N, ORF1b:P2256S, from sars-cov-2-variants/lineage-proposals#2563",B.1.1.529.2.86.1.1.11.1.1.1.3.8.1.2.1.2
NW.1.2.1,"Alias of B.1.1.529.2.86.1.1.11.1.1.1.3.8.1.2.1.2.1, ORF8:A51T, ORF9b:G38D, on G9646A branch",B.1.1.529.2.86.1.1.11.1.1.1.3.8.1.2.1.2.1
QM.1,"Alias of B.1.1.529.2.86.1.1.11.1.1.1.3.8.1.2.1.2.1.1, S:T572I, ORF1a:S1612L",B.1.1.529.2.86.1.1.11.1.1.1.3.8.1.2.1.2.1.1
NW.1.2.2,"Alias of B.1.1.529.2.86.1.1.11.1.1.1.3.8.1.2.1.2.2, G25401A",B.1.1.529.2.86.1.1.11.1.1.1.3.8.1.2.1.2.2
NW.1.2.3,"Alias of B.1.1.529.2.86.1.1.11.1.1.1.3.8.1.2.1.2.3, T9610C, C27294T",B.1.1.529.2.86.1.1.11.1.1.1.3.8.1.2.1.2.3
NW.1.2.4,"Alias of B.1.1.529.2.86.1.1.11.1.1.1.3.8.1.2.1.2.4, S:N211-, S:L212T, ORF1a:I2198M, from sars-cov-2-variants/lineage-proposals#2879",B.1.1.529.2.86.1.1.11.1.1.1.3.8.1.2.1.2.4
NW.1.2.5,"Alias of B.1.1.529.2.86.1.1.11.1.1.1.3.8.1.2.1.2.5, T3232C, C23191T, C25587T, G29473A",B.1.1.529.2.86.1.1.11.1.1.1.3.8.1.2.1.2.5
NW.1.2.6,"Alias of B.1.1.529.2.86.1.1.11.1.1.1.3.8.1.2.1.2.6, S:S680Y, ORF1a:S2553F",B.1.1.529.2.86.1.1.11.1.1.1.3.8.1.2.1.2.6
NW.1.3,"Alias of B.1.1.529.2.86.1.1.11.1.1.1.3.8.1.2.1.3, S:L1265F",B.1.1.529.2.86.1.1.11.1.1.1.3.8.1.2.1.3
NW.1.4,"Alias of B.1.1.529.2.86.1.1.11.1.1.1.3.8.1.2.1.4, S:L585F, ORF1b:P1727L, ORF1b:K2557R, England",B.1.1.529.2.86.1.1.11.1.1.1.3.8.1.2.1.4
NW.1.5,"Alias of B.1.1.529.2.86.1.1.11.1.1.1.3.8.1.2.1.5, S:K679R, ORF7a:Q21H",B.1.1.529.2.86.1.1.11.1.1.1.3.8.1.2.1.5
NW.1.6,"Alias of B.1.1.529.2.86.1.1.11.1.1.1.3.8.1.2.1.6, C27741T",B.1.1.529.2.86.1.1.11.1.1.1.3.8.1.2.1.6
NW.1.7,"Alias of B.1.1.529.2.86.1.1.11.1.1.1.3.8.1.2.1.7, ORF1b:I1611V, ORF9b:T79I  , from sars-cov-2-variants/lineage-proposals#2672",B.1.1.529.2.86.1.1.11.1.1.1.3.8.1.2.1.7
NW.1.7.1,"Alias of B.1.1.529.2.86.1.1.11.1.1.1.3.8.1.2.1.7.1, G8017T",B.1.1.529.2.86.1.1.11.1.1.1.3.8.1.2.1.7.1
NW.1.7.2,"Alias of B.1.1.529.2.86.1.1.11.1.1.1.3.8.1.2.1.7.2, ORF3a:N82Y, from sars-cov-2-variants/lineage-proposals#2672",B.1.1.529.2.86.1.1.11.1.1.1.3.8.1.2.1.7.2
NW.1.7.3,"Alias of B.1.1.529.2.86.1.1.11.1.1.1.3.8.1.2.1.7.3, S:K679R, N:A134V, ORF1a:T2121I",B.1.1.529.2.86.1.1.11.1.1.1.3.8.1.2.1.7.3
NW.1.7.4,"Alias of B.1.1.529.2.86.1.1.11.1.1.1.3.8.1.2.1.7.4, ORF1a:E1047K, from sars-cov-2-variants/lineage-proposals#2916",B.1.1.529.2.86.1.1.11.1.1.1.3.8.1.2.1.7.4
NW.2,"Alias of B.1.1.529.2.86.1.1.11.1.1.1.3.8.1.2.2, ORF1a:A2529V, Singapore",B.1.1.529.2.86.1.1.11.1.1.1.3.8.1.2.2
NW.3,"Alias of B.1.1.529.2.86.1.1.11.1.1.1.3.8.1.2.3, T22972C",B.1.1.529.2.86.1.1.11.1.1.1.3.8.1.2.3
NW.3.1,"Alias of B.1.1.529.2.86.1.1.11.1.1.1.3.8.1.2.3.1, S:L249F, S:V1128I, Brazil",B.1.1.529.2.86.1.1.11.1.1.1.3.8.1.2.3.1
NW.3.2,"Alias of B.1.1.529.2.86.1.1.11.1.1.1.3.8.1.2.3.2, S:A435S, ORF1a:T727I, ORF1a:T2777K, from sars-cov-2-variants/lineage-proposals#2664",B.1.1.529.2.86.1.1.11.1.1.1.3.8.1.2.3.2
LP.8.1.3,"Alias of B.1.1.529.2.86.1.1.11.1.1.1.3.8.1.3, S:Q677H, from #2876",B.1.1.529.2.86.1.1.11.1.1.1.3.8.1.3
LP.8.1.4,"Alias of B.1.1.529.2.86.1.1.11.1.1.1.3.8.1.4, C16308T, Brazil",B.1.1.529.2.86.1.1.11.1.1.1.3.8.1.4
PD.1,"Alias of B.1.1.529.2.86.1.1.11.1.1.1.3.8.1.4.1, S:A522P, from sars-cov-2-variants/lineage-proposals#2199",B.1.1.529.2.86.1.1.11.1.1.1.3.8.1.4.1
PD.1.1,"Alias of B.1.1.529.2.86.1.1.11.1.1.1.3.8.1.4.1.1, S:A475V, G29702A, from sars-cov-2-variants/lineage-proposals#2579",B.1.1.529.2.86.1.1.11.1.1.1.3.8.1.4.1.1
PD.1.2,"Alias of B.1.1.529.2.86.1.1.11.1.1.1.3.8.1.4.1.2, ORF1a:A968V",B.1.1.529.2.86.1.1.11.1.1.1.3.8.1.4.1.2
PD.1.2.1,"Alias of B.1.1.529.2.86.1.1.11.1.1.1.3.8.1.4.1.2.1, S:L441V, Brazil, from sars-cov-2-variants/lineage-proposals#2739",B.1.1.529.2.86.1.1.11.1.1.1.3.8.1.4.1.2.1
PD.2,"Alias of B.1.1.529.2.86.1.1.11.1.1.1.3.8.1.4.2, T23377C",B.1.1.529.2.86.1.1.11.1.1.1.3.8.1.4.2
PD.2.1,"Alias of B.1.1.529.2.86.1.1.11.1.1.1.3.8.1.4.2.1, S:N532K, from sars-cov-2-variants/lineage-proposals#2199",B.1.1.529.2.86.1.1.11.1.1.1.3.8.1.4.2.1
PD.3,"Alias of B.1.1.529.2.86.1.1.11.1.1.1.3.8.1.4.3, ORF1b:I2262V",B.1.1.529.2.86.1.1.11.1.1.1.3.8.1.4.3
LP.8.1.5,"Alias of B.1.1.529.2.86.1.1.11.1.1.1.3.8.1.5, ORF1a:K3353R",B.1.1.529.2.86.1.1.11.1.1.1.3.8.1.5
PR.1,"Alias of B.1.1.529.2.86.1.1.11.1.1.1.3.8.1.5.1, S:V1133I, from sars-cov-2-variants/lineage-proposals#2199",B.1.1.529.2.86.1.1.11.1.1.1.3.8.1.5.1
PR.2,"Alias of B.1.1.529.2.86.1.1.11.1.1.1.3.8.1.5.2, S:K679R, from sars-cov-2-variants/lineage-proposals#2199",B.1.1.529.2.86.1.1.11.1.1.1.3.8.1.5.2
PR.3,"Alias of B.1.1.529.2.86.1.1.11.1.1.1.3.8.1.5.3, ORF1a:K1689R",B.1.1.529.2.86.1.1.11.1.1.1.3.8.1.5.3
LP.8.1.6,"Alias of B.1.1.529.2.86.1.1.11.1.1.1.3.8.1.6, S:T22N, on LP.8.1 polytomy directly, from #2868",B.1.1.529.2.86.1.1.11.1.1.1.3.8.1.6
PF.1,"Alias of B.1.1.529.2.86.1.1.11.1.1.1.3.8.1.6.1, S:K478E, from #2933",B.1.1.529.2.86.1.1.11.1.1.1.3.8.1.6.1
PF.2,"Alias of B.1.1.529.2.86.1.1.11.1.1.1.3.8.1.6.2, ORF1a:S944L, from sars-cov-2-variants/lineage-proposals#2199",B.1.1.529.2.86.1.1.11.1.1.1.3.8.1.6.2
PF.2.1,"Alias of B.1.1.529.2.86.1.1.11.1.1.1.3.8.1.6.2.1, ORF1a:Y1734H, ORF1b:P2633L, T3055C",B.1.1.529.2.86.1.1.11.1.1.1.3.8.1.6.2.1
PF.2.2,"Alias of B.1.1.529.2.86.1.1.11.1.1.1.3.8.1.6.2.2, ORF1a:T1638N, T8521C, C11668T, France",B.1.1.529.2.86.1.1.11.1.1.1.3.8.1.6.2.2
PF.2.2.1,"Alias of B.1.1.529.2.86.1.1.11.1.1.1.3.8.1.6.2.2.1, S:A475V",B.1.1.529.2.86.1.1.11.1.1.1.3.8.1.6.2.2.1
PF.2.3,"Alias of B.1.1.529.2.86.1.1.11.1.1.1.3.8.1.6.2.3, ORF1a:V2206, G25455A",B.1.1.529.2.86.1.1.11.1.1.1.3.8.1.6.2.3
PF.2.4,"Alias of B.1.1.529.2.86.1.1.11.1.1.1.3.8.1.6.2.4, S:K679R, ORF1a:T1788M, C10138T",B.1.1.529.2.86.1.1.11.1.1.1.3.8.1.6.2.4
LP.8.1.7,"Alias of B.1.1.529.2.86.1.1.11.1.1.1.3.8.1.7, ORF1b:V980I, ORF10:Q29*, from #2869",B.1.1.529.2.86.1.1.11.1.1.1.3.8.1.7
QH.1,"Alias of B.1.1.529.2.86.1.1.11.1.1.1.3.8.1.7.1, S:A475V, from sars-cov-2-variants/lineage-proposals#2220",B.1.1.529.2.86.1.1.11.1.1.1.3.8.1.7.1
LP.8.1.8,"Alias of B.1.1.529.2.86.1.1.11.1.1.1.3.8.1.8, N:A134V",B.1.1.529.2.86.1.1.11.1.1.1.3.8.1.8
PP.1,"Alias of B.1.1.529.2.86.1.1.11.1.1.1.3.8.1.8.1, S:T22N, from sars-cov-2-variants/lineage-proposals#2199",B.1.1.529.2.86.1.1.11.1.1.1.3.8.1.8.1
PP.1.1,"Alias of B.1.1.529.2.86.1.1.11.1.1.1.3.8.1.8.1.1, S:D80G, from sars-cov-2-variants/lineage-proposals#2199",B.1.1.529.2.86.1.1.11.1.1.1.3.8.1.8.1.1
PP.1.1.1,"Alias of B.1.1.529.2.86.1.1.11.1.1.1.3.8.1.8.1.1.1, S:W64G, N:R204P, ORF1b:P2313S",B.1.1.529.2.86.1.1.11.1.1.1.3.8.1.8.1.1.1
PP.2,"Alias of B.1.1.529.2.86.1.1.11.1.1.1.3.8.1.8.2, ORF1a:V2865I",B.1.1.529.2.86.1.1.11.1.1.1.3.8.1.8.2
PP.2.1,"Alias of B.1.1.529.2.86.1.1.11.1.1.1.3.8.1.8.2.1, C29119T, C29675T",B.1.1.529.2.86.1.1.11.1.1.1.3.8.1.8.2.1
LP.8.1.9,"Alias of B.1.1.529.2.86.1.1.11.1.1.1.3.8.1.9, S:A475V, on LP.8.1 polytomy directly, #2853",B.1.1.529.2.86.1.1.11.1.1.1.3.8.1.9
LP.8.1.10,"Alias of B.1.1.529.2.86.1.1.11.1.1.1.3.8.1.10, A20581G, G28798A",B.1.1.529.2.86.1.1.11.1.1.1.3.8.1.10
LP.8.1.11,"Alias of B.1.1.529.2.86.1.1.11.1.1.1.3.8.1.11, T28861C",B.1.1.529.2.86.1.1.11.1.1.1.3.8.1.11
LP.8.1.12,"Alias of B.1.1.529.2.86.1.1.11.1.1.1.3.8.1.12, C27944T",B.1.1.529.2.86.1.1.11.1.1.1.3.8.1.12
LP.8.1.13,"Alias of B.1.1.529.2.86.1.1.11.1.1.1.3.8.1.13, T1075C, T1537C, C15540T, T25285C",B.1.1.529.2.86.1.1.11.1.1.1.3.8.1.13
LP.8.1.14,"Alias of B.1.1.529.2.86.1.1.11.1.1.1.3.8.1.14, T10387C",B.1.1.529.2.86.1.1.11.1.1.1.3.8.1.14
LP.8.1.15,"Alias of B.1.1.529.2.86.1.1.11.1.1.1.3.8.1.15, S:K478E, ORF1a:E553K, ORF1b:G977S, Philippines, from sars-cov-2-variants/lineage-proposals#2199",B.1.1.529.2.86.1.1.11.1.1.1.3.8.1.15
LP.8.1.16,"Alias of B.1.1.529.2.86.1.1.11.1.1.1.3.8.1.16, C13115T, South Africa/Portugal",B.1.1.529.2.86.1.1.11.1.1.1.3.8.1.16
QE.1,"Alias of B.1.1.529.2.86.1.1.11.1.1.1.3.8.1.16.1, S:A688V, from sars-cov-2-variants/lineage-proposals#2199",B.1.1.529.2.86.1.1.11.1.1.1.3.8.1.16.1
LP.8.2,"Alias of B.1.1.529.2.86.1.1.11.1.1.1.3.8.2, S:M153I, S:L176F, on ORF1b:P1452L branch, from sars-cov-2-variants/lineage-proposals#2199",B.1.1.529.2.86.1.1.11.1.1.1.3.8.2
LP.8.2.1,"Alias of B.1.1.529.2.86.1.1.11.1.1.1.3.8.2.1, S:A475V, ORF1a:T1246I, from sars-cov-2-variants/lineage-proposals#2199",B.1.1.529.2.86.1.1.11.1.1.1.3.8.2.1
LP.9,"Alias of B.1.1.529.2.86.1.1.11.1.1.1.3.9, S:H445P, S:L176F, ORF1a:L1191F",B.1.1.529.2.86.1.1.11.1.1.1.3.9
LP.10,"Alias of B.1.1.529.2.86.1.1.11.1.1.1.3.10, S:G75S, ORF3a:S74F, from sars-cov-2-variants/lineage-proposals#1729",B.1.1.529.2.86.1.1.11.1.1.1.3.10
LP.10.1,"Alias of B.1.1.529.2.86.1.1.11.1.1.1.3.10.1, S:R190S, S:A475V, from sars-cov-2-variants/lineage-proposals#1729",B.1.1.529.2.86.1.1.11.1.1.1.3.10.1
LP.10.1.1,"Alias of B.1.1.529.2.86.1.1.11.1.1.1.3.10.1.1, S:A435S, S:S190R(rev), Malaysia, from sars-cov-2-variants/lineage-proposals#2127",B.1.1.529.2.86.1.1.11.1.1.1.3.10.1.1
LP.11,"Alias of B.1.1.529.2.86.1.1.11.1.1.1.3.11, ORF1a:L3900S, C5512T, on ORF3a:P178L, G1954A branch with LP.8",B.1.1.529.2.86.1.1.11.1.1.1.3.11
KP.1.1.4,"Alias of B.1.1.529.2.86.1.1.11.1.1.1.4, S:R214H, C11866T, C23929T, from sars-cov-2-variants/lineage-proposals#1593",B.1.1.529.2.86.1.1.11.1.1.1.4
KP.1.1.5,"Alias of B.1.1.529.2.86.1.1.11.1.1.1.5, S:F59S",B.1.1.529.2.86.1.1.11.1.1.1.5
MU.1,"Alias of B.1.1.529.2.86.1.1.11.1.1.1.5.1, S:T572I, ORF1a:P4339T, ORF1b:T1902I，from #2676",B.1.1.529.2.86.1.1.11.1.1.1.5.1
MU.1.1,"Alias of B.1.1.529.2.86.1.1.11.1.1.1.5.1.1, S:T22N, Canada",B.1.1.529.2.86.1.1.11.1.1.1.5.1.1
MU.2,"Alias of B.1.1.529.2.86.1.1.11.1.1.1.5.2, ORF1a:A2785V, ORF1a:A4357V",B.1.1.529.2.86.1.1.11.1.1.1.5.2
MU.2.1,"Alias of B.1.1.529.2.86.1.1.11.1.1.1.5.2.1, S:S680Y, from sars-cov-2-variants/lineage-proposals#1777",B.1.1.529.2.86.1.1.11.1.1.1.5.2.1
MU.2.1.1,"Alias of B.1.1.529.2.86.1.1.11.1.1.1.5.2.1.1, S:A435S, S:H445P",B.1.1.529.2.86.1.1.11.1.1.1.5.2.1.1
MU.3,"Alias of B.1.1.529.2.86.1.1.11.1.1.1.5.3, S:T22N, S:G72R, S:T572I, Australia/New Zealand/East Asia, from sars-cov-2-variants/lineage-proposals#2136",B.1.1.529.2.86.1.1.11.1.1.1.5.3
MU.4,"Alias of B.1.1.529.2.86.1.1.11.1.1.1.5.4, A8107G, China",B.1.1.529.2.86.1.1.11.1.1.1.5.4
MU.5,"Alias of B.1.1.529.2.86.1.1.11.1.1.1.5.5, S:H445P",B.1.1.529.2.86.1.1.11.1.1.1.5.5
MU.6,"Alias of B.1.1.529.2.86.1.1.11.1.1.1.5.6, S:A435S, S:T22N, ORF1a:A498V, USA, from sars-cov-2-variants/lineage-proposals#2343",B.1.1.529.2.86.1.1.11.1.1.1.5.6
KP.1.1.6,"Alias of B.1.1.529.2.86.1.1.11.1.1.1.6, S:S31F, after ORF1b:L2213F,S:N185del,S:F186I from #2649",B.1.1.529.2.86.1.1.11.1.1.1.6
NE.1,"Alias of B.1.1.529.2.86.1.1.11.1.1.1.6.1, S:K478T, S:F32S",B.1.1.529.2.86.1.1.11.1.1.1.6.1
KP.1.2,"Alias of B.1.1.529.2.86.1.1.11.1.1.2, S:T572I, from sars-cov-2-variants/lineage-proposals#1097",B.1.1.529.2.86.1.1.11.1.1.2
KP.2,"Alias of B.1.1.529.2.86.1.1.11.1.2, S:R346T on JN.1.11.1 polytomy, from sars-cov-2-variants/lineage-proposals#1089",B.1.1.529.2.86.1.1.11.1.2
KP.2.1,"Alias of B.1.1.529.2.86.1.1.11.1.2.1, S:Q1201K, from sars-cov-2-variants/lineage-proposals#1440",B.1.1.529.2.86.1.1.11.1.2.1
KP.2.2,"Alias of B.1.1.529.2.86.1.1.11.1.2.2, S:F59L, S:K1266R, from sars-cov-2-variants/lineage-proposals#1446",B.1.1.529.2.86.1.1.11.1.2.2
KP.2.2.1,"Alias of B.1.1.529.2.86.1.1.11.1.2.2.1, S:T22N, ORF1b:K2660R, from sars-cov-2-variants/lineage-proposals#1662",B.1.1.529.2.86.1.1.11.1.2.2.1
NH.1,"Alias of B.1.1.529.2.86.1.1.11.1.2.2.1.1, S:K478T (rev), S:K97E, on ORF1a:T1794I branch",B.1.1.529.2.86.1.1.11.1.2.2.1.1
NH.2,"Alias of B.1.1.529.2.86.1.1.11.1.2.2.1.2, S:K478Q, on ORF1a:T1794I branch",B.1.1.529.2.86.1.1.11.1.2.2.1.2
NH.3,"Alias of B.1.1.529.2.86.1.1.11.1.2.2.1.3, S:A475V, ORF1a:A776S",B.1.1.529.2.86.1.1.11.1.2.2.1.3
NH.4,"Alias of B.1.1.529.2.86.1.1.11.1.2.2.1.4, ORF1a:K3351R",B.1.1.529.2.86.1.1.11.1.2.2.1.4
KP.2.2.2,"Alias of B.1.1.529.2.86.1.1.11.1.2.2.2, S:T572I, from sars-cov-2-variants/lineage-proposals#1643",B.1.1.529.2.86.1.1.11.1.2.2.2
KP.2.3,"Alias of B.1.1.529.2.86.1.1.11.1.2.3, S:H146Q, ORF3a:K67N, S:31del, from sars-cov-2-variants/lineage-proposals#1459",B.1.1.529.2.86.1.1.11.1.2.3
KP.2.3.1,"Alias of B.1.1.529.2.86.1.1.11.1.2.3.1, S:A475V, from sars-cov-2-variants/lineage-proposals#1548",B.1.1.529.2.86.1.1.11.1.2.3.1
KP.2.3.2,"Alias of B.1.1.529.2.86.1.1.11.1.2.3.2, S:G184V",B.1.1.529.2.86.1.1.11.1.2.3.2
KP.2.3.3,"Alias of B.1.1.529.2.86.1.1.11.1.2.3.3, S:N185T, from sars-cov-2-variants/lineage-proposals#1618",B.1.1.529.2.86.1.1.11.1.2.3.3
KP.2.3.4,"Alias of B.1.1.529.2.86.1.1.11.1.2.3.4, S:445P, A15759G, C27804T, from sars-cov-2-variants/lineage-proposals#1596",B.1.1.529.2.86.1.1.11.1.2.3.4
NM.1,"Alias of B.1.1.529.2.86.1.1.11.1.2.3.4.1, S:G184V, S:S155I, from sars-cov-2-variants/lineage-proposals#1975",B.1.1.529.2.86.1.1.11.1.2.3.4.1
NM.2,"Alias of B.1.1.529.2.86.1.1.11.1.2.3.4.2, ORF1a:A4285V, ORF1a:T1538A",B.1.1.529.2.86.1.1.11.1.2.3.4.2
NM.3,"Alias of B.1.1.529.2.86.1.1.11.1.2.3.4.3, S:R190T, ORF1a:A540V, ORF1a:M2796I, ORF1b:V248F, ORF1b:T1230I, Brazil, from sars-cov-2-variants/lineage-proposals#2484",B.1.1.529.2.86.1.1.11.1.2.3.4.3
KP.2.3.5,"Alias of B.1.1.529.2.86.1.1.11.1.2.3.5, S:K535T, A1087G, from sars-cov-2-variants/lineage-proposals#1645",B.1.1.529.2.86.1.1.11.1.2.3.5
KP.2.3.6,"Alias of B.1.1.529.2.86.1.1.11.1.2.3.6, S:T572I on a C28714T branch, from sars-cov-2-variants/lineage-proposals#1582",B.1.1.529.2.86.1.1.11.1.2.3.6
KP.2.3.7,"Alias of B.1.1.529.2.86.1.1.11.1.2.3.7, ORF1a:T2121A",B.1.1.529.2.86.1.1.11.1.2.3.7
MW.1,"Alias of B.1.1.529.2.86.1.1.11.1.2.3.7.1, S:Q239R, ORF1a:I785V, ORF6:L16I",B.1.1.529.2.86.1.1.11.1.2.3.7.1
KP.2.3.8,"Alias of B.1.1.529.2.86.1.1.11.1.2.3.8, S:T572, without C28714T, from sars-cov-2-variants/lineage-proposals#1735",B.1.1.529.2.86.1.1.11.1.2.3.8
KP.2.3.9,"Alias of B.1.1.529.2.86.1.1.11.1.2.3.9, S:Q173R, from sars-cov-2-variants/lineage-proposals#1742",B.1.1.529.2.86.1.1.11.1.2.3.9
NG.1,"Alias of B.1.1.529.2.86.1.1.11.1.2.3.9.1, S:T22N, ORF1a:I1215M, Brazil, from sars-cov-2-variants/lineage-proposals#1742",B.1.1.529.2.86.1.1.11.1.2.3.9.1
KP.2.3.10,"Alias of B.1.1.529.2.86.1.1.11.1.2.3.10, S:K478T (rev), India, from sars-cov-2-variants/lineage-proposals#1834",B.1.1.529.2.86.1.1.11.1.2.3.10
NK.1,"Alias of B.1.1.529.2.86.1.1.11.1.2.3.10.1, S:R190S, ORF8:S67F, India, from sars-cov-2-variants/lineage-proposals#1771",B.1.1.529.2.86.1.1.11.1.2.3.10.1
KP.2.3.11,"Alias of B.1.1.529.2.86.1.1.11.1.2.3.11, ORF1a:R1973S, A29647G, from sars-cov-2-variants/lineage-proposals#1594",B.1.1.529.2.86.1.1.11.1.2.3.11
KP.2.3.12,"Alias of B.1.1.529.2.86.1.1.11.1.2.3.12, S:A1174V, Brazil, #2765",B.1.1.529.2.86.1.1.11.1.2.3.12
KP.2.3.13,"Alias of B.1.1.529.2.86.1.1.11.1.2.3.13, C26894T",B.1.1.529.2.86.1.1.11.1.2.3.13
NN.1,"Alias of B.1.1.529.2.86.1.1.11.1.2.3.13.1, S:H445P, from sars-cov-2-variants/lineage-proposals#1901",B.1.1.529.2.86.1.1.11.1.2.3.13.1
NN.1.1,"Alias of B.1.1.529.2.86.1.1.11.1.2.3.13.1.1, S:P85Q, from sars-cov-2-variants/lineage-proposals#1901",B.1.1.529.2.86.1.1.11.1.2.3.13.1.1
NN.2,"Alias of B.1.1.529.2.86.1.1.11.1.2.3.13.2, ORF1a:T340I, ORF1a:A2379V, ORF7a:A66V",B.1.1.529.2.86.1.1.11.1.2.3.13.2
KP.2.3.14,"Alias of B.1.1.529.2.86.1.1.11.1.2.3.14, S:K679R, ORF1a:T2016K, N:H145Y, from sars-cov-2-variants/lineage-proposals#1603",B.1.1.529.2.86.1.1.11.1.2.3.14
KP.2.3.15,"Alias of B.1.1.529.2.86.1.1.11.1.2.3.15, ORF1a:T1682I",B.1.1.529.2.86.1.1.11.1.2.3.15
KP.2.4,"Alias of B.1.1.529.2.86.1.1.11.1.2.4, S:T250N, from sars-cov-2-variants/lineage-proposals#1524",B.1.1.529.2.86.1.1.11.1.2.4
KP.2.5,"Alias of B.1.1.529.2.86.1.1.11.1.2.5, S:N185D, from sars-cov-2-variants/lineage-proposals#1527",B.1.1.529.2.86.1.1.11.1.2.5
KP.2.6,"Alias of B.1.1.529.2.86.1.1.11.1.2.6, S:W64R, S:F32del",B.1.1.529.2.86.1.1.11.1.2.6
KP.2.6.1,"Alias of B.1.1.529.2.86.1.1.11.1.2.6.1, S:L441F, from sars-cov-2-variants/lineage-proposals#1757",B.1.1.529.2.86.1.1.11.1.2.6.1
KP.2.6.2,"Alias of B.1.1.529.2.86.1.1.11.1.2.6.2, S:V367A, from sars-cov-2-variants/lineage-proposals#1819",B.1.1.529.2.86.1.1.11.1.2.6.2
KP.2.6.3,"Alias of B.1.1.529.2.86.1.1.11.1.2.6.3, S:T385I, from sars-cov-2-variants/lineage-proposals#2016",B.1.1.529.2.86.1.1.11.1.2.6.3
KP.2.6.4,"Alias of B.1.1.529.2.86.1.1.11.1.2.6.4, S:Q493E, ORf7b:L25F, Israel, from sars-cov-2-variants/lineage-proposals#2339",B.1.1.529.2.86.1.1.11.1.2.6.4
KP.2.7,"Alias of B.1.1.529.2.86.1.1.11.1.2.7, S:S31F, after T22795G",B.1.1.529.2.86.1.1.11.1.2.7
KP.2.8,"Alias of B.1.1.529.2.86.1.1.11.1.2.8, S:S60P, from sars-cov-2-variants/lineage-proposals#1546",B.1.1.529.2.86.1.1.11.1.2.8
KP.2.9,"Alias of B.1.1.529.2.86.1.1.11.1.2.9, S:T572I, from sars-cov-2-variants/lineage-proposals#1089",B.1.1.529.2.86.1.1.11.1.2.9
KP.2.10,"Alias of B.1.1.529.2.86.1.1.11.1.2.10, S:F59S, Singapore, from sars-cov-2-variants/lineage-proposals#1553",B.1.1.529.2.86.1.1.11.1.2.10
KP.2.11,"Alias of B.1.1.529.2.86.1.1.11.1.2.11, S:F56V, ORF1a:T2093I, England, from sars-cov-2-variants/lineage-proposals#1520",B.1.1.529.2.86.1.1.11.1.2.11
KP.2.12,"Alias of B.1.1.529.2.86.1.1.11.1.2.12, S:V1176F, G25088T, Australia, from sars-cov-2-variants/lineage-proposals#1550",B.1.1.529.2.86.1.1.11.1.2.12
KP.2.13,"Alias of B.1.1.529.2.86.1.1.11.1.2.13, S:K478E, N:P6T, ORF9b:D2E, C9565T, C24553T, USA/Canada",B.1.1.529.2.86.1.1.11.1.2.13
KP.2.14,"Alias of B.1.1.529.2.86.1.1.11.1.2.14, S:T22N, S:S31F, S:G184V, from sars-cov-2-variants/lineage-proposals#1578",B.1.1.529.2.86.1.1.11.1.2.14
KP.2.14.1,"Alias of B.1.1.529.2.86.1.1.11.1.2.14.1, S:T572I",B.1.1.529.2.86.1.1.11.1.2.14.1
KP.2.14.2,"Alias of B.1.1.529.2.86.1.1.11.1.2.14.2, S:A435S, ORF1a:S443T, ORF1a:T2183I, from sars-cov-2-variants/lineage-proposals#1964",B.1.1.529.2.86.1.1.11.1.2.14.2
KP.2.15,"Alias of B.1.1.529.2.86.1.1.11.1.2.15, A10861G, S:S31del, USA/Canada",B.1.1.529.2.86.1.1.11.1.2.15
KP.2.15.1,"Alias of B.1.1.529.2.86.1.1.11.1.2.15.1, S:T572I, from #2711",B.1.1.529.2.86.1.1.11.1.2.15.1
KP.2.16,"Alias of B.1.1.529.2.86.1.1.11.1.2.16, ORF8:F6S",B.1.1.529.2.86.1.1.11.1.2.16
KP.2.17,"Alias of B.1.1.529.2.86.1.1.11.1.2.17, S:G35R, C23758T, C7765T, T14418C, Singapore",B.1.1.529.2.86.1.1.11.1.2.17
KP.2.18,"Alias of B.1.1.529.2.86.1.1.11.1.2.18, S:T22N, on T22795G branch",B.1.1.529.2.86.1.1.11.1.2.18
KP.2.19,"Alias of B.1.1.529.2.86.1.1.11.1.2.19, S:S31del, ORF1a:V28I, Guatemala, from #2720",B.1.1.529.2.86.1.1.11.1.2.19
KP.2.20,"Alias of B.1.1.529.2.86.1.1.11.1.2.20, ORF1b:D436N, Asia",B.1.1.529.2.86.1.1.11.1.2.20
KP.2.20.1,"Alias of B.1.1.529.2.86.1.1.11.1.2.20.1, S:T572I, S:K1266R, Australia, from sars-cov-2-variants/lineage-proposals#1723",B.1.1.529.2.86.1.1.11.1.2.20.1
KP.2.22,"Alias of B.1.1.529.2.86.1.1.11.1.2.22, S:S31del, ORF1a:V3718F, from sars-cov-2-variants/lineage-proposals#1502",B.1.1.529.2.86.1.1.11.1.2.22
KP.2.23,"Alias of B.1.1.529.2.86.1.1.11.1.2.23, S:S31del, ORF3a:A110S, ORF8:G77S, from sars-cov-2-variants/lineage-proposals#1502",B.1.1.529.2.86.1.1.11.1.2.23
KP.2.24,"Alias of B.1.1.529.2.86.1.1.11.1.2.24, S:S31del, C9286T, C14919T, from sars-cov-2-variants/lineage-proposals#1502",B.1.1.529.2.86.1.1.11.1.2.24
KP.2.25,"Alias of B.1.1.529.2.86.1.1.11.1.2.25, ORF1a:P1803L, C14220T",B.1.1.529.2.86.1.1.11.1.2.25
KP.2.25.1,"Alias of B.1.1.529.2.86.1.1.11.1.2.25.1, S:S30K, S:I934V,  China, from sars-cov-2-variants/lineage-proposals#1699",B.1.1.529.2.86.1.1.11.1.2.25.1
KP.2.25.2,"Alias of B.1.1.529.2.86.1.1.11.1.2.25.2, S:F32del, S:K558N, from sars-cov-2-variants/lineage-proposals#1768",B.1.1.529.2.86.1.1.11.1.2.25.2
KP.2.25.3,"Alias of B.1.1.529.2.86.1.1.11.1.2.25.2, S:P793S, from sars-cov-2-variants/lineage-proposals#1649",B.1.1.529.2.86.1.1.11.1.2.25.3
KP.2.26,"Alias of B.1.1.529.2.86.1.1.11.1.2.26, S:T22N, S:S31P, S:K478T (on T25039C branch), from sars-cov-2-variants/lineage-proposals#2141",B.1.1.529.2.86.1.1.11.1.2.26
KP.2.27,"Alias of B.1.1.529.2.86.1.1.11.1.2.27, S:T572I, C3811T, C9857T, A23080G, from sars-cov-2-variants/lineage-proposals#1089",B.1.1.529.2.86.1.1.11.1.2.27
KP.2.28,"Alias of B.1.1.529.2.86.1.1.11.1.2.28, ORF1a:P2079L, S:F32del Ecuador, from sars-cov-2-variants/lineage-proposals#1768",B.1.1.529.2.86.1.1.11.1.2.28
KP.2.28.1,"Alias of B.1.1.529.2.86.1.1.11.1.2.28.1, S:H445P, Ecuador",B.1.1.529.2.86.1.1.11.1.2.28.1
KP.3,"Alias of B.1.1.529.2.86.1.1.11.1.3, S:Q493E, from sars-cov-2-variants/lineage-proposals#1410",B.1.1.529.2.86.1.1.11.1.3
KP.3.1,"Alias of B.1.1.529.2.86.1.1.11.1.3.1, G15372T, A19722G",B.1.1.529.2.86.1.1.11.1.3.1
KP.3.1.1,"Alias of B.1.1.529.2.86.1.1.11.1.3.1.1, ORF1a:S4286C, C12616T, S:S31del, Spain, from sars-cov-2-variants/lineage-proposals#1563",B.1.1.529.2.86.1.1.11.1.3.1.1
MC.1,"Alias of B.1.1.529.2.86.1.1.11.1.3.1.1.1, S:T572I, most with C13297T, from sars-cov-2-variants/lineage-proposals#1638",B.1.1.529.2.86.1.1.11.1.3.1.1.1
MC.1.1,"Alias of B.1.1.529.2.86.1.1.11.1.3.1.1.1.1, S:A942S, on C14220T branch, from sars-cov-2-variants/lineage-proposals#1932",B.1.1.529.2.86.1.1.11.1.3.1.1.1.1
MC.1.1.1,"Alias of B.1.1.529.2.86.1.1.11.1.3.1.1.1.1.1, ORF1a:P1096L, C13264T, Australia-SA",B.1.1.529.2.86.1.1.11.1.3.1.1.1.1.1
MC.1.2,"Alias of B.1.1.529.2.86.1.1.11.1.3.1.1.1.2, S:A1174V, on C14220T branch, from sars-cov-2-variants/lineage-proposals#2206",B.1.1.529.2.86.1.1.11.1.3.1.1.1.2
MC.1.3,"Alias of B.1.1.529.2.86.1.1.11.1.3.1.1.1.3, ORF1a:E977D",B.1.1.529.2.86.1.1.11.1.3.1.1.1.3
MC.1.3.1,"Alias of B.1.1.529.2.86.1.1.11.1.3.1.1.1.3.1, S:F4L, from sars-cov-2-variants/lineage-proposals#2192",B.1.1.529.2.86.1.1.11.1.3.1.1.1.3.1
MC.1.4,"Alias of B.1.1.529.2.86.1.1.11.1.3.1.1.1.4, ORF1a:I671V",B.1.1.529.2.86.1.1.11.1.3.1.1.1.4
MC.1.4.1,"Alias of B.1.1.529.2.86.1.1.11.1.3.1.1.1.4.1, S:R237K, S:A688V, from sars-cov-2-variants/lineage-proposals#2196",B.1.1.529.2.86.1.1.11.1.3.1.1.1.4.1
MC.1.5,"Alias of B.1.1.529.2.86.1.1.11.1.3.1.1.1.5, T1030C, C19875T",B.1.1.529.2.86.1.1.11.1.3.1.1.1.5
MC.1.6,"Alias of B.1.1.529.2.86.1.1.11.1.3.1.1.1.6, C589T, C9857T",B.1.1.529.2.86.1.1.11.1.3.1.1.1.6
MC.1.7,"Alias of B.1.1.529.2.86.1.1.11.1.3.1.1.1.7, S:A942S, ORF1a:L3806M, A11500G, A20559G, without C13297T, from sars-cov-2-variants/lineage-proposals#2195",B.1.1.529.2.86.1.1.11.1.3.1.1.1.7
MC.2,"Alias of B.1.1.529.2.86.1.1.11.1.3.1.1.2, S:A845S, from sars-cov-2-variants/lineage-proposals#1707",B.1.1.529.2.86.1.1.11.1.3.1.1.2
MC.2.1,"Alias of B.1.1.529.2.86.1.1.11.1.3.1.1.2.1, S:R237K, from sars-cov-2-variants/lineage-proposals#1707",B.1.1.529.2.86.1.1.11.1.3.1.1.2.1
MC.3,"Alias of B.1.1.529.2.86.1.1.11.1.3.1.1.3, S:G72R, Spain, from sars-cov-2-variants/lineage-proposals#1733",B.1.1.529.2.86.1.1.11.1.3.1.1.3
MC.4,"Alias of B.1.1.529.2.86.1.1.11.1.3.1.1.4, S:S98F, Spain, from sars-cov-2-variants/lineage-proposals#1772",B.1.1.529.2.86.1.1.11.1.3.1.1.4
MC.5,"Alias of B.1.1.529.2.86.1.1.11.1.3.1.1.5, S:G1219C, Spain, from sars-cov-2-variants/lineage-proposals#1790",B.1.1.529.2.86.1.1.11.1.3.1.1.5
MC.6,"Alias of B.1.1.529.2.86.1.1.11.1.3.1.1.6, ORF1a:P769S, ORF1a:G2091S",B.1.1.529.2.86.1.1.11.1.3.1.1.6
MC.6.1,"Alias of B.1.1.529.2.86.1.1.11.1.3.1.1.6.1, S:T572I, from sars-cov-2-variants/lineage-proposals#2147",B.1.1.529.2.86.1.1.11.1.3.1.1.6.1
MC.7,"Alias of B.1.1.529.2.86.1.1.11.1.3.1.1.7, S:A397V, from sars-cov-2-variants/lineage-proposals#1695",B.1.1.529.2.86.1.1.11.1.3.1.1.7
MC.8,"Alias of B.1.1.529.2.86.1.1.11.1.3.1.1.8, C9803T, from sars-cov-2-variants/lineage-proposals#1779",B.1.1.529.2.86.1.1.11.1.3.1.1.8
MC.8.1,"Alias of B.1.1.529.2.86.1.1.11.1.3.1.1.8.1, S:T572I, from sars-cov-2-variants/lineage-proposals#1779",B.1.1.529.2.86.1.1.11.1.3.1.1.8.1
MC.9,"Alias of B.1.1.529.2.86.1.1.11.1.3.1.1.9, ORF3a:K75N, ORF1b:A1219S, from sars-cov-2-variants/lineage-proposals#1788",B.1.1.529.2.86.1.1.11.1.3.1.1.9
MC.9.1,"Alias of B.1.1.529.2.86.1.1.11.1.3.1.1.9.1, S:T638R, from sars-cov-2-variants/lineage-proposals#2064",B.1.1.529.2.86.1.1.11.1.3.1.1.9.1
MC.9.2,"Alias of B.1.1.529.2.86.1.1.11.1.3.1.1.9.2, S:T572I, S:T345S",B.1.1.529.2.86.1.1.11.1.3.1.1.9.2
MC.9.3,"Alias of B.1.1.529.2.86.1.1.11.1.3.1.1.9.3, S:T430I, USA, from sars-cov-2-variants/lineage-proposals#2295",B.1.1.529.2.86.1.1.11.1.3.1.1.9.3
MC.10,"Alias of B.1.1.529.2.86.1.1.11.1.3.1.1.10, C16332T",B.1.1.529.2.86.1.1.11.1.3.1.1.10
MC.10.1,"Alias of B.1.1.529.2.86.1.1.11.1.3.1.1.10.1, S:A435S, ORF9b:R47H, from sars-cov-2-variants/lineage-proposals#1946",B.1.1.529.2.86.1.1.11.1.3.1.1.10.1
MC.10.1.1,"Alias of B.1.1.529.2.86.1.1.11.1.3.1.1.10.1.1, T22501C",B.1.1.529.2.86.1.1.11.1.3.1.1.10.1.1
PA.1,"Alias of B.1.1.529.2.86.1.1.11.1.3.1.1.10.1.1.1, S:H445P, N:A152S, from sars-cov-2-variants/lineage-proposals#2356",B.1.1.529.2.86.1.1.11.1.3.1.1.10.1.1.1
PA.1.1,"Alias of B.1.1.529.2.86.1.1.11.1.3.1.1.10.1.1.1.1, S:A688V, from sars-cov-2-variants/lineage-proposals#2475",B.1.1.529.2.86.1.1.11.1.3.1.1.10.1.1.1.1
PA.1.2,"Alias of B.1.1.529.2.86.1.1.11.1.3.1.1.10.1.1.1.2, S:R346T, on branch with S:A899S, from sars-cov-2-variants/lineage-proposals#2453",B.1.1.529.2.86.1.1.11.1.3.1.1.10.1.1.1.2
PA.1.3,"Alias of B.1.1.529.2.86.1.1.11.1.3.1.1.10.1.1.1.3, C2416T, A10984G",B.1.1.529.2.86.1.1.11.1.3.1.1.10.1.1.1.3
PA.1.4,"Alias of B.1.1.529.2.86.1.1.11.1.3.1.1.10.1.1.1.4, T7153C, on branch with S:A899S, from sars-cov-2-variants/lineage-proposals#2453",B.1.1.529.2.86.1.1.11.1.3.1.1.10.1.1.1.4
PA.2,"Alias of B.1.1.529.2.86.1.1.11.1.3.1.1.10.1.1.2, N:A155S, C21727T, C25276T",B.1.1.529.2.86.1.1.11.1.3.1.1.10.1.1.2
PA.3,"Alias of B.1.1.529.2.86.1.1.11.1.3.1.1.10.1.1.3, ORF1a:H3580Y",B.1.1.529.2.86.1.1.11.1.3.1.1.10.1.1.3
PA.4,"Alias of B.1.1.529.2.86.1.1.11.1.3.1.1.10.1.1.4, ORF1a:S212L",B.1.1.529.2.86.1.1.11.1.3.1.1.10.1.1.4
PA.4.1,"Alias of B.1.1.529.2.86.1.1.11.1.3.1.1.10.1.1.4.1, S:N658D, from sars-cov-2-variants/lineage-proposals#2580",B.1.1.529.2.86.1.1.11.1.3.1.1.10.1.1.4.1
PA.4.2,"Alias of B.1.1.529.2.86.1.1.11.1.3.1.1.10.1.1.4.2, S:E1202Q, from sars-cov-2-variants/lineage-proposals#2645",B.1.1.529.2.86.1.1.11.1.3.1.1.10.1.1.4.2
MC.10.1.2,"Alias of B.1.1.529.2.86.1.1.11.1.3.1.1.10.1.2, N:A90V",B.1.1.529.2.86.1.1.11.1.3.1.1.10.1.2
MC.10.1.3,"Alias of B.1.1.529.2.86.1.1.11.1.3.1.1.10.1.3, N:T379I",B.1.1.529.2.86.1.1.11.1.3.1.1.10.1.3
MC.10.1.4,"Alias of B.1.1.529.2.86.1.1.11.1.3.1.1.10.1.4, ORF7b:S31L, Europe",B.1.1.529.2.86.1.1.11.1.3.1.1.10.1.4
MC.10.1.5,"Alias of B.1.1.529.2.86.1.1.11.1.3.1.1.10.1.5, T22981C",B.1.1.529.2.86.1.1.11.1.3.1.1.10.1.5
MC.10.1.6,"Alias of B.1.1.529.2.86.1.1.11.1.3.1.1.10.1.6, S:R346T, from sars-cov-2-variants/lineage-proposals#2374",B.1.1.529.2.86.1.1.11.1.3.1.1.10.1.6
PH.1,"Alias of B.1.1.529.2.86.1.1.11.1.3.1.1.10.1.6.1, S:V1264L (G25352T), ORF1a:V627F, from sars-cov-2-variants/lineage-proposals#2374",B.1.1.529.2.86.1.1.11.1.3.1.1.10.1.6.1
MC.10.1.7,"Alias of B.1.1.529.2.86.1.1.11.1.3.1.1.10.1.7, ORF1a:D1228G, ORF1b:T1230I, Canada/US",B.1.1.529.2.86.1.1.11.1.3.1.1.10.1.7
PJ.1,"Alias of B.1.1.529.2.86.1.1.11.1.3.1.1.10.1.7.1, S:R346T, ORF1b:T76I, Canada, from sars-cov-2-variants/lineage-proposals#2523",B.1.1.529.2.86.1.1.11.1.3.1.1.10.1.7.1
MC.10.1.8,"Alias of B.1.1.529.2.86.1.1.11.1.3.1.1.10.1.8, G18960A, T28094A",B.1.1.529.2.86.1.1.11.1.3.1.1.10.1.8
MC.10.2,"Alias of B.1.1.529.2.86.1.1.11.1.3.1.1.10.2, S:I101T, S:A376D, ORF1a:K3353R, from sars-cov-2-variants/lineage-proposals#2015",B.1.1.529.2.86.1.1.11.1.3.1.1.10.2
MC.10.2.1,"Alias of B.1.1.529.2.86.1.1.11.1.3.1.1.10.2.1, S:K679R, ORf7a:A105S, Australia/New Zealand, from #2862",B.1.1.529.2.86.1.1.11.1.3.1.1.10.2.1
PE.1,"Alias of B.1.1.529.2.86.1.1.11.1.3.1.1.10.2.1.1, S:S673T, from sars-cov-2-variants/lineage-proposals#2409",B.1.1.529.2.86.1.1.11.1.3.1.1.10.2.1.1
PE.1.1,"Alias of B.1.1.529.2.86.1.1.11.1.3.1.1.10.2.1.1.1, S:S255F, New Zealand/Australia",B.1.1.529.2.86.1.1.11.1.3.1.1.10.2.1.1.1
PE.1.1.1,"Alias of B.1.1.529.2.86.1.1.11.1.3.1.1.10.2.1.1.1.1, S:D253H",B.1.1.529.2.86.1.1.11.1.3.1.1.10.2.1.1.1.1
PE.1.2,"Alias of B.1.1.529.2.86.1.1.11.1.3.1.1.10.2.1.1.2, S:E1150D, Australia",B.1.1.529.2.86.1.1.11.1.3.1.1.10.2.1.1.2
PE.1.3,"Alias of B.1.1.529.2.86.1.1.11.1.3.1.1.10.2.1.1.3, ORF1a:E775K, ORF1a:L1191V, South Korea",B.1.1.529.2.86.1.1.11.1.3.1.1.10.2.1.1.3
PE.1.4,"Alias of B.1.1.529.2.86.1.1.11.1.3.1.1.10.2.1.1.4, S:H445P, on ORF7a:T28I, ORF1a:del84-85 branch, Australia, from sars-cov-2-variants/lineage-proposals#2650",B.1.1.529.2.86.1.1.11.1.3.1.1.10.2.1.1.4
PE.1.4.1,"Alias of B.1.1.529.2.86.1.1.11.1.3.1.1.10.2.1.1.4.1, S:V1176F, Australia",B.1.1.529.2.86.1.1.11.1.3.1.1.10.2.1.1.4.1
PE.1.4.2,"Alias of B.1.1.529.2.86.1.1.11.1.3.1.1.10.2.1.1.4.2, ORF1a:H2659Y, ORF8:Q72H, Australia",B.1.1.529.2.86.1.1.11.1.3.1.1.10.2.1.1.4.2
PE.1.5,"Alias of B.1.1.529.2.86.1.1.11.1.3.1.1.10.2.1.1.5, S:T716I, New Zealand",B.1.1.529.2.86.1.1.11.1.3.1.1.10.2.1.1.5
PE.1.6,"Alias of B.1.1.529.2.86.1.1.11.1.3.1.1.10.2.1.1.6, C11050T, Australia",B.1.1.529.2.86.1.1.11.1.3.1.1.10.2.1.1.6
PE.1.7,"Alias of B.1.1.529.2.86.1.1.11.1.3.1.1.10.2.1.1.7, S:H445P, S:T547K, ORF1a:R77Q, ORF1a:A3454V, on ORF7a:T28I, ORF1a:del84-85 branch, Australia",B.1.1.529.2.86.1.1.11.1.3.1.1.10.2.1.1.7
PE.2,"Alias of B.1.1.529.2.86.1.1.11.1.3.1.1.10.2.1.2, ORF1a:E632G, New Zealand",B.1.1.529.2.86.1.1.11.1.3.1.1.10.2.1.2
PE.3,"Alias of B.1.1.529.2.86.1.1.11.1.3.1.1.10.2.1.3, N:T362I, ORF1a:S1510F, ORF7a:T28I, New Zealand, from sars-cov-2-variants/lineage-proposals#2682",B.1.1.529.2.86.1.1.11.1.3.1.1.10.2.1.3
MC.10.2.2,"Alias of B.1.1.529.2.86.1.1.11.1.3.1.1.10.2.2, ORF1a:K2200R, T10033C, from sars-cov-2-variants/lineage-proposals#2015",B.1.1.529.2.86.1.1.11.1.3.1.1.10.2.2
QP.1,"Alias of B.1.1.529.2.86.1.1.11.1.3.1.1.10.2.2.1, ORF1a:A3523V, T7402C, C17676T",B.1.1.529.2.86.1.1.11.1.3.1.1.10.2.2.1
MC.10.2.3,"Alias of B.1.1.529.2.86.1.1.11.1.3.1.1.10.2.3, S:Q1201H, ORF1b:P1427S, England",B.1.1.529.2.86.1.1.11.1.3.1.1.10.2.3
MC.11,"Alias of B.1.1.529.2.86.1.1.11.1.3.1.1.11, C17430T",B.1.1.529.2.86.1.1.11.1.3.1.1.11
MC.11.1,"Alias of B.1.1.529.2.86.1.1.11.1.3.1.1.11.1, S:S256L, Europe, from sars-cov-2-variants/lineage-proposals#1857",B.1.1.529.2.86.1.1.11.1.3.1.1.11.1
MC.11.2,"Alias of B.1.1.529.2.86.1.1.11.1.3.1.1.11.2, C186T, T25473C",B.1.1.529.2.86.1.1.11.1.3.1.1.11.2
MC.11.3,"Alias of B.1.1.529.2.86.1.1.11.1.3.1.1.11.3, ORF1b:K50R",B.1.1.529.2.86.1.1.11.1.3.1.1.11.3
MC.11.3.1,"Alias of B.1.1.529.2.86.1.1.11.1.3.1.1.11.3.1, S:T572I, ORF1a:S1905F, from sars-cov-2-variants/lineage-proposals#2222",B.1.1.529.2.86.1.1.11.1.3.1.1.11.3.1
MC.12,"Alias of B.1.1.529.2.86.1.1.11.1.3.1.1.12, S:G72E, from sars-cov-2-variants/lineage-proposals#1865",B.1.1.529.2.86.1.1.11.1.3.1.1.12
MC.13,"Alias of B.1.1.529.2.86.1.1.11.1.3.1.1.13, C10681T",B.1.1.529.2.86.1.1.11.1.3.1.1.13
MC.13.1,"Alias of B.1.1.529.2.86.1.1.11.1.3.1.1.13.1, S:S254F, USA",B.1.1.529.2.86.1.1.11.1.3.1.1.13.1
MC.13.2,"Alias of B.1.1.529.2.86.1.1.11.1.3.1.1.13.2, S:A435S, Brazil, from sars-cov-2-variants/lineage-proposals#2210",B.1.1.529.2.86.1.1.11.1.3.1.1.13.2
MC.13.2.1,"Alias of B.1.1.529.2.86.1.1.11.1.3.1.1.13.2.1, S:H1101Y, from sars-cov-2-variants/lineage-proposals#2294",B.1.1.529.2.86.1.1.11.1.3.1.1.13.2.1
MC.13.2.2,"Alias of B.1.1.529.2.86.1.1.11.1.3.1.1.13.2.2, S:R346T, ORF1a:T1638I, ORF1a:K2511N, from sars-cov-2-variants/lineage-proposals#2427",B.1.1.529.2.86.1.1.11.1.3.1.1.13.2.2
MC.13.2.3,"Alias of B.1.1.529.2.86.1.1.11.1.3.1.1.13.2.3, N:A182S",B.1.1.529.2.86.1.1.11.1.3.1.1.13.2.3
MC.13.2.4,"Alias of B.1.1.529.2.86.1.1.11.1.3.1.1.13.2.4, S:R346T, G28942A, from sars-cov-2-variants/lineage-proposals#2427",B.1.1.529.2.86.1.1.11.1.3.1.1.13.2.4
MC.13.3,"Alias of B.1.1.529.2.86.1.1.11.1.3.1.1.13.3, S:Q613E, from sars-cov-2-variants/lineage-proposals#1962",B.1.1.529.2.86.1.1.11.1.3.1.1.13.3
MC.13.3.1,"Alias of B.1.1.529.2.86.1.1.11.1.3.1.1.13.3.1, S:R346T, from #2875",B.1.1.529.2.86.1.1.11.1.3.1.1.13.3.1
MC.13.4,"Alias of B.1.1.529.2.86.1.1.11.1.3.1.1.13.4, S:T572I, ORF1a:G445V, #2870",B.1.1.529.2.86.1.1.11.1.3.1.1.13.4
MC.14,"Alias of B.1.1.529.2.86.1.1.11.1.3.1.1.14, S:T259R, from sars-cov-2-variants/lineage-proposals#1815",B.1.1.529.2.86.1.1.11.1.3.1.1.14
MC.15,"Alias of B.1.1.529.2.86.1.1.11.1.3.1.1.15, S:K182R",B.1.1.529.2.86.1.1.11.1.3.1.1.15
MC.16,"Alias of B.1.1.529.2.86.1.1.11.1.3.1.1.16, G2890A",B.1.1.529.2.86.1.1.11.1.3.1.1.16
MC.17,"Alias of B.1.1.529.2.86.1.1.11.1.3.1.1.17, S:A575S, C5512T, from #2782",B.1.1.529.2.86.1.1.11.1.3.1.1.17
MC.17.1,"Alias of B.1.1.529.2.86.1.1.11.1.3.1.1.17.1, S:R346T, from #2782",B.1.1.529.2.86.1.1.11.1.3.1.1.17.1
MC.18,"Alias of B.1.1.529.2.86.1.1.11.1.3.1.1.18, S:N185D, ORF1a:G465S, Spain/Canada, from sars-cov-2-variants/lineage-proposals#2075",B.1.1.529.2.86.1.1.11.1.3.1.1.18
MC.18.1,"Alias of B.1.1.529.2.86.1.1.11.1.3.1.1.18.1, ORF1a:A181T, ORF1b:L2560F, Canada",B.1.1.529.2.86.1.1.11.1.3.1.1.18.1
MC.18.2,"Alias of B.1.1.529.2.86.1.1.11.1.3.1.1.18.2, S:R346T, ORF1a:Y1920H, South Africa",B.1.1.529.2.86.1.1.11.1.3.1.1.18.2
MC.19,"Alias of B.1.1.529.2.86.1.1.11.1.3.1.1.19, S:R346T, from sars-cov-2-variants/lineage-proposals#1809",B.1.1.529.2.86.1.1.11.1.3.1.1.19
MC.19.1,"Alias of B.1.1.529.2.86.1.1.11.1.3.1.1.19.1, S:H445R",B.1.1.529.2.86.1.1.11.1.3.1.1.19.1
MC.19.1.1,"Alias of B.1.1.529.2.86.1.1.11.1.3.1.1.19.1.1, S:R190S, Brazil, from sars-cov-2-variants/lineage-proposals#2464",B.1.1.529.2.86.1.1.11.1.3.1.1.19.1.1
MC.20,"Alias of B.1.1.529.2.86.1.1.11.1.3.1.1.20, S:K182E, ORF1a:K1655N, Australia, from sars-cov-2-variants/lineage-proposals#2085",B.1.1.529.2.86.1.1.11.1.3.1.1.20
MC.21,"Alias of B.1.1.529.2.86.1.1.11.1.3.1.1.21, C829T",B.1.1.529.2.86.1.1.11.1.3.1.1.21
MC.21.1,"Alias of B.1.1.529.2.86.1.1.11.1.3.1.1.21.1, S:A435S, from sars-cov-2-variants/lineage-proposals#2077",B.1.1.529.2.86.1.1.11.1.3.1.1.21.1
MC.21.2,"Alias of B.1.1.529.2.86.1.1.11.1.3.1.1.21.2, S:P217T, ORF1a:N1922S, Brazil, from sars-cov-2-variants/lineage-proposals#2249",B.1.1.529.2.86.1.1.11.1.3.1.1.21.2
MC.22,"Alias of B.1.1.529.2.86.1.1.11.1.3.1.1.22, C11020T",B.1.1.529.2.86.1.1.11.1.3.1.1.22
MC.23,"Alias of B.1.1.529.2.86.1.1.11.1.3.1.1.23, ORF1b:K2557R",B.1.1.529.2.86.1.1.11.1.3.1.1.23
MC.24,"Alias of B.1.1.529.2.86.1.1.11.1.3.1.1.24, ORF3a:R68I",B.1.1.529.2.86.1.1.11.1.3.1.1.24
MC.24.1,"Alias of B.1.1.529.2.86.1.1.11.1.3.1.1.24.1, S:G184D",B.1.1.529.2.86.1.1.11.1.3.1.1.24.1
MC.24.2,"Alias of B.1.1.529.2.86.1.1.11.1.3.1.1.24.2, C4999T",B.1.1.529.2.86.1.1.11.1.3.1.1.24.2
MC.25,"Alias of B.1.1.529.2.86.1.1.11.1.3.1.1.25, S:D1260Y, from sars-cov-2-variants/lineage-proposals#2094",B.1.1.529.2.86.1.1.11.1.3.1.1.25
MC.26,"Alias of B.1.1.529.2.86.1.1.11.1.3.1.1.26, C11152T",B.1.1.529.2.86.1.1.11.1.3.1.1.26
MC.26.1,"Alias of B.1.1.529.2.86.1.1.11.1.3.1.1.26.1, S:T572I, from sars-cov-2-variants/lineage-proposals#2244",B.1.1.529.2.86.1.1.11.1.3.1.1.26.1
MC.27,"Alias of B.1.1.529.2.86.1.1.11.1.3.1.1.27, S:D111N, from sars-cov-2-variants/lineage-proposals#2108",B.1.1.529.2.86.1.1.11.1.3.1.1.27
MC.28,"Alias of B.1.1.529.2.86.1.1.11.1.3.1.1.28, T16224C",B.1.1.529.2.86.1.1.11.1.3.1.1.28
MC.28.1,"Alias of B.1.1.529.2.86.1.1.11.1.3.1.1.28.1, S:C1235F, S:A435S, from sars-cov-2-variants/lineage-proposals#2201",B.1.1.529.2.86.1.1.11.1.3.1.1.28.1
MC.28.1.1,"Alias of B.1.1.529.2.86.1.1.11.1.3.1.1.28.1.1, S:R346T, from sars-cov-2-variants/lineage-proposals#2357",B.1.1.529.2.86.1.1.11.1.3.1.1.28.1.1
MC.29,"Alias of B.1.1.529.2.86.1.1.11.1.3.1.1.29, ORF1a:N615K",B.1.1.529.2.86.1.1.11.1.3.1.1.29
MC.30,"Alias of B.1.1.529.2.86.1.1.11.1.3.1.1.30, C1093T, T15750C",B.1.1.529.2.86.1.1.11.1.3.1.1.30
MC.30.1,"Alias of B.1.1.529.2.86.1.1.11.1.3.1.1.30.1, ORF1b:P1645S, N:A119T, C23896T, C26801T",B.1.1.529.2.86.1.1.11.1.3.1.1.30.1
MC.30.1.1,"Alias of B.1.1.529.2.86.1.1.11.1.3.1.1.30.1.1, S:T572I, S:A435S, from #2860",B.1.1.529.2.86.1.1.11.1.3.1.1.30.1.1
MC.31,"Alias of B.1.1.529.2.86.1.1.11.1.3.1.1.31, S:R346T, S:A435S, ORF1a:L552F, ORF1a:S1825N, from sars-cov-2-variants/lineage-proposals#2270",B.1.1.529.2.86.1.1.11.1.3.1.1.31
MC.32,"Alias of B.1.1.529.2.86.1.1.11.1.3.1.1.32, ORF1a:T1840I, from sars-cov-2-variants/lineage-proposals#2340",B.1.1.529.2.86.1.1.11.1.3.1.1.32
MC.32.1,"Alias of B.1.1.529.2.86.1.1.11.1.3.1.1.32.1, S:R346T, S:H445R, ORF1a:T1004P, ORF1b:P2256S, South Africa, from sars-cov-2-variants/lineage-proposals#2340",B.1.1.529.2.86.1.1.11.1.3.1.1.32.1
MC.32.1.1,"Alias of B.1.1.529.2.86.1.1.11.1.3.1.1.32.1.1, S:R190S, A10828G, South Africa, from sars-cov-2-variants/lineage-proposals#2340",B.1.1.529.2.86.1.1.11.1.3.1.1.32.1.1
MC.33,"Alias of B.1.1.529.2.86.1.1.11.1.3.1.1.33, ORF1b:R1736K, from #2851",B.1.1.529.2.86.1.1.11.1.3.1.1.33
MC.33.1,"Alias of B.1.1.529.2.86.1.1.11.1.3.1.1.33.1, S:R346T, S:H445R, from #2851",B.1.1.529.2.86.1.1.11.1.3.1.1.33.1
MC.33.1.1,"Alias of B.1.1.529.2.86.1.1.11.1.3.1.1.33.1.1, S:R190S, from #2923",B.1.1.529.2.86.1.1.11.1.3.1.1.33.1.1
MC.33.2,"Alias of B.1.1.529.2.86.1.1.11.1.3.1.1.33.2, S:R346T, S:S929T, from #2851",B.1.1.529.2.86.1.1.11.1.3.1.1.33.2
MC.35,"Alias of B.1.1.529.2.86.1.1.11.1.3.1.1.35, C10432T",B.1.1.529.2.86.1.1.11.1.3.1.1.35
MC.36,"Alias of B.1.1.529.2.86.1.1.11.1.3.1.1.36, ORF1a:K141R",B.1.1.529.2.86.1.1.11.1.3.1.1.36
MC.36.1,"Alias of B.1.1.529.2.86.1.1.11.1.3.1.1.36.1, ORF1a:H110Y",B.1.1.529.2.86.1.1.11.1.3.1.1.36.1
MC.36.2,"Alias of B.1.1.529.2.86.1.1.11.1.3.1.1.36.2, S:D88E, ORF3a:S60F, from #2831",B.1.1.529.2.86.1.1.11.1.3.1.1.36.2
MC.37,"Alias of B.1.1.529.2.86.1.1.11.1.3.1.1.37, C7609T",B.1.1.529.2.86.1.1.11.1.3.1.1.37
MC.38,"Alias of B.1.1.529.2.86.1.1.11.1.3.1.1.38, S:Q239R, ORF1a:L2146F, USA/HK, from sars-cov-2-variants/lineage-proposals#2414",B.1.1.529.2.86.1.1.11.1.3.1.1.38
MC.39,"Alias of B.1.1.529.2.86.1.1.11.1.3.1.1.39, ORF3a:A39T, Japan",B.1.1.529.2.86.1.1.11.1.3.1.1.39
MC.40,"Alias of B.1.1.529.2.86.1.1.11.1.3.1.1.40, T16251C",B.1.1.529.2.86.1.1.11.1.3.1.1.40
MC.40.1,"Alias of B.1.1.529.2.86.1.1.11.1.3.1.1.40.1, S:T345S, from sars-cov-2-variants/lineage-proposals#2394",B.1.1.529.2.86.1.1.11.1.3.1.1.40.1
MC.41,"Alias of B.1.1.529.2.86.1.1.11.1.3.1.1.41, S:R346T, S:R765L, T6322C, G19962A, from sars-cov-2-variants/lineage-proposals#2388",B.1.1.529.2.86.1.1.11.1.3.1.1.41
MC.42,"Alias of B.1.1.529.2.86.1.1.11.1.3.1.1.42, C19983T",B.1.1.529.2.86.1.1.11.1.3.1.1.42
MC.43,"Alias of B.1.1.529.2.86.1.1.11.1.3.1.1.43, T5188C",B.1.1.529.2.86.1.1.11.1.3.1.1.43
MC.44,"Alias of B.1.1.529.2.86.1.1.11.1.3.1.1.44, A20712G, C21859T",B.1.1.529.2.86.1.1.11.1.3.1.1.44
MC.45,"Alias of B.1.1.529.2.86.1.1.11.1.3.1.1.45, ORF1a:T2274I, from sars-cov-2-variants/lineage-proposals#1653",B.1.1.529.2.86.1.1.11.1.3.1.1.45
MC.46,"Alias of B.1.1.529.2.86.1.1.11.1.3.1.1.46, C26028T",B.1.1.529.2.86.1.1.11.1.3.1.1.46
MC.46.1,"Alias of B.1.1.529.2.86.1.1.11.1.3.1.1.46.1, S:A435S, ORF1a:T2274I, Canada, from sars-cov-2-variants/lineage-proposals#2322",B.1.1.529.2.86.1.1.11.1.3.1.1.46.1
KP.3.1.2,"Alias of B.1.1.529.2.86.1.1.11.1.3.1.2, S:S151I，from sars-cov-2-variants/lineage-proposals#1589",B.1.1.529.2.86.1.1.11.1.3.1.2
KP.3.1.3,"Alias of B.1.1.529.2.86.1.1.11.1.3.1.3, S:S31F,from sars-cov-2-variants/lineage-proposals#1576",B.1.1.529.2.86.1.1.11.1.3.1.3
KP.3.1.4,"Alias of B.1.1.529.2.86.1.1.11.1.3.1.4, ORF1b:P1675S,from #2627",B.1.1.529.2.86.1.1.11.1.3.1.4
MM.1,"Alias of B.1.1.529.2.86.1.1.11.1.3.1.4.1, S:S680P, Europe, from sars-cov-2-variants/lineage-proposals#1624",B.1.1.529.2.86.1.1.11.1.3.1.4.1
MM.2,"Alias of B.1.1.529.2.86.1.1.11.1.3.1.4.2, S:G35R, S:N185D, from sars-cov-2-variants/lineage-proposals#1716",B.1.1.529.2.86.1.1.11.1.3.1.4.2
KP.3.1.5,"Alias of B.1.1.529.2.86.1.1.11.1.3.1.5, S:N556K, ORF1a:Q998H, ORF3a:I186V, England, from sars-cov-2-variants/lineage-proposals#1614",B.1.1.529.2.86.1.1.11.1.3.1.5
KP.3.1.6,"Alias of B.1.1.529.2.86.1.1.11.1.3.1.6, T19305C",B.1.1.529.2.86.1.1.11.1.3.1.6
MK.1,"Alias of B.1.1.529.2.86.1.1.11.1.3.1.6.1, S:S31F, UK, from sars-cov-2-variants/lineage-proposals#1605",B.1.1.529.2.86.1.1.11.1.3.1.6.1
MK.2,"Alias of B.1.1.529.2.86.1.1.11.1.3.1.6.2, S:D745G, after E:L21F, from sars-cov-2-variants/lineage-proposals#1606",B.1.1.529.2.86.1.1.11.1.3.1.6.2
MK.3,"Alias of B.1.1.529.2.86.1.1.11.1.3.1.6.3, S:R346T, S:H445R, from sars-cov-2-variants/lineage-proposals#1655",B.1.1.529.2.86.1.1.11.1.3.1.6.3
KP.3.1.7,"Alias of B.1.1.529.2.86.1.1.11.1.3.1.7, S:L84I, from #2709",B.1.1.529.2.86.1.1.11.1.3.1.7
KP.3.1.8,"Alias of B.1.1.529.2.86.1.1.11.1.3.1.8, S:F59S, A9235G, Georgia, from sars-cov-2-variants/lineage-proposals#1615",B.1.1.529.2.86.1.1.11.1.3.1.8
MY.1,"Alias of B.1.1.529.2.86.1.1.11.1.3.1.8.1, S:P174S, ORF3a:T64I, Georgia",B.1.1.529.2.86.1.1.11.1.3.1.8.1
KP.3.1.9,"Alias of B.1.1.529.2.86.1.1.11.1.3.1.9, S:N148S, S:P174S, S:T22N, S:N30-,S:S31-,S:F32I from sars-cov-2-variants/lineage-proposals#2171",B.1.1.529.2.86.1.1.11.1.3.1.9
KP.3.1.10,"Alias of B.1.1.529.2.86.1.1.11.1.3.1.10, S:N185D, ORF1a:V3917I, from sars-cov-2-variants/lineage-proposals#1853",B.1.1.529.2.86.1.1.11.1.3.1.10
KP.3.1.11,"Alias of B.1.1.529.2.86.1.1.11.1.3.1.11, ∆29728-29776  ORF1a:A2784V, T2593C, ORF1a:E452G, Spain",B.1.1.529.2.86.1.1.11.1.3.1.11
NR.1,"Alias of B.1.1.529.2.86.1.1.11.1.3.1.11.1, S:K679R, ORF1b:T250I, from sars-cov-2-variants/lineage-proposals#1802",B.1.1.529.2.86.1.1.11.1.3.1.11.1
KP.3.1.12,"Alias of B.1.1.529.2.86.1.1.11.1.3.1.12, C1102T, C14818T, ORF1a:E452G",B.1.1.529.2.86.1.1.11.1.3.1.12
KP.3.2,"Alias of B.1.1.529.2.86.1.1.11.1.3.2, A2611C, C22858T",B.1.1.529.2.86.1.1.11.1.3.2
KP.3.2.1,"Alias of B.1.1.529.2.86.1.1.11.1.3.2.1, S:A263V, Australia/Singapore, from sars-cov-2-variants/lineage-proposals#1556",B.1.1.529.2.86.1.1.11.1.3.2.1
KP.3.2.2,"Alias of B.1.1.529.2.86.1.1.11.1.3.2.2, S:W258R",B.1.1.529.2.86.1.1.11.1.3.2.2
KP.3.2.3,"Alias of B.1.1.529.2.86.1.1.11.1.3.2.3, ORF3a:S40P, C11518T",B.1.1.529.2.86.1.1.11.1.3.2.3
LW.1,"Alias of B.1.1.529.2.86.1.1.11.1.3.2.3.1, S:K182E, England",B.1.1.529.2.86.1.1.11.1.3.2.3.1
LW.1.1,"Alias of B.1.1.529.2.86.1.1.11.1.3.2.3.1.1, S:T33I, from sars-cov-2-variants/lineage-proposals#1776",B.1.1.529.2.86.1.1.11.1.3.2.3.1.1
LW.1.2,"Alias of B.1.1.529.2.86.1.1.11.1.3.2.3.1.1, S:T22N",B.1.1.529.2.86.1.1.11.1.3.2.3.1.2
KP.3.2.4,"Alias of B.1.1.529.2.86.1.1.11.1.3.2.4, ORF3a:L73F",B.1.1.529.2.86.1.1.11.1.3.2.4
KP.3.2.5,"Alias of B.1.1.529.2.86.1.1.11.1.3.2.5, S:V62F, from sars-cov-2-variants/lineage-proposals#1604",B.1.1.529.2.86.1.1.11.1.3.2.5
KP.3.2.6,"Alias of B.1.1.529.2.86.1.1.11.1.3.2.6, S:S31P, G11761A, G25617A, Asia, from sars-cov-2-variants/lineage-proposals#1899",B.1.1.529.2.86.1.1.11.1.3.2.6
PM.1,"Alias of B.1.1.529.2.86.1.1.11.1.3.2.6.1, ORF1a:P1213L",B.1.1.529.2.86.1.1.11.1.3.2.6.1
PM.1.1,"Alias of B.1.1.529.2.86.1.1.11.1.3.2.6.1.1, N:A211D",B.1.1.529.2.86.1.1.11.1.3.2.6.1.1
PM.1.2,"Alias of B.1.1.529.2.86.1.1.11.1.3.2.6.1.2, ORF1b:V2178F",B.1.1.529.2.86.1.1.11.1.3.2.6.1.2
PM.2,"Alias of B.1.1.529.2.86.1.1.11.1.3.2.6.2, S:T22N, T18753C, from sars-cov-2-variants/lineage-proposals#2283",B.1.1.529.2.86.1.1.11.1.3.2.6.2
PM.3,"Alias of B.1.1.529.2.86.1.1.11.1.3.2.6.3, T16452C",B.1.1.529.2.86.1.1.11.1.3.2.6.3
KP.3.2.7,"Alias of B.1.1.529.2.86.1.1.11.1.3.2.7, S:S31-, ORF1a:I1005L, from sars-cov-2-variants/lineage-proposals#2180",B.1.1.529.2.86.1.1.11.1.3.2.7
KP.3.2.8,"Alias of B.1.1.529.2.86.1.1.11.1.3.2.8, S:S31-, C14790T, C21590T, C18981T, from sars-cov-2-variants/lineage-proposals#2081",B.1.1.529.2.86.1.1.11.1.3.2.8
KP.3.2.9,"Alias of B.1.1.529.2.86.1.1.11.1.3.2.9, ORF1b:K2557R",B.1.1.529.2.86.1.1.11.1.3.2.9
NV.1,"Alias of B.1.1.529.2.86.1.1.11.1.3.2.9.1, S:S31-, with C7267T, from sars-cov-2-variants/lineage-proposals#2181",B.1.1.529.2.86.1.1.11.1.3.2.9.1
KP.3.3,"Alias of B.1.1.529.2.86.1.1.11.1.3.3, N:R204P, from sars-cov-2-variants/lineage-proposals#1531",B.1.1.529.2.86.1.1.11.1.3.3
KP.3.3.1,"Alias of B.1.1.529.2.86.1.1.11.1.3.3.1, S:T547K, ORF3a:F87S, from sars-cov-2-variants/lineage-proposals#1651",B.1.1.529.2.86.1.1.11.1.3.3.1
NQ.1,"Alias of B.1.1.529.2.86.1.1.11.1.3.3.1.1, S:S680P, S:A435S, ORF1b:Q1441H, South Korea/Japan",B.1.1.529.2.86.1.1.11.1.3.3.1.1
KP.3.3.2,"Alias of B.1.1.529.2.86.1.1.11.1.3.3.2, S:A435S, ORF1a:N4134T, England/Canada, from sars-cov-2-variants/lineage-proposals#1673",B.1.1.529.2.86.1.1.11.1.3.3.2
NP.1,"Alias of B.1.1.529.2.86.1.1.11.1.3.3.2.1, S:S446N, Canada, from sars-cov-2-variants/lineage-proposals#2172",B.1.1.529.2.86.1.1.11.1.3.3.2.1
NP.2,"Alias of B.1.1.529.2.86.1.1.11.1.3.3.2.2, ORF3a:A110V, USA/Canada",B.1.1.529.2.86.1.1.11.1.3.3.2.2
KP.3.3.3,"Alias of B.1.1.529.2.86.1.1.11.1.3.3.3, G9424T, Japan/Canada",B.1.1.529.2.86.1.1.11.1.3.3.3
ML.1,"Alias of B.1.1.529.2.86.1.1.11.1.3.3.3.1, S:681H, from sars-cov-2-variants/lineage-proposals#1683",B.1.1.529.2.86.1.1.11.1.3.3.3.1
ML.2,"Alias of B.1.1.529.2.86.1.1.11.1.3.3.3.2, S:Q677H, USA",B.1.1.529.2.86.1.1.11.1.3.3.3.2
KP.3.3.4,"Alias of B.1.1.529.2.86.1.1.11.1.3.3.4, ORF1a:I1367L, from #2707",B.1.1.529.2.86.1.1.11.1.3.3.4
MR.1,"Alias of B.1.1.529.2.86.1.1.11.1.3.3.4.1, S:S31del, ORF1a:V1236I, from #2704",B.1.1.529.2.86.1.1.11.1.3.3.4.1
MR.2,"Alias of B.1.1.529.2.86.1.1.11.1.3.3.4.2, S:T22N, S:F59S, from sars-cov-2-variants/lineage-proposals#2089",B.1.1.529.2.86.1.1.11.1.3.3.4.2
KP.3.3.5,"Alias of B.1.1.529.2.86.1.1.11.1.3.3.5, S:S31del, S:A435S, Chile, from #2844",B.1.1.529.2.86.1.1.11.1.3.3.5
PG.1,"Alias of B.1.1.529.2.86.1.1.11.1.3.3.5.1, S:N185D, from sars-cov-2-variants/lineage-proposals#2434",B.1.1.529.2.86.1.1.11.1.3.3.5.1
PG.2,"Alias of B.1.1.529.2.86.1.1.11.1.3.3.5.2, S:D215H, from sars-cov-2-variants/lineage-proposals#2438",B.1.1.529.2.86.1.1.11.1.3.3.5.2
PG.3,"Alias of B.1.1.529.2.86.1.1.11.1.3.3.5.3, S:R346T, from #2920",B.1.1.529.2.86.1.1.11.1.3.3.5.3
PG.3.1,"Alias of B.1.1.529.2.86.1.1.11.1.3.3.5.3.1, A9235G, C15240T, G29227T",B.1.1.529.2.86.1.1.11.1.3.3.5.3.1
PG.3.2,"Alias of B.1.1.529.2.86.1.1.11.1.3.3.5.3.2, ORF1a:N2531S",B.1.1.529.2.86.1.1.11.1.3.3.5.3.2
PG.4,"Alias of B.1.1.529.2.86.1.1.11.1.3.3.5.4, C2062T, T12142C, Chile",B.1.1.529.2.86.1.1.11.1.3.3.5.4
PG.4.1,"Alias of B.1.1.529.2.86.1.1.11.1.3.3.5.4.1, S:K679R, from sars-cov-2-variants/lineage-proposals#2495",B.1.1.529.2.86.1.1.11.1.3.3.5.4.1
PG.5,"Alias of B.1.1.529.2.86.1.1.11.1.3.3.5.5, N:L219F, C29095T",B.1.1.529.2.86.1.1.11.1.3.3.5.5
PG.6,"Alias of B.1.1.529.2.86.1.1.11.1.3.3.5.6, S:R346T, S:S446N, G29706T",B.1.1.529.2.86.1.1.11.1.3.3.5.6
KP.3.3.6,"Alias of B.1.1.529.2.86.1.1.11.1.3.3.6, S:S31del, S:D138H, Oceania, from sars-cov-2-variants/lineage-proposals#2301",B.1.1.529.2.86.1.1.11.1.3.3.6
KP.3.3.7,"Alias of B.1.1.529.2.86.1.1.11.1.3.3.7, ORF1a:T2093I, ORF1a:L642F, Japan",B.1.1.529.2.86.1.1.11.1.3.3.7
KP.3.3.8,"Alias of B.1.1.529.2.86.1.1.11.1.3.3.8, ORF1b:A1603S, S:F59S, from #2771",B.1.1.529.2.86.1.1.11.1.3.3.8
PB.1,"Alias of B.1.1.529.2.86.1.1.11.1.3.3.8.1, S:T22N, ORF1a:L3201P, Japan",B.1.1.529.2.86.1.1.11.1.3.3.8.1
PB.2,"Alias of B.1.1.529.2.86.1.1.11.1.3.3.8.2, S:T22N, S:I794T, from #2771",B.1.1.529.2.86.1.1.11.1.3.3.8.2
KP.3.3.9,"Alias of B.1.1.529.2.86.1.1.11.1.3.3.9, S:T22N, S:S31F, S:P1162S, from sars-cov-2-variants/lineage-proposals#2252",B.1.1.529.2.86.1.1.11.1.3.3.9
KP.3.3.10,"Alias of B.1.1.529.2.86.1.1.11.1.3.3.10, ORF1a:K2771E, Japan, from sars-cov-2-variants/lineage-proposals#2390",B.1.1.529.2.86.1.1.11.1.3.3.10
KP.3.4,"Alias of B.1.1.529.2.86.1.1.11.1.3.4, ORF3a:L73F, C25521T, Asia",B.1.1.529.2.86.1.1.11.1.3.4
KP.3.4.1,"Alias of B.1.1.529.2.86.1.1.11.1.3.4.1, S:S31F, N:A134V, ORF1a:E1192K, from sars-cov-2-variants/lineage-proposals#1576",B.1.1.529.2.86.1.1.11.1.3.4.1
KP.3.5,"Alias of B.1.1.529.2.86.1.1.11.1.3.5, S:G213E, most with C1420T, America, from sars-cov-2-variants/lineage-proposals#1630",B.1.1.529.2.86.1.1.11.1.3.5
KP.3.6,"Alias of B.1.1.529.2.86.1.1.11.1.3.6, S:T22N, Canada, from sars-cov-2-variants/lineage-proposals#1748",B.1.1.529.2.86.1.1.11.1.3.6
KP.3.7,"Alias of B.1.1.529.2.86.1.1.11.1.3.7, S:A435S, ORF8:E59*, from sars-cov-2-variants/lineage-proposals#1749",B.1.1.529.2.86.1.1.11.1.3.7
KP.4,"Alias of B.1.1.529.2.86.1.1.11.1.4, C6070T, India",B.1.1.529.2.86.1.1.11.1.4
KP.4.1,"Alias of B.1.1.529.2.86.1.1.11.1.4.1, S:R346T, C19884T, from sars-cov-2-variants/lineage-proposals#1089",B.1.1.529.2.86.1.1.11.1.4.1
KP.4.1.1,"Alias of B.1.1.529.2.86.1.1.11.1.4.1.1, S:W258R, India from #2521",B.1.1.529.2.86.1.1.11.1.4.1.1
KP.4.1.2,"Alias of B.1.1.529.2.86.1.1.11.1.4.1.2, S:L441V, from sars-cov-2-variants/lineage-proposals#1611",B.1.1.529.2.86.1.1.11.1.4.1.2
KP.4.1.3,"Alias of B.1.1.529.2.86.1.1.11.1.4.1.3, ORF1a:M598V, A5245G, S:31del ",B.1.1.529.2.86.1.1.11.1.4.1.3
KP.4.2,"Alias of B.1.1.529.2.86.1.1.11.1.4.2, S:R346T, S:K187R, from sars-cov-2-variants/lineage-proposals#1089",B.1.1.529.2.86.1.1.11.1.4.2
KP.4.2.1,"Alias of B.1.1.529.2.86.1.1.11.1.4.2.1, S:S31F",B.1.1.529.2.86.1.1.11.1.4.2.1
KP.4.2.2,"Alias of B.1.1.529.2.86.1.1.11.1.4.2.2, S:F59I",B.1.1.529.2.86.1.1.11.1.4.2.2
KP.4.2.3,"Alias of B.1.1.529.2.86.1.1.11.1.4.2.3, S:G35R, ORF1a:G519S, ORF1a:I2227V",B.1.1.529.2.86.1.1.11.1.4.2.3
KP.4.2.4,"Alias of B.1.1.529.2.86.1.1.11.1.4.2.4, S:S31-, S:S256L, from #2759",B.1.1.529.2.86.1.1.11.1.4.2.4
KP.4.2.5,"Alias of B.1.1.529.2.86.1.1.11.1.4.2.5, S:S60P, S:I212T, from sars-cov-2-variants/lineage-proposals#1667",B.1.1.529.2.86.1.1.11.1.4.2.5
KP.4.2.6,"Alias of B.1.1.529.2.86.1.1.11.1.4.2.6, S:R190S, from #2852",B.1.1.529.2.86.1.1.11.1.4.2.6
KP.5,"Alias of B.1.1.529.2.86.1.1.11.1.5, S:T572I, from sars-cov-2-variants/lineage-proposals#1097",B.1.1.529.2.86.1.1.11.1.5
KP.6,"Alias of B.1.1.529.2.86.1.1.11.1.6, S:R346I, from sars-cov-2-variants/lineage-proposals#1682",B.1.1.529.2.86.1.1.11.1.6
KP.7,"Alias of B.1.1.529.2.86.1.1.11.1.7, T1411C",B.1.1.529.2.86.1.1.11.1.7
KP.7.1,"Alias of B.1.1.529.2.86.1.1.11.1.7.1, M>I to S:ins16IPLF, ORF1a:L27F, Canada",B.1.1.529.2.86.1.1.11.1.7.1
JN.1.11.2,"Alias of B.1.1.529.2.86.1.1.11.2, S:R346T, S:F59L, India, from sars-cov-2-variants/lineage-proposals#1089",B.1.1.529.2.86.1.1.11.2
NJ.1,"Alias of B.1.1.529.2.86.1.1.11.2.1, S:F456L, S:K478T (rev), ORF3a:K16N, India, from sars-cov-2-variants/lineage-proposals#2068",B.1.1.529.2.86.1.1.11.2.1
JN.1.12,"Alias of B.1.1.529.2.86.1.1.12, S:F456V, ORF7a:A8T, from sars-cov-2-variants/lineage-proposals#1253",B.1.1.529.2.86.1.1.12
JN.1.13,"Alias of B.1.1.529.2.86.1.1.13, S:A1087S, after C26894T, C25680T, USA, from #2464",B.1.1.529.2.86.1.1.13
JN.1.13.1,"Alias of B.1.1.529.2.86.1.1.13.1, S:R346T, S:F59S, USA, from sars-cov-2-variants/lineage-proposals/issues/1386",B.1.1.529.2.86.1.1.13.1
KS.1,"Alias of B.1.1.529.2.86.1.1.13.1.1, S:F456L (T22928C), from sars-cov-2-variants/lineage-proposals#1253",B.1.1.529.2.86.1.1.13.1.1
KS.1.1,"Alias of B.1.1.529.2.86.1.1.13.1.1.1, S:T22N, Singapore/Taiwan/Canada, from sars-cov-2-variants/lineage-proposals#1565",B.1.1.529.2.86.1.1.13.1.1.1
KS.1.1.1,"Alias of B.1.1.529.2.86.1.1.13.1.1.1.1, ORF1a:N470T (A1674C), ORF1a:T609I (C2091T), Russia/Uzbekistan",B.1.1.529.2.86.1.1.13.1.1.1.1
NC.1,"Alias of B.1.1.529.2.86.1.1.13.1.1.1.1.1, S:R190S, Uzbekistan, from sars-cov-2-variants/lineage-proposals#1995",B.1.1.529.2.86.1.1.13.1.1.1.1.1
NC.1.1,"Alias of B.1.1.529.2.86.1.1.13.1.1.1.1.1.1, ORF1a:D1639N",B.1.1.529.2.86.1.1.13.1.1.1.1.1.1
NC.1.2,"Alias of B.1.1.529.2.86.1.1.13.1.1.1.1.1.2, S:H445P, C16887T, from sars-cov-2-variants/lineage-proposals#2212",B.1.1.529.2.86.1.1.13.1.1.1.1.1.2
NC.1.2.1,"Alias of B.1.1.529.2.86.1.1.13.1.1.1.1.1.2.1, S:K679T",B.1.1.529.2.86.1.1.13.1.1.1.1.1.2.1
NC.1.2.2,"Alias of B.1.1.529.2.86.1.1.13.1.1.1.1.1.2.2, ORF3a:E181G",B.1.1.529.2.86.1.1.13.1.1.1.1.1.2.2
NC.2,"Alias of B.1.1.529.2.86.1.1.13.1.1.1.1.2, ORF1a:G112S, from sars-cov-2-variants/lineage-proposals#1764",B.1.1.529.2.86.1.1.13.1.1.1.1.2
KS.1.1.2,"Alias of B.1.1.529.2.86.1.1.13.1.1.1.2, ORF1a:L2146F, C19716T",B.1.1.529.2.86.1.1.13.1.1.1.2
KS.1.1.3,"Alias of B.1.1.529.2.86.1.1.13.1.1.1.3, S:A575S, ORF1a:D1160Y, ORF1a:H1610Y, Russia, from sars-cov-2-variants/lineage-proposals#2326",B.1.1.529.2.86.1.1.13.1.1.1.3
KS.1.2,"Alias of B.1.1.529.2.86.1.1.13.1.1.2, S:T678I, Russia",B.1.1.529.2.86.1.1.13.1.1.2
KS.1.3,"Alias of B.1.1.529.2.86.1.1.13.1.1.3, S:V642A, Dominican Republic, from sars-cov-2-variants/lineage-proposals#1535",B.1.1.529.2.86.1.1.13.1.1.3
KS.1.4,"Alias of B.1.1.529.2.86.1.1.13.1.1.4, S:K478T (rev), S:R237K, C22414T, from sars-cov-2-variants/lineage-proposals#1752",B.1.1.529.2.86.1.1.13.1.1.4
KS.1.5,"Alias of B.1.1.529.2.86.1.1.13.1.1.5, N:T282I, C20148T, Russia",B.1.1.529.2.86.1.1.13.1.1.5
KS.2,"Alias of B.1.1.529.2.86.1.1.13.1.2, C18348T",B.1.1.529.2.86.1.1.13.1.2
JN.1.14,"Alias of B.1.1.529.2.86.1.1.14, S:R346S, after C26894T, C25680T, USA",B.1.1.529.2.86.1.1.14
JN.1.15,"Alias of B.1.1.529.2.86.1.1.15, S:A688V",B.1.1.529.2.86.1.1.15
JN.1.15.1,"Alias of B.1.1.529.2.86.1.1.15.1, S:F456L, ORF3a:R122S, Ecuador, from sars-cov-2-variants/lineage-proposals#1253",B.1.1.529.2.86.1.1.15.1
LU.1,"Alias of B.1.1.529.2.86.1.1.15.1.1, S:R346T, after C19269T, from sars-cov-2-variants/lineage-proposals#1089",B.1.1.529.2.86.1.1.15.1.1
LU.2,"Alias of B.1.1.529.2.86.1.1.15.1.2, S:R346T, after T20865C, from sars-cov-2-variants/lineage-proposals#1652",B.1.1.529.2.86.1.1.15.1.2
LU.2.1,"Alias of B.1.1.529.2.86.1.1.15.1.2.1, S:L176F, Ecuador, from sars-cov-2-variants/lineage-proposals#1751",B.1.1.529.2.86.1.1.15.1.2.1
LU.2.1.1,"Alias of B.1.1.529.2.86.1.1.15.1.2.1.1, S:S60P, S:K182N, ORF1a:L204F, ORF1a:T1854I, Ecuador, from sars-cov-2-variants/lineage-proposals#1751",B.1.1.529.2.86.1.1.15.1.2.1.1
LU.2.2,"Alias of B.1.1.529.2.86.1.1.15.1.2.2, S:Q677P, ORF1a:T1000I, Ecuador, from sars-cov-2-variants/lineage-proposals#1830",B.1.1.529.2.86.1.1.15.1.2.2
JN.1.16,"Alias of B.1.1.529.2.86.1.1.16, S:F456L (T22928C), from sars-cov-2-variants/lineage-proposals#1253",B.1.1.529.2.86.1.1.16
JN.1.16.1,"Alias of B.1.1.529.2.86.1.1.16.1, S:R346T, from sars-cov-2-variants/lineage-proposals#1089",B.1.1.529.2.86.1.1.16.1
LF.1,"Alias of B.1.1.529.2.86.1.1.16.1.1, ORF1a:A1268T, ORF1a:S2103F",B.1.1.529.2.86.1.1.16.1.1
LF.1.1,"Alias of B.1.1.529.2.86.1.1.16.1.1.1, S:P1263L, from sars-cov-2-variants/lineage-proposals#1448",B.1.1.529.2.86.1.1.16.1.1.1
LF.1.1.1,"Alias of B.1.1.529.2.86.1.1.16.1.1.1.1, S:S31-, T19209C,from sars-cov-2-variants/lineage-proposals#1502",B.1.1.529.2.86.1.1.16.1.1.1.1
LF.2,"Alias of B.1.1.529.2.86.1.1.16.1.2, ORF1a:K247R, ORF3a:Y184H, many with S:S31del, from sars-cov-2-variants/lineage-proposals#1502",B.1.1.529.2.86.1.1.16.1.2
LF.3,"Alias of B.1.1.529.2.86.1.1.16.1.3, ORF1a:A4285V, Peru",B.1.1.529.2.86.1.1.16.1.3
LF.3.1,"Alias of B.1.1.529.2.86.1.1.16.1.3.1, S:445P，from sars-cov-2-variants/lineage-proposals#1558",B.1.1.529.2.86.1.1.16.1.3.1
LF.3.1.1,"Alias of B.1.1.529.2.86.1.1.16.1.3.1.1, S:L1143F, USA-CO, from sars-cov-2-variants/lineage-proposals#1558",B.1.1.529.2.86.1.1.16.1.3.1.1
LF.3.1.2,"Alias of B.1.1.529.2.86.1.1.16.1.3.1.2, S:D745A, South America, from sars-cov-2-variants/lineage-proposals#1558",B.1.1.529.2.86.1.1.16.1.3.1.2
LF.4,"Alias of B.1.1.529.2.86.1.1.16.1.4, N:R385K, ORF1a:T4368I",B.1.1.529.2.86.1.1.16.1.4
LF.4.1,"Alias of B.1.1.529.2.86.1.1.16.1.4.1, S:31del, ORF1a:G519S, ORF8:Q29*, from sars-cov-2-variants/lineage-proposals#1590",B.1.1.529.2.86.1.1.16.1.4.1
LF.5,"Alias of B.1.1.529.2.86.1.1.16.1.5, S:T33A, S:N185D, C28660T, from sars-cov-2-variants/lineage-proposals#1627",B.1.1.529.2.86.1.1.16.1.5
LF.6,"Alias of B.1.1.529.2.86.1.1.16.1.6, T3172G, T17859C, Portugal/Spain, from #2589",B.1.1.529.2.86.1.1.16.1.6
LF.7,"Alias of B.1.1.529.2.86.1.1.16.1.7, S:T22N, S:S31P, S:K182R, S:R190S, S:K444R, ORF9b:I5T, Senegal, from #2733",B.1.1.529.2.86.1.1.16.1.7
LF.7.1,"Alias of B.1.1.529.2.86.1.1.16.1.7.1, C6310T",B.1.1.529.2.86.1.1.16.1.7.1
LF.7.1.1,"Alias of B.1.1.529.2.86.1.1.16.1.7.1.1, S:Q677L, from sars-cov-2-variants/lineage-proposals#2063",B.1.1.529.2.86.1.1.16.1.7.1.1
LF.7.1.2,"Alias of B.1.1.529.2.86.1.1.16.1.7.1.2, S:A475V, from #2805",B.1.1.529.2.86.1.1.16.1.7.1.2
NT.1,"Alias of B.1.1.529.2.86.1.1.16.1.7.1.2.1, N:T379I, Qatar",B.1.1.529.2.86.1.1.16.1.7.1.2.1
NT.2,"Alias of B.1.1.529.2.86.1.1.16.1.7.1.2.2, S:S680F, ORF1a:K527N, Peru, from sars-cov-2-variants/lineage-proposals#2426",B.1.1.529.2.86.1.1.16.1.7.1.2.2
NT.2.1,"Alias of B.1.1.529.2.86.1.1.16.1.7.1.2.2.1, S:T572I, from sars-cov-2-variants/lineage-proposals#2626",B.1.1.529.2.86.1.1.16.1.7.1.2.2.1
NT.3,"Alias of B.1.1.529.2.86.1.1.16.1.7.1.2.3, S:S680F, N:K387R, ORF8:Q23*",B.1.1.529.2.86.1.1.16.1.7.1.2.3
NT.4,"Alias of B.1.1.529.2.86.1.1.16.1.7.1.2.4, C16017T, C29200T",B.1.1.529.2.86.1.1.16.1.7.1.2.4
NT.5,"Alias of B.1.1.529.2.86.1.1.16.1.7.1.2.5, S:L1143F, ORF1a:L2447I, from sars-cov-2-variants/lineage-proposals#2381",B.1.1.529.2.86.1.1.16.1.7.1.2.5
LF.7.1.3,"Alias of B.1.1.529.2.86.1.1.16.1.7.1.3, ORF1a:A1268V, Russia",B.1.1.529.2.86.1.1.16.1.7.1.3
QA.1,"Alias of B.1.1.529.2.86.1.1.16.1.7.1.3.1, S:D1153G, from sars-cov-2-variants/lineage-proposals#2330",B.1.1.529.2.86.1.1.16.1.7.1.3.1
QA.2,"Alias of B.1.1.529.2.86.1.1.16.1.7.1.3.2, ORF1a:S1188L",B.1.1.529.2.86.1.1.16.1.7.1.3.2
QA.3,"Alias of B.1.1.529.2.86.1.1.16.1.7.1.3.3, C12473T",B.1.1.529.2.86.1.1.16.1.7.1.3.3
QA.4,"Alias of B.1.1.529.2.86.1.1.16.1.7.1.3.4, ORF1a:T2283I",B.1.1.529.2.86.1.1.16.1.7.1.3.4
QA.5,"Alias of B.1.1.529.2.86.1.1.16.1.7.1.3.5, G26828T",B.1.1.529.2.86.1.1.16.1.7.1.3.5
QA.6,"Alias of B.1.1.529.2.86.1.1.16.1.7.1.3.6, S:A845S",B.1.1.529.2.86.1.1.16.1.7.1.3.6
QA.7,"Alias of B.1.1.529.2.86.1.1.16.1.7.1.3.7, ORF1a:L2062F, ORF3a:L41H, on C203T branch",B.1.1.529.2.86.1.1.16.1.7.1.3.7
LF.7.1.4,"Alias of B.1.1.529.2.86.1.1.16.1.7.1.4, S:K529R, from sars-cov-2-variants/lineage-proposals#2211",B.1.1.529.2.86.1.1.16.1.7.1.4
PZ.1,"Alias of B.1.1.529.2.86.1.1.16.1.7.1.4.1, S:K478T (rev), ORF1b:A373V, Indonesia, from sars-cov-2-variants/lineage-proposals#2513",B.1.1.529.2.86.1.1.16.1.7.1.4.1
LF.7.1.5,"Alias of B.1.1.529.2.86.1.1.16.1.7.1.5, S:K529T, from sars-cov-2-variants/lineage-proposals#2329",B.1.1.529.2.86.1.1.16.1.7.1.5
LF.7.1.6,"Alias of B.1.1.529.2.86.1.1.16.1.7.1.6, ORF1a:S994G, ORF3a:L85F",B.1.1.529.2.86.1.1.16.1.7.1.6
QJ.1,"Alias of B.1.1.529.2.86.1.1.16.1.7.1.6.1, S:H445P, N:A398V, from sars-cov-2-variants/lineage-proposals#2535",B.1.1.529.2.86.1.1.16.1.7.1.6.1
QJ.2,"Alias of B.1.1.529.2.86.1.1.16.1.7.1.6.2, S:A475V",B.1.1.529.2.86.1.1.16.1.7.1.6.2
LF.7.1.7,"Alias of B.1.1.529.2.86.1.1.16.1.7.1.7, S:A475V, S:S680F, ORF1a:V2061F, T17124C, from sars-cov-2-variants/lineage-proposals#2474",B.1.1.529.2.86.1.1.16.1.7.1.7
LF.7.1.8,"Alias of B.1.1.529.2.86.1.1.16.1.7.1.8, S:T572I, from sars-cov-2-variants/lineage-proposals#2215",B.1.1.529.2.86.1.1.16.1.7.1.8
QD.1,"Alias of B.1.1.529.2.86.1.1.16.1.7.1.8.1, S:K478I, S:N641K, ORF1a:L1853F, ORf1a:A4285V, from sars-cov-2-variants/lineage-proposals#2215",B.1.1.529.2.86.1.1.16.1.7.1.8.1
LF.7.1.9,"Alias of B.1.1.529.2.86.1.1.16.1.7.1.9, S:K478T (rev), from sars-cov-2-variants/lineage-proposals#2490",B.1.1.529.2.86.1.1.16.1.7.1.9
LF.7.1.10,"Alias of B.1.1.529.2.86.1.1.16.1.7.1.10, S:H445P, C16767T, the non-PL.1 branch gains M>I mutation in insertion sector(S:ins16IPLF), from sars-cov-2-variants/lineage-proposals#2480",B.1.1.529.2.86.1.1.16.1.7.1.10
PL.1,"Alias of B.1.1.529.2.86.1.1.16.1.7.1.10.1, S:A475V, C26873T (S:ins16MPLF not mutated)",B.1.1.529.2.86.1.1.16.1.7.1.10.1
PL.1.1,"Alias of B.1.1.529.2.86.1.1.16.1.7.1.10.1.1, S:T345S, ORF1b:K469N, from sars-cov-2-variants/lineage-proposals#2613",B.1.1.529.2.86.1.1.16.1.7.1.10.1.1
PL.1.2,"Alias of B.1.1.529.2.86.1.1.16.1.7.1.10.1.2, T23443C",B.1.1.529.2.86.1.1.16.1.7.1.10.1.2
PL.2,"Alias of B.1.1.529.2.86.1.1.16.1.7.1.10.2, S:L5F, S:K478I, ORF1b:K2557R, on S:ins16IPLF branch, from sars-cov-2-variants/lineage-proposals#2618",B.1.1.529.2.86.1.1.16.1.7.1.10.2
PL.3,"Alias of B.1.1.529.2.86.1.1.16.1.7.1.10.3, S:L335F, S:K478T (rev), T1036C, G4936A, T24238A, on S:ins16IPLF branch, from sars-cov-2-variants/lineage-proposals#2719",B.1.1.529.2.86.1.1.16.1.7.1.10.3
PL.4,"Alias of B.1.1.529.2.86.1.1.16.1.7.1.10.4, ORF1a:R24C, ORF1a:D2402N, on S:ins16IPLF branch",B.1.1.529.2.86.1.1.16.1.7.1.10.4
PL.5,"Alias of B.1.1.529.2.86.1.1.16.1.7.1.10.5, ORF1a:T1638N, ORF1a:P2739S, on S:ins16IPLF branch",B.1.1.529.2.86.1.1.16.1.7.1.10.5
PL.6,"Alias of B.1.1.529.2.86.1.1.16.1.7.1.10.6, S:K478T (rev), S:T500A",B.1.1.529.2.86.1.1.16.1.7.1.10.6
LF.7.1.11,"Alias of B.1.1.529.2.86.1.1.16.1.7.1.11, S:Q493E, ORF1a:G1125C, from sars-cov-2-variants/lineage-proposals#2405",B.1.1.529.2.86.1.1.16.1.7.1.11
LF.7.1.12,"Alias of B.1.1.529.2.86.1.1.16.1.7.1.12, S:K478I, T17124C, from sars-cov-2-variants/lineage-proposals#2486",B.1.1.529.2.86.1.1.16.1.7.1.12
LF.7.1.13,"Alias of B.1.1.529.2.86.1.1.16.1.7.1.13, ORF1a:P1207S",B.1.1.529.2.86.1.1.16.1.7.1.13
QB.1,"Alias of B.1.1.529.2.86.1.1.16.1.7.1.13.1, S:A475V",B.1.1.529.2.86.1.1.16.1.7.1.13.1
LF.7.1.14,"Alias of B.1.1.529.2.86.1.1.16.1.7.1.14, S:K478R, from sars-cov-2-variants/lineage-proposals#2361",B.1.1.529.2.86.1.1.16.1.7.1.14
LF.7.1.15,"Alias of B.1.1.529.2.86.1.1.16.1.7.1.15, ORF1a:L2146I",B.1.1.529.2.86.1.1.16.1.7.1.15
LF.7.2,"Alias of B.1.1.529.2.86.1.1.16.1.7.2, T20799C",B.1.1.529.2.86.1.1.16.1.7.2
LF.7.2.1,"Alias of B.1.1.529.2.86.1.1.16.1.7.2.1, S:A475V, from sars-cov-2-variants/lineage-proposals#2067",B.1.1.529.2.86.1.1.16.1.7.2.1
PC.1,"Alias of B.1.1.529.2.86.1.1.16.1.7.2.1.1, S:N137K, from #2863",B.1.1.529.2.86.1.1.16.1.7.2.1.1
PC.2,"Alias of B.1.1.529.2.86.1.1.16.1.7.2.1.2, ORF3a:V13L, from sars-cov-2-variants/lineage-proposals#2456",B.1.1.529.2.86.1.1.16.1.7.2.1.2
PC.2.1,"Alias of B.1.1.529.2.86.1.1.16.1.7.2.1.2.1, ORF1a:P1921L, Singapore",B.1.1.529.2.86.1.1.16.1.7.2.1.2.1
PC.2.1.1,"Alias of B.1.1.529.2.86.1.1.16.1.7.2.1.2.1.1, ORF1b:Q1393R",B.1.1.529.2.86.1.1.16.1.7.2.1.2.1.1
PC.2.1.2,"Alias of B.1.1.529.2.86.1.1.16.1.7.2.1.2.1.2, ORF1a:L3116F",B.1.1.529.2.86.1.1.16.1.7.2.1.2.1.2
PC.2.2,"Alias of B.1.1.529.2.86.1.1.16.1.7.2.1.2.2, ORF1a:P971L, ORF1b:Q2252K, S:S680P Singapore",B.1.1.529.2.86.1.1.16.1.7.2.1.2.2
PC.2.2.1,"Alias of B.1.1.529.2.86.1.1.16.1.7.2.1.2.2.1, S:G75V, ORF1b:D2183Y, Singapore",B.1.1.529.2.86.1.1.16.1.7.2.1.2.2.1
PC.2.3,"Alias of B.1.1.529.2.86.1.1.16.1.7.2.1.2.3, T4165C",B.1.1.529.2.86.1.1.16.1.7.2.1.2.3
PC.3,"Alias of B.1.1.529.2.86.1.1.16.1.7.2.1.3, ORF1a:R287G",B.1.1.529.2.86.1.1.16.1.7.2.1.3
PC.3.1,"Alias of B.1.1.529.2.86.1.1.16.1.7.2.1.3.1, N:R204Q, from sars-cov-2-variants/lineage-proposals#2422",B.1.1.529.2.86.1.1.16.1.7.2.1.3.1
PC.3.2,"Alias of B.1.1.529.2.86.1.1.16.1.7.2.1.3.2, S:F817L, from sars-cov-2-variants/lineage-proposals#2445",B.1.1.529.2.86.1.1.16.1.7.2.1.3.2
PC.3.3,"Alias of B.1.1.529.2.86.1.1.16.1.7.2.1.3.3, S:T572I, S:S680F, from sars-cov-2-variants/lineage-proposals#2659",B.1.1.529.2.86.1.1.16.1.7.2.1.3.3
PC.3.4,"Alias of B.1.1.529.2.86.1.1.16.1.7.2.1.3.4, S:S680F, ORF1b:A2222V, from sars-cov-2-variants/lineage-proposals#2659",B.1.1.529.2.86.1.1.16.1.7.2.1.3.4
PC.4,"Alias of B.1.1.529.2.86.1.1.16.1.7.2.1.4, ORF3a:K21N",B.1.1.529.2.86.1.1.16.1.7.2.1.4
PC.4.1,"Alias of B.1.1.529.2.86.1.1.16.1.7.2.1.4.1, C13620T",B.1.1.529.2.86.1.1.16.1.7.2.1.4.1
PC.4.1.1,"Alias of B.1.1.529.2.86.1.1.16.1.7.2.1.4.1.1, S:R182T, Brazil, from sars-cov-2-variants/lineage-proposals#2566",B.1.1.529.2.86.1.1.16.1.7.2.1.4.1.1
PC.5,"Alias of B.1.1.529.2.86.1.1.16.1.7.2.1.5, S:H445P, ORF1a:P2079S",B.1.1.529.2.86.1.1.16.1.7.2.1.5
LF.7.2.2,"Alias of B.1.1.529.2.86.1.1.16.1.7.2.2, C16293T, C17745T",B.1.1.529.2.86.1.1.16.1.7.2.2
QV.1,"Alias of B.1.1.529.2.86.1.1.16.1.7.2.2.1, S:A376S, from sars-cov-2-variants/lineage-proposals#2462",B.1.1.529.2.86.1.1.16.1.7.2.2.1
QV.2,"Alias of B.1.1.529.2.86.1.1.16.1.7.2.2.2, S:R273S, ORF1a:H3580Y",B.1.1.529.2.86.1.1.16.1.7.2.2.2
LF.7.3,"Alias of B.1.1.529.2.86.1.1.16.1.7.3, C17436T",B.1.1.529.2.86.1.1.16.1.7.3
LF.7.3.1,"Alias of B.1.1.529.2.86.1.1.16.1.7.3.1, S:A475V, from sars-cov-2-variants/lineage-proposals#2067",B.1.1.529.2.86.1.1.16.1.7.3.1
LF.7.3.2,"Alias of B.1.1.529.2.86.1.1.16.1.7.3.2, S:T385I, from sars-cov-2-variants/lineage-proposals#2371",B.1.1.529.2.86.1.1.16.1.7.3.2
LF.7.3.3,"Alias of B.1.1.529.2.86.1.1.16.1.7.3.3, S:D228E , from sars-cov-2-variants/lineage-proposals#2386",B.1.1.529.2.86.1.1.16.1.7.3.3
LF.7.3.4,"Alias of B.1.1.529.2.86.1.1.16.1.7.3.4, S:445Q ",B.1.1.529.2.86.1.1.16.1.7.3.4
LF.7.3.5,"Alias of B.1.1.529.2.86.1.1.16.1.7.3.5, S:S680F",B.1.1.529.2.86.1.1.16.1.7.3.5
LF.7.3.6,"Alias of B.1.1.529.2.86.1.1.16.1.7.3.6, S:S680P",B.1.1.529.2.86.1.1.16.1.7.3.6
LF.7.4,"Alias of B.1.1.529.2.86.1.1.16.1.7.4, S:T961M, from sars-cov-2-variants/lineage-proposals#1996",B.1.1.529.2.86.1.1.16.1.7.4
LF.7.5,"Alias of B.1.1.529.2.86.1.1.16.1.7.5, A15828G",B.1.1.529.2.86.1.1.16.1.7.5
LF.7.6,"Alias of B.1.1.529.2.86.1.1.16.1.7.6, C29119T",B.1.1.529.2.86.1.1.16.1.7.6
LF.7.6.1,"Alias of B.1.1.529.2.86.1.1.16.1.7.6.1, S:T385I, ORF1a:R3164H, ORF3a:A33S, ORF10:L16P, from sars-cov-2-variants/lineage-proposals#2292",B.1.1.529.2.86.1.1.16.1.7.6.1
LF.7.6.2,"Alias of B.1.1.529.2.86.1.1.16.1.7.6.2, S:L441R, S:R444K (rev), S:H445P, most with C11008T, from sars-cov-2-variants/lineage-proposals#2346",B.1.1.529.2.86.1.1.16.1.7.6.2
QC.1,"Alias of B.1.1.529.2.86.1.1.16.1.7.6.2.1 S:K478T (rev), C29675T, without C11008T, from sars-cov-2-variants/lineage-proposals#2600",B.1.1.529.2.86.1.1.16.1.7.6.2.1
QC.2,"Alias of B.1.1.529.2.86.1.1.16.1.7.6.2.2, S:D1153A, ORF1a:V2356A, on G27122A branch, from sars-cov-2-variants/lineage-proposals#2543",B.1.1.529.2.86.1.1.16.1.7.6.2.2
QC.2.1,"Alias of B.1.1.529.2.86.1.1.16.1.7.6.2.2.1, S:A475V, on ORF1b:V658I branch, from sars-cov-2-variants/lineage-proposals#2543",B.1.1.529.2.86.1.1.16.1.7.6.2.2.1
QC.2.2,"Alias of B.1.1.529.2.86.1.1.16.1.7.6.2.2.2, M:L29F, on ORF1b:V658I branch",B.1.1.529.2.86.1.1.16.1.7.6.2.2.2
QC.2.3,"Alias of B.1.1.529.2.86.1.1.16.1.7.6.2.2.3, S:D808E",B.1.1.529.2.86.1.1.16.1.7.6.2.2.3
QC.3,"Alias of B.1.1.529.2.86.1.1.16.1.7.6.2.3, S:P251S, on G27122A branch",B.1.1.529.2.86.1.1.16.1.7.6.2.3
QC.4,"Alias of B.1.1.529.2.86.1.1.16.1.7.6.2.4, N:R41Q, on G27122A branch",B.1.1.529.2.86.1.1.16.1.7.6.2.4
QC.4.1,"Alias of B.1.1.529.2.86.1.1.16.1.7.6.2.4.1, S:A475V, French-Guiana",B.1.1.529.2.86.1.1.16.1.7.6.2.4.1
QC.5,"Alias of B.1.1.529.2.86.1.1.16.1.7.6.2.5, S:K478L, ORF1a:L747F, ORF1a:P1213L, ORF1a:S2500F, France",B.1.1.529.2.86.1.1.16.1.7.6.2.5
QC.6,"Alias of B.1.1.529.2.86.1.1.16.1.7.6.2.6, S:G181R, ORF1b:L1681F",B.1.1.529.2.86.1.1.16.1.7.6.2.6
LF.7.6.3,"Alias of B.1.1.529.2.86.1.1.16.1.7.6.3, ORF1a:T224I",B.1.1.529.2.86.1.1.16.1.7.6.3
LF.7.6.4,"Alias of B.1.1.529.2.86.1.1.16.1.7.6.4, S:K478T (rev), S:T572I, on ORF1a:E1340D Branch",B.1.1.529.2.86.1.1.16.1.7.6.4
LF.7.6.5,"Alias of B.1.1.529.2.86.1.1.16.1.7.6.5, S:T572I, C23575T, on ORF1a:E1340D Branch, from sars-cov-2-variants/lineage-proposals#2215",B.1.1.529.2.86.1.1.16.1.7.6.5
LF.7.7,"Alias of B.1.1.529.2.86.1.1.16.1.7.7, ORF1a:R1225I",B.1.1.529.2.86.1.1.16.1.7.7
LF.7.7.1,"Alias of B.1.1.529.2.86.1.1.16.1.7.7.1, S:T572I, Peru, from sars-cov-2-variants/lineage-proposals#2215",B.1.1.529.2.86.1.1.16.1.7.7.1
PV.1,"Alias of B.1.1.529.2.86.1.1.16.1.7.7.1.1, S:S680P, ORF1b:K134R, from sars-cov-2-variants/lineage-proposals#2501",B.1.1.529.2.86.1.1.16.1.7.7.1.1
PV.2,"Alias of B.1.1.529.2.86.1.1.16.1.7.7.1.2, S:A688V",B.1.1.529.2.86.1.1.16.1.7.7.1.2
PV.3,"Alias of B.1.1.529.2.86.1.1.16.1.7.7.1.3, S:A475V, from sars-cov-2-variants/lineage-proposals#2539",B.1.1.529.2.86.1.1.16.1.7.7.1.3
PV.3.1,"Alias of B.1.1.529.2.86.1.1.16.1.7.7.1.3.1, S:Q675K",B.1.1.529.2.86.1.1.16.1.7.7.1.3.1
LF.7.7.2,"Alias of B.1.1.529.2.86.1.1.16.1.7.7.2, S:H445P, from sars-cov-2-variants/lineage-proposals#2349",B.1.1.529.2.86.1.1.16.1.7.7.2
QR.1,"Alias of B.1.1.529.2.86.1.1.16.1.7.7.2.1, T1183A, C7765T, T17166C, C24130T",B.1.1.529.2.86.1.1.16.1.7.7.2.1
QR.2,"Alias of B.1.1.529.2.86.1.1.16.1.7.7.2.2, S:K478R, S:T572I, from sars-cov-2-variants/lineage-proposals#2759",B.1.1.529.2.86.1.1.16.1.7.7.2.2
LF.7.8,"Alias of B.1.1.529.2.86.1.1.16.1.7.8, S:H445P, S:T676N, ORF1a:K3353R, T22993C (rev), USA/Canada, from sars-cov-2-variants/lineage-proposals#2392",B.1.1.529.2.86.1.1.16.1.7.8
LF.7.9,"Alias of B.1.1.529.2.86.1.1.16.1.7.9, S:L441R, S:H445P, S:A475V, from sars-cov-2-variants/lineage-proposals#2473",B.1.1.529.2.86.1.1.16.1.7.9
LF.7.9.1,"Alias of B.1.1.529.2.86.1.1.16.1.7.9.1, ORF3a:G44E, C9592T, C15660T, C4586T",B.1.1.529.2.86.1.1.16.1.7.9.1
PY.1,"Alias of B.1.1.529.2.86.1.1.16.1.7.9.1.1, A10978T, C19029T, T27484C, India",B.1.1.529.2.86.1.1.16.1.7.9.1.1
PY.1.1,"Alias of B.1.1.529.2.86.1.1.16.1.7.9.1.1.1, S:K679R, ORF1a:A486V, G8863A, India",B.1.1.529.2.86.1.1.16.1.7.9.1.1.1
PY.1.1.1,"Alias of B.1.1.529.2.86.1.1.16.1.7.9.1.1.1.1, S:A435S, ORF1a:M3862I, India, from sars-cov-2-variants/lineage-proposals#2585",B.1.1.529.2.86.1.1.16.1.7.9.1.1.1.1
PY.1.2,"Alias of B.1.1.529.2.86.1.1.16.1.7.9.1.1.2, ORF1a:F2173L, ORF8:A51V",B.1.1.529.2.86.1.1.16.1.7.9.1.1.2
PY.1.3,"Alias of B.1.1.529.2.86.1.1.16.1.7.9.1.1.3, T24163C",B.1.1.529.2.86.1.1.16.1.7.9.1.1.3
PY.1.4,"Alias of B.1.1.529.2.86.1.1.16.1.7.9.1.1.4, ORF1b:S638I",B.1.1.529.2.86.1.1.16.1.7.9.1.1.4
PY.1.4.1,"Alias of B.1.1.529.2.86.1.1.16.1.7.9.1.1.4.1, S:A435S, from sars-cov-2-variants/lineage-proposals#2585",B.1.1.529.2.86.1.1.16.1.7.9.1.1.4.1
PY.1.5,"Alias of B.1.1.529.2.86.1.1.16.1.7.9.1.1.5, C11173A",B.1.1.529.2.86.1.1.16.1.7.9.1.1.5
PY.1.6,"Alias of B.1.1.529.2.86.1.1.16.1.7.9.1.1.6, C29144T",B.1.1.529.2.86.1.1.16.1.7.9.1.1.6
PY.1.7,"Alias of B.1.1.529.2.86.1.1.16.1.7.9.1.1.7, C16338T",B.1.1.529.2.86.1.1.16.1.7.9.1.1.7
PY.1.8,"Alias of B.1.1.529.2.86.1.1.16.1.7.9.1.1.8, C1387T, G27516A",B.1.1.529.2.86.1.1.16.1.7.9.1.1.8
PY.2,"Alias of B.1.1.529.2.86.1.1.16.1.7.9.1.2, ORF1a:R226K, Pakistan/India",B.1.1.529.2.86.1.1.16.1.7.9.1.2
PY.3,"Alias of B.1.1.529.2.86.1.1.16.1.7.9.1.3, C17850T",B.1.1.529.2.86.1.1.16.1.7.9.1.3
PY.4,"Alias of B.1.1.529.2.86.1.1.16.1.7.9.1.4, S:L335F, C22624T, from sars-cov-2-variants/lineage-proposals#2473",B.1.1.529.2.86.1.1.16.1.7.9.1.4
PY.4.1,"Alias of B.1.1.529.2.86.1.1.16.1.7.9.1.4.1, S:K478T (rev), from sars-cov-2-variants/lineage-proposals#2680",B.1.1.529.2.86.1.1.16.1.7.9.1.4.1
PY.5,"Alias of B.1.1.529.2.86.1.1.16.1.7.9.1.5, C25624T",B.1.1.529.2.86.1.1.16.1.7.9.1.5
PY.6,"Alias of B.1.1.529.2.86.1.1.16.1.7.9.1.6, ORF3a:A23V, ORF7b:L11F",B.1.1.529.2.86.1.1.16.1.7.9.1.6
LF.7.9.2,"Alias of B.1.1.529.2.86.1.1.16.1.7.9.2, ORF1a:A2279T, ORF7a:F13L",B.1.1.529.2.86.1.1.16.1.7.9.2
PW.1,"Alias of B.1.1.529.2.86.1.1.16.1.7.9.2.1, S:T572I, from sars-cov-2-variants/lineage-proposals#2552",B.1.1.529.2.86.1.1.16.1.7.9.2.1
PW.2,"Alias of B.1.1.529.2.86.1.1.16.1.7.9.2.2, ORF1a:S1221P, ORF1a:D2980G",B.1.1.529.2.86.1.1.16.1.7.9.2.2
PW.3,"Alias of B.1.1.529.2.86.1.1.16.1.7.9.2.3, S:Q52R, Spain, from sars-cov-2-variants/lineage-proposals#2691",B.1.1.529.2.86.1.1.16.1.7.9.2.3
LF.7.9.3,"Alias of B.1.1.529.2.86.1.1.16.1.7.9.3, ORF1b:T310I, M:L29F",B.1.1.529.2.86.1.1.16.1.7.9.3
LF.7.9.4,"Alias of B.1.1.529.2.86.1.1.16.1.7.9.4, ORF1a:A2139V",B.1.1.529.2.86.1.1.16.1.7.9.4
LF.7.9.5,"Alias of B.1.1.529.2.86.1.1.16.1.7.9.5, C12100T",B.1.1.529.2.86.1.1.16.1.7.9.5
LF.7.10,"Alias of B.1.1.529.2.86.1.1.16.1.7.10, C3688T, with T22993C reversion",B.1.1.529.2.86.1.1.16.1.7.10
LF.7.10.1,"Alias of B.1.1.529.2.86.1.1.16.1.7.10.1, S:H445P, S:T572I, from sars-cov-2-variants/lineage-proposals#2542",B.1.1.529.2.86.1.1.16.1.7.10.1
LF.7.10.2,"Alias of B.1.1.529.2.86.1.1.16.1.7.10.2, S:K478T (rev), T24523A, Kenya",B.1.1.529.2.86.1.1.16.1.7.10.2
LF.7.11,"Alias of B.1.1.529.2.86.1.1.16.1.7.11, S:H445P, S:K478T (rev), note: for now define broadly not requiring S:G946R, from sars-cov-2-variants/lineage-proposals#2714",B.1.1.529.2.86.1.1.16.1.7.11
LF.7.11.1,"Alias of B.1.1.529.2.86.1.1.16.1.7.11.1, ORF1b:N1932K, before S:A1174V, N:A90T branch",B.1.1.529.2.86.1.1.16.1.7.11.1
LF.7.11.2,"Alias of B.1.1.529.2.86.1.1.16.1.7.11.2, ORF1a:S2488F, on S:A1174V, N:A90T branch",B.1.1.529.2.86.1.1.16.1.7.11.2
LF.7.11.3,"Alias of B.1.1.529.2.86.1.1.16.1.7.11.3, ORF1b:E513D, on S:A1174V, N:A90T branch",B.1.1.529.2.86.1.1.16.1.7.11.3
LF.7.12,"Alias of B.1.1.529.2.86.1.1.16.1.7.12, S:A475V, ORF1b:S997P, from sars-cov-2-variants/lineage-proposals#2526",B.1.1.529.2.86.1.1.16.1.7.12
LF.7.12.1,"Alias of B.1.1.529.2.86.1.1.16.1.7.12.1, S:H445R, S:K529N, S:T604I, from sars-cov-2-variants/lineage-proposals#2526",B.1.1.529.2.86.1.1.16.1.7.12.1
LF.8,"Alias of B.1.1.529.2.86.1.1.16.1.8, S:M153I, C3244T, A18432T, C27110T, from sars-cov-2-variants/lineage-proposals#1863",B.1.1.529.2.86.1.1.16.1.8
LF.8.1,"Alias of B.1.1.529.2.86.1.1.16.1.8.1, S:S31F, from sars-cov-2-variants/lineage-proposals#1863",B.1.1.529.2.86.1.1.16.1.8.1
LF.8.1.1,"Alias of B.1.1.529.2.86.1.1.16.1.8.1, S:T22N, from sars-cov-2-variants/lineage-proposals#1863",B.1.1.529.2.86.1.1.16.1.8.1.1
ND.1,"Alias of B.1.1.529.2.86.1.1.16.1.8.1.1.1, ORF1a:L4391F",B.1.1.529.2.86.1.1.16.1.8.1.1.1
ND.1.1,"Alias of B.1.1.529.2.86.1.1.16.1.8.1.1.1.1, S:K478T, from sars-cov-2-variants/lineage-proposals#1982",B.1.1.529.2.86.1.1.16.1.8.1.1.1.1
ND.1.1.1,"Alias of B.1.1.529.2.86.1.1.16.1.8.1.1.1.1.1, S:L176F, ORF1a:G572E, from sars-cov-2-variants/lineage-proposals#2230",B.1.1.529.2.86.1.1.16.1.8.1.1.1.1.1
ND.1.1.2,"Alias of B.1.1.529.2.86.1.1.16.1.8.1.1.1.1.2, ORF1b:M1596I",B.1.1.529.2.86.1.1.16.1.8.1.1.1.1.2
ND.1.1.3,"Alias of B.1.1.529.2.86.1.1.16.1.8.1.1.1.1.3, S:F32S, ORF1a:D1547Y, ORF1a:A4155S, ORF6:I33M, from sars-cov-2-variants/lineage-proposals#2326",B.1.1.529.2.86.1.1.16.1.8.1.1.1.1.3
ND.2,"Alias of B.1.1.529.2.86.1.1.16.1.8.1.1.2, S:K478E, from sars-cov-2-variants/lineage-proposals#1929",B.1.1.529.2.86.1.1.16.1.8.1.1.2
ND.2.1,"Alias of B.1.1.529.2.86.1.1.16.1.8.1.1.2.1, S:K1191R",B.1.1.529.2.86.1.1.16.1.8.1.1.2.1
ND.3,"Alias of B.1.1.529.2.86.1.1.16.1.8.1.1.3, S:K478I, N:S23T, US/NZ, from sars-cov-2-variants/lineage-proposals#2158",B.1.1.529.2.86.1.1.16.1.8.1.1.3
LF.9,"Alias of B.1.1.529.2.86.1.1.16.1.9, S:S60P, from sars-cov-2-variants/lineage-proposals#1718",B.1.1.529.2.86.1.1.16.1.9
LF.9.1,"Alias of B.1.1.529.2.86.1.1.16.1.9.1, S:N185D, from sars-cov-2-variants/lineage-proposals#1718",B.1.1.529.2.86.1.1.16.1.9.1
LF.10,"Alias of B.1.1.529.2.86.1.1.16.1.10, S:K182E, C15738T, T29785C, Senegal",B.1.1.529.2.86.1.1.16.1.10
JN.1.16.2,"Alias of B.1.1.529.2.86.1.1.16.2, C4777T, from sars-cov-2-variants/lineage-proposals#1253",B.1.1.529.2.86.1.1.16.2
LA.1,"Alias of B.1.1.529.2.86.1.1.16.2.1, S:R346T, from sars-cov-2-variants/lineage-proposals#1253",B.1.1.529.2.86.1.1.16.2.1
LA.2,"Alias of B.1.1.529.2.86.1.1.16.2.2, S:R346I, from sars-cov-2-variants/lineage-proposals#1089",B.1.1.529.2.86.1.1.16.2.2
JN.1.16.3,"Alias of B.1.1.529.2.86.1.1.16.3, S:T572I",B.1.1.529.2.86.1.1.16.3
NS.1,"Alias of B.1.1.529.2.86.1.1.16.3.1, ORF1a:W2769C, G16065A, Asia",B.1.1.529.2.86.1.1.16.3.1
NS.1.1,"Alias of B.1.1.529.2.86.1.1.16.3.1.1, S:H445P, from sars-cov-2-variants/lineage-proposals#2160",B.1.1.529.2.86.1.1.16.3.1.1
NS.1.2,"Alias of B.1.1.529.2.86.1.1.16.3.1.2, S:K679R",B.1.1.529.2.86.1.1.16.3.1.2
NS.2,"Alias of B.1.1.529.2.86.1.1.16.3.2, A21258G, China",B.1.1.529.2.86.1.1.16.3.2
NS.3,"Alias of B.1.1.529.2.86.1.1.16.3.3, N:T379I, ORF1b:T1522I, China",B.1.1.529.2.86.1.1.16.3.3
JN.1.16.4,"Alias of B.1.1.529.2.86.1.1.16.4, S:Q493E, ORF1a:G400S, ORF7a:F59K, East Asia, from sars-cov-2-variants/lineage-proposals#1702",B.1.1.529.2.86.1.1.16.4
MT.1,"Alias of B.1.1.529.2.86.1.1.16.4.1, S:S31P, N:P279S, from sars-cov-2-variants/lineage-proposals#1702",B.1.1.529.2.86.1.1.16.4.1
MT.1.1,"Alias of B.1.1.529.2.86.1.1.16.4.1.1, S:T22N, Asia, from sars-cov-2-variants/lineage-proposals#2100",B.1.1.529.2.86.1.1.16.4.1.1
JN.1.16.5,"Alias of B.1.1.529.2.86.1.1.16.5, S:T22N, S:Q493E, from sars-cov-2-variants/lineage-proposals#1253",B.1.1.529.2.86.1.1.16.5
NF.1,"Alias of B.1.1.529.2.86.1.1.16.5.1, S:S31P",B.1.1.529.2.86.1.1.16.5.1
NF.1.1,"Alias of B.1.1.529.2.86.1.1.16.5.1.1, S:A899S",B.1.1.529.2.86.1.1.16.5.1.1
NF.1.2,"Alias of B.1.1.529.2.86.1.1.16.5.1.2, S:D1260Y after ORF8:A65V, on ORF3a:N82Y branch, Canada/US",B.1.1.529.2.86.1.1.16.5.1.2
NF.1.3,"Alias of B.1.1.529.2.86.1.1.16.5.1.3, S:T572I after ORF8:A65V, on ORF3a:N82Y branch",B.1.1.529.2.86.1.1.16.5.1.3
NF.1.4,"Alias of B.1.1.529.2.86.1.1.16.5.1.4, S:T1273I, on ORF3a:N82Y branch",B.1.1.529.2.86.1.1.16.5.1.4
NF.1.5,"Alias of B.1.1.529.2.86.1.1.16.5.1.5, S:R346T, on ORF3a:N82Y branch, Sweden",B.1.1.529.2.86.1.1.16.5.1.5
JN.1.17,"Alias of B.1.1.529.2.86.1.1.17, S:A222V, USA",B.1.1.529.2.86.1.1.17
JN.1.18,"Alias of B.1.1.529.2.86.1.1.18, S:R346T, directly on JN.1 polytomy, from sars-cov-2-variants/lineage-proposals#1089",B.1.1.529.2.86.1.1.18
JN.1.18.1,"Alias of B.1.1.529.2.86.1.1.18.1, S:T250N, from sars-cov-2-variants/lineage-proposals#1414",B.1.1.529.2.86.1.1.18.1
LQ.1,"Alias of B.1.1.529.2.86.1.1.18.1.1, S:F456L (22928C), from #2596",B.1.1.529.2.86.1.1.18.1.1
LQ.1.1,"Alias of B.1.1.529.2.86.1.1.18.1.1.1, S:P272H, from #2596",B.1.1.529.2.86.1.1.18.1.1.1
LQ.1.1.1,"Alias of B.1.1.529.2.86.1.1.18.1.1.1.1, S:K679R, from sars-cov-2-variants/lineage-proposals#1805",B.1.1.529.2.86.1.1.18.1.1.1.1
LQ.1.2,"Alias of B.1.1.529.2.86.1.1.18.1.1.2, ORF3a: T221I",B.1.1.529.2.86.1.1.18.1.1.2
LQ.2,"Alias of B.1.1.529.2.86.1.1.18.1.2, S:N556K, China,from sars-cov-2-variants/lineage-proposals#1414",B.1.1.529.2.86.1.1.18.1.2
LQ.3,"Alias of B.1.1.529.2.86.1.1.18.1.3, ORF1a:T1761I, Russia",B.1.1.529.2.86.1.1.18.1.3
JN.1.18.2,"Alias of B.1.1.529.2.86.1.1.18.2, S:F59S, after C4331T, T22321C, from sars-cov-2-variants/lineage-proposals#1441",B.1.1.529.2.86.1.1.18.2
LZ.1,"Alias of B.1.1.529.2.86.1.1.18.2.1, S:F456L (T22930A), N:A152T, ORF1a:I740V, on T23377C branch, from #2654",B.1.1.529.2.86.1.1.18.2.1
LZ.1.1,"Alias of B.1.1.529.2.86.1.1.18.2.1.1, S:P217S, S:N1125S from #2654",B.1.1.529.2.86.1.1.18.2.1.1
LZ.2,"Alias of B.1.1.529.2.86.1.1.18.2.2, S:F456L (T22928C), on ORF1a:K1226E branch, China, from sars-cov-2-variants/lineage-proposals#1089",B.1.1.529.2.86.1.1.18.2.2
LZ.2.1,"Alias of B.1.1.529.2.86.1.1.18.2.2.1, ORF10:Q29*",B.1.1.529.2.86.1.1.18.2.2.1
LZ.2.1.1,"Alias of B.1.1.529.2.86.1.1.18.2.2.1.1, S:K478E, from sars-cov-2-variants/lineage-proposals#2092",B.1.1.529.2.86.1.1.18.2.2.1.1
LZ.2.1.2,"Alias of B.1.1.529.2.86.1.1.18.2.2.1.2, S:K478T (rev), from sars-cov-2-variants/lineage-proposals#1909",B.1.1.529.2.86.1.1.18.2.2.1.2
LZ.2.2,"Alias of B.1.1.529.2.86.1.1.18.2.2.2, T2032C, C19041T, China",B.1.1.529.2.86.1.1.18.2.2.2
LZ.3,"Alias of B.1.1.529.2.86.1.1.18.2.3, S:T572I, on ORF1a:K1226E branch",B.1.1.529.2.86.1.1.18.2.3
LZ.4,"Alias of B.1.1.529.2.86.1.1.18.2.4, S:R190S, on T23377C branch",B.1.1.529.2.86.1.1.18.2.4
LZ.5,"Alias of B.1.1.529.2.86.1.1.18.2.5, C19185T",B.1.1.529.2.86.1.1.18.2.5
JN.1.18.3,"Alias of B.1.1.529.2.86.1.1.18.3, S:F456V (T22928G), from sars-cov-2-variants/lineage-proposals#1253",B.1.1.529.2.86.1.1.18.3
MA.1,"Alias of B.1.1.529.2.86.1.1.18.3.1, S:R190S, S:31del, from sars-cov-2-variants/lineage-proposals#1635",B.1.1.529.2.86.1.1.18.3.1
MA.1.1,"Alias of B.1.1.529.2.86.1.1.18.3.1.1, S:E780A, from sars-cov-2-variants/lineage-proposals#1761",B.1.1.529.2.86.1.1.18.3.1.1
MA.1.1.1,"Alias of B.1.1.529.2.86.1.1.18.3.1.1.1, S:H445P, from sars-cov-2-variants/lineage-proposals#1761",B.1.1.529.2.86.1.1.18.3.1.1.1
MA.1.2,"Alias of B.1.1.529.2.86.1.1.18.3.1.2, A9604G, C27259A (rev)",B.1.1.529.2.86.1.1.18.3.1.2
JN.1.18.4,"Alias of B.1.1.529.2.86.1.1.18.4, S:F456L (T22930G), ORF6:I60T, T23036C, Ghana from #2567",B.1.1.529.2.86.1.1.18.4
LH.1,"Alias of B.1.1.529.2.86.1.1.18.4.1, S:K182I from #2567",B.1.1.529.2.86.1.1.18.4.1
LH.2,"Alias of B.1.1.529.2.86.1.1.18.4.2, S:I197V, S:P251H from #2567",B.1.1.529.2.86.1.1.18.4.2
LH.3,"Alias of B.1.1.529.2.86.1.1.18.4.3, S:S60P",B.1.1.529.2.86.1.1.18.4.3
JN.1.18.5,"Alias of B.1.1.529.2.86.1.1.18.5, S:F456L (T22930A), from sars-cov-2-variants/lineage-proposals#1089",B.1.1.529.2.86.1.1.18.5
LS.1,"Alias of B.1.1.529.2.86.1.1.18.5.1, S:Y28H, S:L189A, S:184-188del, ORF1a:E940D, Senegal",B.1.1.529.2.86.1.1.18.5.1
LS.2,"Alias of B.1.1.529.2.86.1.1.18.5.2, T4369C, C20178T, Senegal, from sars-cov-2-variants/lineage-proposals#2346",B.1.1.529.2.86.1.1.18.5.2
LS.2.1,"Alias of B.1.1.529.2.86.1.1.18.5.2.1, G11926A, G27414A",B.1.1.529.2.86.1.1.18.5.2.1
LS.2.1.1,"Alias of B.1.1.529.2.86.1.1.18.5.2.1.1, S:H445P, S:T791A",B.1.1.529.2.86.1.1.18.5.2.1.1
JN.1.18.6,"Alias of B.1.1.529.2.86.1.1.18.6, S:F456L (T22928C), S:F59S from #2623",B.1.1.529.2.86.1.1.18.6
LY.1,"Alias of B.1.1.529.2.86.1.1.18.6.1, S:F65Y, S:Q183P from #2623",B.1.1.529.2.86.1.1.18.6.1
LY.2,"Alias of B.1.1.529.2.86.1.1.18.6.2, S:Q183H, C2143T",B.1.1.529.2.86.1.1.18.6.2
JN.1.18.7,"Alias of B.1.1.529.2.86.1.1.18.7, S:T22N, S:F59S, S:D1260Y from #2623",B.1.1.529.2.86.1.1.18.7
MN.1,"Alias of B.1.1.529.2.86.1.1.18.7.1, S:D80Y, S:P174S, S:S689N, England/Wales, from sars-cov-2-variants/lineage-proposals#1685",B.1.1.529.2.86.1.1.18.7.1
JN.1.18.8,"Alias of B.1.1.529.2.86.1.1.18.8, S:S31del, ORF1a:A690V, ORF1b:S2339F, France",B.1.1.529.2.86.1.1.18.8
JN.1.18.9,"Alias of B.1.1.529.2.86.1.1.18.9, C18348T",B.1.1.529.2.86.1.1.18.9
JN.1.19,"Alias of B.1.1.529.2.86.1.1.19, ORF8:I71V",B.1.1.529.2.86.1.1.19
JN.1.20,"Alias of B.1.1.529.2.86.1.1.20, S:S31F, directly on JN.1 polytomy",B.1.1.529.2.86.1.1.20
JN.1.21,"Alias of B.1.1.529.2.86.1.1.21, S:H1058Y, from sars-cov-2-variants/lineage-proposals#1162",B.1.1.529.2.86.1.1.21
JN.1.22,"Alias of B.1.1.529.2.86.1.1.22, ORF1a:S505F, C13019T, from #2465",B.1.1.529.2.86.1.1.22
JN.1.23,"Alias of B.1.1.529.2.86.1.1.23, S:K444R, S:Y453F, ORF1a:A307V, ORF1a:P2144L, Brazil, from #2488",B.1.1.529.2.86.1.1.23
JN.1.23.1,"Alias of B.1.1.529.2.86.1.1.23.1, S:V1264L(G25352T), S:N137K, Brazil, from sars-cov-2-variants/lineage-proposals#1552",B.1.1.529.2.86.1.1.23.1
PK.1,"Alias of B.1.1.529.2.86.1.1.23.1.1, S:R346T, S:F456V, Brazil, from sars-cov-2-variants/lineage-proposals#1877",B.1.1.529.2.86.1.1.23.1.1
PK.1.1,"Alias of B.1.1.529.2.86.1.1.23.1.1.1, S:L54S, S:P85S, Brazil, from sars-cov-2-variants/lineage-proposals#1877",B.1.1.529.2.86.1.1.23.1.1.1
JN.1.24,"Alias of B.1.1.529.2.86.1.1.24, S:C1243F, USA",B.1.1.529.2.86.1.1.24
JN.1.24.1,"Alias of B.1.1.529.2.86.1.1.24.1, S:R346T, from sars-cov-2-variants/lineage-proposals#1089",B.1.1.529.2.86.1.1.24.1
JN.1.25,"Alias of B.1.1.529.2.86.1.1.25, C706T, A7708T, India",B.1.1.529.2.86.1.1.25
JN.1.25.1,"Alias of B.1.1.529.2.86.1.1.25.1, S:R346T, India",B.1.1.529.2.86.1.1.25.1
LM.1,"Alias of B.1.1.529.2.86.1.1.25.1.1, S:F456L, from sars-cov-2-variants/lineage-proposals#1089",B.1.1.529.2.86.1.1.25.1.1
JN.1.26,"Alias of B.1.1.529.2.86.1.1.26, S:R346T, after C26894T, USA, from sars-cov-2-variants/lineage-proposals#1089",B.1.1.529.2.86.1.1.26
JN.1.27,"Alias of B.1.1.529.2.86.1.1.27, S:M153I, after C26894T, C25680T, USA, from sars-cov-2-variants/lineage-proposals#1403",B.1.1.529.2.86.1.1.27
JN.1.28,"Alias of B.1.1.529.2.86.1.1.28, C24034T, A29700G, East Asia/Oceania",B.1.1.529.2.86.1.1.28
JN.1.28.1,"Alias of B.1.1.529.2.86.1.1.28.1, ORF1a:P1640L, C19545T, C24370T, from sars-cov-2-variants/lineage-proposals#1244",B.1.1.529.2.86.1.1.28.1
KW.1,"Alias of B.1.1.529.2.86.1.1.28.1.1, S:T572I, Australia, from sars-cov-2-variants/lineage-proposals#1244",B.1.1.529.2.86.1.1.28.1.1
KW.1.1,"Alias of B.1.1.529.2.86.1.1.28.1.1.1, S:F456L (T22928C), ORF1b:R2009K, Australia/Japan, from sars-cov-2-variants/lineage-proposals#1244",B.1.1.529.2.86.1.1.28.1.1.1
KW.1.1.1,"Alias of B.1.1.529.2.86.1.1.28.1.1.1.1, S:T95S, Australia, from sars-cov-2-variants/lineage-proposals#1504",B.1.1.529.2.86.1.1.28.1.1.1.1
LG.1,"Alias of B.1.1.529.2.86.1.1.28.1.1.1.1.1, S:R346T, Australia, from sars-cov-2-variants/lineage-proposals#1504",B.1.1.529.2.86.1.1.28.1.1.1.1.1
KW.1.2,"Alias of B.1.1.529.2.86.1.1.28.1.1.2, S:K529T, Australia",B.1.1.529.2.86.1.1.28.1.1.2
JN.1.29,"Alias of B.1.1.529.2.86.1.1.29, ORF1a:T3224A, after C2644T, Brazil",B.1.1.529.2.86.1.1.29
JN.1.29.1,"Alias of B.1.1.529.2.86.1.1.29.1, S:F456L, from sars-cov-2-variants/lineage-proposals#1253",B.1.1.529.2.86.1.1.29.1
MJ.1,"Alias of B.1.1.529.2.86.1.1.29.1.1, S:R346T, S:S31P, ORF1a:E2070K",B.1.1.529.2.86.1.1.29.1.1
MJ.1.1,"Alias of B.1.1.529.2.86.1.1.29.1.1.1, S:T22N, from sars-cov-2-variants/lineage-proposals#2021",B.1.1.529.2.86.1.1.29.1.1.1
MJ.2,"Alias of B.1.1.529.2.86.1.1.29.1.2, C8917T, Brazil",B.1.1.529.2.86.1.1.29.1.2
MJ.2.1,"Alias of B.1.1.529.2.86.1.1.29.1.2.1, S:R346T, Brazil, from sars-cov-2-variants/lineage-proposals#1813",B.1.1.529.2.86.1.1.29.1.2.1
MJ.2.1.1,"Alias of B.1.1.529.2.86.1.1.29.1.2.1.1, S:L56V, Brazil, from sars-cov-2-variants/lineage-proposals#1813",B.1.1.529.2.86.1.1.29.1.2.1.1
JN.1.30,"Alias of B.1.1.529.2.86.1.1.30, G21255T",B.1.1.529.2.86.1.1.30
JN.1.30.1,"Alias of B.1.1.529.2.86.1.1.30.1, S:R346T, after T7789C, India, from sars-cov-2-variants/lineage-proposals#1089",B.1.1.529.2.86.1.1.30.1
KU.1,"Alias of B.1.1.529.2.86.1.1.30.1.1, S:K182Q",B.1.1.529.2.86.1.1.30.1.1
KU.2,"Alias of B.1.1.529.2.86.1.1.30.1.2, S:F456L (T22928C), from sars-cov-2-variants/lineage-proposals#1089",B.1.1.529.2.86.1.1.30.1.2
KU.2.1,"Alias of B.1.1.529.2.86.1.1.30.1.2.1, S:S60P, USA",B.1.1.529.2.86.1.1.30.1.2.1
KU.2.2,"Alias of B.1.1.529.2.86.1.1.30.1.2.2, S:G213E, UK",B.1.1.529.2.86.1.1.30.1.2.2
JN.1.31,"Alias of B.1.1.529.2.86.1.1.31, ORF3a:V13L, C19186T, from sars-cov-2-variants/lineage-proposals#1319",B.1.1.529.2.86.1.1.31
JN.1.32,"Alias of B.1.1.529.2.86.1.1.32, S:T572I, directly on JN.1 polytomy",B.1.1.529.2.86.1.1.32
JN.1.32.1,"Alias of B.1.1.529.2.86.1.1.32.1, S:Q183H, from sars-cov-2-variants/lineage-proposals#1442",B.1.1.529.2.86.1.1.32.1
JN.1.34,"Alias of B.1.1.529.2.86.1.1.34, S:S704L",B.1.1.529.2.86.1.1.34
JN.1.35,"Alias of B.1.1.529.2.86.1.1.35, S:S680Y, after T18471C, Australia/New Zealand, from sars-cov-2-variants/lineage-proposals#1362",B.1.1.529.2.86.1.1.35
JN.1.36,"Alias of B.1.1.529.2.86.1.1.36, S:Q677H, after A29086T, from sars-cov-2-variants/lineage-proposals#1326",B.1.1.529.2.86.1.1.36
JN.1.36.1,"Alias of B.1.1.529.2.86.1.1.36.1, S:S680F, South Korea, from sars-cov-2-variants/lineage-proposals#1326",B.1.1.529.2.86.1.1.36.1
JN.1.37,"Alias of B.1.1.529.2.86.1.1.37, S:S680F",B.1.1.529.2.86.1.1.37
JN.1.38,"Alias of B.1.1.529.2.86.1.1.38, ORF1b:R1736K, USA",B.1.1.529.2.86.1.1.38
JN.1.38.1,"Alias of B.1.1.529.2.86.1.1.38.1, S:G35S, ORF3a:G100S, USA, from #2475",B.1.1.529.2.86.1.1.38.1
JN.1.39,"Alias of B.1.1.529.2.86.1.1.39, G2782T",B.1.1.529.2.86.1.1.39
JN.1.39.1,"Alias of B.1.1.529.2.86.1.1.39.1, S:R346T, S:F456L (T22928C), C21034T, T25631C, A16011G, T6913C, from sars-cov-2-variants/lineage-proposals#1089",B.1.1.529.2.86.1.1.39.1
JN.1.39.2,"Alias of B.1.1.529.2.86.1.1.39.2, S:R346T, T111C",B.1.1.529.2.86.1.1.39.2
JN.1.39.3,"Alias of B.1.1.529.2.86.1.1.39.3, S:A67V, T111C, C5512T, China from #2498 (originally known as JN.1.33)",B.1.1.529.2.86.1.1.39.3
JN.1.40,"Alias of B.1.1.529.2.86.1.1.40, S:S31P, Mexico, from sars-cov-2-variants/lineage-proposals#1451",B.1.1.529.2.86.1.1.40
JN.1.41,"Alias of B.1.1.529.2.86.1.1.41, S:S1252F, on A29086T, USA, from sars-cov-2-variants/lineage-proposals#1256",B.1.1.529.2.86.1.1.41
JN.1.42,"Alias of B.1.1.529.2.86.1.1.42, C5581A, South America",B.1.1.529.2.86.1.1.42
JN.1.42.1,"Alias of B.1.1.529.2.86.1.1.42.1, S:F59S, from sars-cov-2-variants/lineage-proposals#1474",B.1.1.529.2.86.1.1.42.1
JN.1.42.2,"Alias of B.1.1.529.2.86.1.1.42.2, S:R346T, Peru from #2494",B.1.1.529.2.86.1.1.42.2
MS.1,"Alias of B.1.1.529.2.86.1.1.42.2.1, S:31del, ORF1a:E940G, USA/Guatemala, from sars-cov-2-variants/lineage-proposals#1692",B.1.1.529.2.86.1.1.42.2.1
JN.1.43,"Alias of B.1.1.529.2.86.1.1.43, A25237G",B.1.1.529.2.86.1.1.43
JN.1.43.1,"Alias of B.1.1.529.2.86.1.1.43.1, C19488T, C29218T, Brazil",B.1.1.529.2.86.1.1.43.1
JN.1.44,"Alias of B.1.1.529.2.86.1.1.44, ORF6:P57L, from sars-cov-2-variants/lineage-proposals#987",B.1.1.529.2.86.1.1.44
JN.1.44.1,"Alias of B.1.1.529.2.86.1.1.44.1, S:R346T, Cameroon/France,from sars-cov-2-variants/lineage-proposals#1089",B.1.1.529.2.86.1.1.44.1
JN.1.45,"Alias of B.1.1.529.2.86.1.1.45, G18756T",B.1.1.529.2.86.1.1.45
JN.1.46,"Alias of B.1.1.529.2.86.1.1.46, ORF1a:L3116F, T4885C",B.1.1.529.2.86.1.1.46
JN.1.47,"Alias of B.1.1.529.2.86.1.1.47, C8074T, C7594T",B.1.1.529.2.86.1.1.47
JN.1.47.1,"Alias of B.1.1.529.2.86.1.1.47.1, S:S221L, USA/Mexico, from sars-cov-2-variants/lineage-proposals#1318",B.1.1.529.2.86.1.1.47.1
JN.1.47.2,"Alias of B.1.1.529.2.86.1.1.47.2, S:T572I, S:R683Q, USA, from sars-cov-2-variants/lineage-proposals#1097",B.1.1.529.2.86.1.1.47.2
JN.1.48,"Alias of B.1.1.529.2.86.1.1.48, G29134T, after T18471C, India",B.1.1.529.2.86.1.1.48
JN.1.48.1,"Alias of B.1.1.529.2.86.1.1.48.1, S:S60P, S:R346T, S:F456L (T22928C), after ORF3a:A99V, on T3913A, C8092T branch from #2547",B.1.1.529.2.86.1.1.48.1
LD.1,"Alias of B.1.1.529.2.86.1.1.48.1.1, S:T572I from #2547",B.1.1.529.2.86.1.1.48.1.1
LD.1.1,"Alias of B.1.1.529.2.86.1.1.48.1.1.1, S:A522P",B.1.1.529.2.86.1.1.48.1.1.1
LD.2,"Alias of B.1.1.529.2.86.1.1.48.1.2, S:N185D, ORF1a:E637K, ORF1b:T2099I, N:T166I, from sars-cov-2-variants/lineage-proposals#1719",B.1.1.529.2.86.1.1.48.1.2
JN.1.48.2,"Alias of B.1.1.529.2.86.1.1.48.2, S:R346T, ORF1a:A427V, A3829G, India, from sars-cov-2-variants/lineage-proposals#1089",B.1.1.529.2.86.1.1.48.2
JN.1.48.3,"Alias of B.1.1.529.2.86.1.1.48.3, S:60P, S:R346T, S:F456L, ORF3a:S60F, ORF1a:T1761I, on T3913A, C8092T branch, South Africa, from sars-cov-2-variants/lineage-proposals#1253",B.1.1.529.2.86.1.1.48.3
JN.1.49,"Alias of B.1.1.529.2.86.1.1.49, ORF3a:T89I, India",B.1.1.529.2.86.1.1.49
JN.1.49.1,"Alias of B.1.1.529.2.86.1.1.49.1, S:R346T",B.1.1.529.2.86.1.1.49.1
MB.1,"Alias of B.1.1.529.2.86.1.1.49.1.1, S:F456V (T22928G), S:S31F",B.1.1.529.2.86.1.1.49.1.1
MB.1.1,"Alias of B.1.1.529.2.86.1.1.49.1.1.1, S:T22N, S:K182N, from sars-cov-2-variants/lineage-proposals#1659",B.1.1.529.2.86.1.1.49.1.1.1
MB.1.1.1,"Alias of B.1.1.529.2.86.1.1.49.1.1.1.1, ORF1a:T224I, India",B.1.1.529.2.86.1.1.49.1.1.1.1
MV.1,"Alias of B.1.1.529.2.86.1.1.49.1.1.1.1.1, S:K478T, India",B.1.1.529.2.86.1.1.49.1.1.1.1.1
MV.1.1,"Alias of B.1.1.529.2.86.1.1.49.1.1.1.1.1.1, ORF1b:K2557R, from sars-cov-2-variants/lineage-proposals#2149",B.1.1.529.2.86.1.1.49.1.1.1.1.1.1
MV.1.1.1,"Alias of B.1.1.529.2.86.1.1.49.1.1.1.1.1.1.1, S:M153I, S:P807S, S:H445P, from sars-cov-2-variants/lineage-proposals#2437",B.1.1.529.2.86.1.1.49.1.1.1.1.1.1.1
PS.1,"Alias of B.1.1.529.2.86.1.1.49.1.1.1.1.1.1.1.1, S:A397V, from sars-cov-2-variants/lineage-proposals#2437",B.1.1.529.2.86.1.1.49.1.1.1.1.1.1.1.1
PS.2,"Alias of B.1.1.529.2.86.1.1.49.1.1.1.1.1.1.1.2, S:N149D, S:R683Q, from sars-cov-2-variants/lineage-proposals#2595",B.1.1.529.2.86.1.1.49.1.1.1.1.1.1.1.2
PS.3,"Alias of B.1.1.529.2.86.1.1.49.1.1.1.1.1.1.1.3, S:N185T, ORF1a:T568I, ORF1a:P971L, ORF1a:P2079L, ORF1b:T2432A, USA",B.1.1.529.2.86.1.1.49.1.1.1.1.1.1.1.3
MV.1.2,"Alias of B.1.1.529.2.86.1.1.49.1.1.1.1.1.2, S:Q183H",B.1.1.529.2.86.1.1.49.1.1.1.1.1.2
MV.1.3,"Alias of B.1.1.529.2.86.1.1.49.1.1.1.1.1.3, S:V1264L(G25352T), ORF1b:S1003G, from sars-cov-2-variants/lineage-proposals#2341",B.1.1.529.2.86.1.1.49.1.1.1.1.1.3
MV.1.3.1,"Alias of B.1.1.529.2.86.1.1.49.1.1.1.1.1.3.1, S:H445P, C5497T, A15369G, C22675T, Malaysia",B.1.1.529.2.86.1.1.49.1.1.1.1.1.3.1
MV.1.3.2,"Alias of B.1.1.529.2.86.1.1.49.1.1.1.1.1.3.2, S:A1070V, Thailand",B.1.1.529.2.86.1.1.49.1.1.1.1.1.3.2
MV.1.4,"Alias of B.1.1.529.2.86.1.1.49.1.1.1.1.1.4, S:S680P, Singapore, from sars-cov-2-variants/lineage-proposals#2419",B.1.1.529.2.86.1.1.49.1.1.1.1.1.4
MV.1.4.1,"Alias of B.1.1.529.2.86.1.1.49.1.1.1.1.1.4.1, S:A688V, ORF1a:T1542I, Australia",B.1.1.529.2.86.1.1.49.1.1.1.1.1.4.1
MV.1.5,"Alias of B.1.1.529.2.86.1.1.49.1.1.1.1.1.5, S:L441R, from sars-cov-2-variants/lineage-proposals#2313",B.1.1.529.2.86.1.1.49.1.1.1.1.1.5
MV.1.6,"Alias of B.1.1.529.2.86.1.1.49.1.1.1.1.1.6, S:T572I, from sars-cov-2-variants/lineage-proposals#2391",B.1.1.529.2.86.1.1.49.1.1.1.1.1.6
MV.1.7,"Alias of B.1.1.529.2.86.1.1.49.1.1.1.1.1.7, C4234T",B.1.1.529.2.86.1.1.49.1.1.1.1.1.7
MV.1.8,"Alias of B.1.1.529.2.86.1.1.49.1.1.1.1.1.8, ORF1a:A2618V",B.1.1.529.2.86.1.1.49.1.1.1.1.1.8
MV.1.9,"Alias of B.1.1.529.2.86.1.1.49.1.1.1.1.1.9, ORF1a:V2604I, ORF1a:P3613S, C26873T, Ecuador",B.1.1.529.2.86.1.1.49.1.1.1.1.1.9
MV.2,"Alias of B.1.1.529.2.86.1.1.49.1.1.1.1.2, S:A67V, from sars-cov-2-variants/lineage-proposals#2039",B.1.1.529.2.86.1.1.49.1.1.1.1.2
MV.3,"Alias of B.1.1.529.2.86.1.1.49.1.1.1.1.3, S:K478R, G670A, from sars-cov-2-variants/lineage-proposals#2306",B.1.1.529.2.86.1.1.49.1.1.1.1.3
MB.1.1.2,"Alias of B.1.1.529.2.86.1.1.49.1.1.1.2, T27288A",B.1.1.529.2.86.1.1.49.1.1.1.2
NA.1,"Alias of B.1.1.529.2.86.1.1.49.1.1.1.2.1, C19200T, A20079G",B.1.1.529.2.86.1.1.49.1.1.1.2.1
NA.1.1,"Alias of B.1.1.529.2.86.1.1.49.1.1.1.2.1.1, S:K444R, from sars-cov-2-variants/lineage-proposals#2142",B.1.1.529.2.86.1.1.49.1.1.1.2.1.1
NA.2,"Alias of B.1.1.529.2.86.1.1.49.1.1.1.2.2, S:K478T (rev), S:H445R, Brazil, from sars-cov-2-variants/lineage-proposals#2466",B.1.1.529.2.86.1.1.49.1.1.1.2.2
MB.1.1.3,"Alias of B.1.1.529.2.86.1.1.49.1.1.1.3, G10465A",B.1.1.529.2.86.1.1.49.1.1.1.3
JN.1.49.2,"Alias of B.1.1.529.2.86.1.1.49.2, S:F456L (T22930A)",B.1.1.529.2.86.1.1.49.2
JN.1.49.3,"Alias of B.1.1.529.2.86.1.1.49.3, T18471C, China",B.1.1.529.2.86.1.1.49.3
JN.1.50,"Alias of B.1.1.529.2.86.1.1.50, S:A67V, S:L249F, S:H445P, S:F456L (T22930G), Europe from #2587",B.1.1.529.2.86.1.1.50
JN.1.50.1,"Alias of B.1.1.529.2.86.1.1.50.1, S:R346T from #2587",B.1.1.529.2.86.1.1.50.1
JN.1.50.2,"Alias of B.1.1.529.2.86.1.1.50.2, ORF1a:N1540S (A4884G, T4885C)",B.1.1.529.2.86.1.1.50.2
ME.1,"Alias of B.1.1.529.2.86.1.1.50.2.1, S:R346K, from sars-cov-2-variants/lineage-proposals#1657",B.1.1.529.2.86.1.1.50.2.1
JN.1.51,"Alias of B.1.1.529.2.86.1.1.51, C4795T",B.1.1.529.2.86.1.1.51
JN.1.51.1,"Alias of B.1.1.529.2.86.1.1.51.1, S:F456L",B.1.1.529.2.86.1.1.51.1
LJ.1,"Alias of B.1.1.529.2.86.1.1.51.1.1, S:T22N",B.1.1.529.2.86.1.1.51.1.1
JN.1.52,"Alias of B.1.1.529.2.86.1.1.52, ORF1a:K3353R",B.1.1.529.2.86.1.1.52
JN.1.53,"Alias of B.1.1.529.2.86.1.1.53, C15720T, Senegal",B.1.1.529.2.86.1.1.53
JN.1.53.1,"Alias of B.1.1.529.2.86.1.1.53.1, C583T",B.1.1.529.2.86.1.1.53.1
LN.1,"Alias of B.1.1.529.2.86.1.1.53.1.1, S:R346T",B.1.1.529.2.86.1.1.53.1.1
LN.1.1,"Alias of B.1.1.529.2.86.1.1.53.1.1.1, S:F456L, S:478I",B.1.1.529.2.86.1.1.53.1.1.1
JN.1.54,"Alias of B.1.1.529.2.86.1.1.54, A9085G",B.1.1.529.2.86.1.1.54
JN.1.54.1,"Alias of B.1.1.529.2.86.1.1.54.1, S:F456L, S:V407I, Spain, from #2584",B.1.1.529.2.86.1.1.54.1
JN.1.55,"Alias of B.1.1.529.2.86.1.1.55, ORF1a:K399R",B.1.1.529.2.86.1.1.55
JN.1.55.1,"Alias of B.1.1.529.2.86.1.1.55.1, S:F456L, ORF1a:T1017I, Thailand, from sars-cov-2-variants/lineage-proposals#1253",B.1.1.529.2.86.1.1.55.1
JN.1.55.2,"Alias of B.1.1.529.2.86.1.1.55.2, S:F456L, ORF1b:P2321H, Brazil, from sars-cov-2-variants/lineage-proposals#1253",B.1.1.529.2.86.1.1.55.2
NU.1,"Alias of B.1.1.529.2.86.1.1.55.2, S:R346T, S:Q677H, ORF3a:L52F, Brazil, from sars-cov-2-variants/lineage-proposals#1678",B.1.1.529.2.86.1.1.55.2.1
JN.1.56,"Alias of B.1.1.529.2.86.1.1.56, ORF3a:Q213K",B.1.1.529.2.86.1.1.56
JN.1.56.1,"Alias of B.1.1.529.2.86.1.1.56.1, S:G181R, S:R346T, S:F456V, ORF1a:T1638I, Sinapore/South Korea from #2582",B.1.1.529.2.86.1.1.56.1
JN.1.57,"Alias of B.1.1.529.2.86.1.1.57, ORF1b:A1219S, A11947G",B.1.1.529.2.86.1.1.57
JN.1.57.1,"Alias of B.1.1.529.2.86.1.1.57.1, S:S60P, Taiwan/South Korea,from sars-cov-2-variants/lineage-proposals#1460",B.1.1.529.2.86.1.1.57.1
JN.1.58,"Alias of B.1.1.529.2.86.1.1.58, ORF1b:K2557R",B.1.1.529.2.86.1.1.58
JN.1.58.1,"Alias of B.1.1.529.2.86.1.1.58.1, S:S60P",B.1.1.529.2.86.1.1.58.1
JN.1.58.2,"Alias of B.1.1.529.2.86.1.1.58.2, S:R346T",B.1.1.529.2.86.1.1.58.2
LR.1,"Alias of B.1.1.529.2.86.1.1.58.2.1, S:F456L (22928C)",B.1.1.529.2.86.1.1.58.2.1
LR.2,"Alias of B.1.1.529.2.86.1.1.58.2.2, S:F456V",B.1.1.529.2.86.1.1.58.2.2
LR.3,"Alias of B.1.1.529.2.86.1.1.58.2.3, S:F456L (22930A), USA/Puerto Rico",B.1.1.529.2.86.1.1.58.2.3
JN.1.58.3,"Alias of B.1.1.529.2.86.1.1.58.3, S:S31F",B.1.1.529.2.86.1.1.58.3
JN.1.59,"Alias of B.1.1.529.2.86.1.1.59, ORF1a:A1204S",B.1.1.529.2.86.1.1.59
JN.1.59.1,"Alias of B.1.1.529.2.86.1.1.59.1, S:S31del, S:R190S, S:R346T, ORF1a:I841V, Americas, from sars-cov-2-variants/lineage-proposals#1771",B.1.1.529.2.86.1.1.59.1
JN.1.60,"Alias of B.1.1.529.2.86.1.1.60, C4543T",B.1.1.529.2.86.1.1.60
JN.1.61,"Alias of B.1.1.529.2.86.1.1.61, S:K444R, Brazil",B.1.1.529.2.86.1.1.61
JN.1.62,"Alias of B.1.1.529.2.86.1.1.62, S:F456L (22928C), S:V62F, S:R681H, from sars-cov-2-variants/lineage-proposals#1253",B.1.1.529.2.86.1.1.62
JN.1.63,"Alias of B.1.1.529.2.86.1.1.63, ORF1b:K82R, from sars-cov-2-variants/lineage-proposals#1513",B.1.1.529.2.86.1.1.63
JN.1.63.1,"Alias of B.1.1.529.2.86.1.1.63.1, ORF1a:D1513E, ORF1a:A2529S, Asia, from sars-cov-2-variants/lineage-proposals#1513",B.1.1.529.2.86.1.1.63.1
JN.1.64,"Alias of B.1.1.529.2.86.1.1.64, ORF1a:N2147S (A6705G) from #2560",B.1.1.529.2.86.1.1.64
JN.1.64.1,"Alias of B.1.1.529.2.86.1.1.64.1, S:R346T from #2560",B.1.1.529.2.86.1.1.64.1
MD.1,"Alias of B.1.1.529.2.86.1.1.64.1.1, S:F456L (T22930A) from #2560",B.1.1.529.2.86.1.1.64.1.1
MD.1.1,"Alias of B.1.1.529.2.86.1.1.64.1.1.1, S:K679R from #2560",B.1.1.529.2.86.1.1.64.1.1.1
MD.1.1.1,"Alias of B.1.1.529.2.86.1.1.64.1.1.1.1, S:H445P, ORF1a:K3353R, Australia/Taiwan",B.1.1.529.2.86.1.1.64.1.1.1.1
MD.1.1.2,"Alias of B.1.1.529.2.86.1.1.64.1.1.1.2, S:T22N, ORF1b:K2557R, ORF3a:G174D, Tunisia, from sars-cov-2-variants/lineage-proposals#2399",B.1.1.529.2.86.1.1.64.1.1.1.2
MD.1.2,"Alias of B.1.1.529.2.86.1.1.64.1.1.2, S:F58Y, S:F59L, Philipines, from sars-cov-2-variants/lineage-proposals#1671",B.1.1.529.2.86.1.1.64.1.1.2
MD.2,"Alias of B.1.1.529.2.86.1.1.64.1.2, S:F456V, ORF1a:T2800I from #2560",B.1.1.529.2.86.1.1.64.1.2
MD.3,"Alias of B.1.1.529.2.86.1.1.64.1.3, C1060T, C9319T, C28657T from #2560",B.1.1.529.2.86.1.1.64.1.3
MD.3.1,"Alias of B.1.1.529.2.86.1.1.64.1.3.1, S:F456L (T22928C), ORF3a:L106F, C10138T, South Africa from #2560",B.1.1.529.2.86.1.1.64.1.3.1
MD.3.1.1,"Alias of B.1.1.529.2.86.1.1.64.1.3.1.1, ORF9b:S50L (C28432T), South Africa",B.1.1.529.2.86.1.1.64.1.3.1.1
MD.3.1.2,"Alias of B.1.1.529.2.86.1.1.64.1.3.1.2, S:I19- (S:T19I rev + S:21- if aligned against Wuhan-Hu-1), C12049T",B.1.1.529.2.86.1.1.64.1.3.1.2
MD.3.1.3,"Alias of B.1.1.529.2.86.1.1.64.1.3.1.3, S:K182E, from sars-cov-2-variants/lineage-proposals#1951",B.1.1.529.2.86.1.1.64.1.3.1.3
MD.3.1.4,"Alias of B.1.1.529.2.86.1.1.64.1.3.1.4, S:S31F, from sars-cov-2-variants/lineage-proposals#1691",B.1.1.529.2.86.1.1.64.1.3.1.4
MD.4,"Alias of B.1.1.529.2.86.1.1.64.1.4, S:Y269N, Russia",B.1.1.529.2.86.1.1.64.1.4
MD.4.1,"Alias of B.1.1.529.2.86.1.1.64.1.4.1, S:F456L",B.1.1.529.2.86.1.1.64.1.4.1
JN.1.65,"Alias of B.1.1.529.2.86.1.1.65, S:T572I, after T23629C, G25647T, A5053G, Spain from #2461",B.1.1.529.2.86.1.1.65
JN.1.65.1,"Alias of B.1.1.529.2.86.1.1.65.1, S:F456L (22928C), A10420G, C5884T, C29149T, C20483T, Spain from #2461",B.1.1.529.2.86.1.1.65.1
MF.1,"Alias of B.1.1.529.2.86.1.1.65.1.1, S:R346T, T21673C, pre-22981T from #2461",B.1.1.529.2.86.1.1.65.1.1
MF.2,"Alias of B.1.1.529.2.86.1.1.65.1.2, S:S60P, S:W64L from #2461",B.1.1.529.2.86.1.1.65.1.2
JN.1.66,"Alias of B.1.1.529.2.86.1.1.66, S:H445P, S:F456L (T22930A), S:T1117I, ORF1a:L2146F, ORF3a:L106F, Iceland/Sweden",B.1.1.529.2.86.1.1.66
JN.1.67,"Alias of B.1.1.529.2.86.1.1.67, M:L46F, from #2531",B.1.1.529.2.86.1.1.67
JN.1.67.1,"Alias of B.1.1.529.2.86.1.1.67.1, S:F456L, China, from #2531",B.1.1.529.2.86.1.1.67.1
MZ.1,"Alias of B.1.1.529.2.86.1.1.67.1.1, S:S31F, on G1126A branch",B.1.1.529.2.86.1.1.67.1.1
MZ.2,"Alias of B.1.1.529.2.86.1.1.67.1.2, T177C, on G1126A branch, China",B.1.1.529.2.86.1.1.67.1.2
MZ.3,"Alias of B.1.1.529.2.86.1.1.67.1.3, S:R346T, S:F59S, on G1126A branch, China, from #2758",B.1.1.529.2.86.1.1.67.1.3
MZ.4,"Alias of B.1.1.529.2.86.1.1.67.1.4, S:K478T (rev), N:T379A, China, from sars-cov-2-variants/lineage-proposals#2079",B.1.1.529.2.86.1.1.67.1.4
MZ.4.1,"Alias of B.1.1.529.2.86.1.1.67.1.4.1, S:V1264L(G25352T)",B.1.1.529.2.86.1.1.67.1.4.1
MZ.5,"Alias of B.1.1.529.2.86.1.1.67.1.5, S:T572I, on G1126A branch",B.1.1.529.2.86.1.1.67.1.5
JN.1.68,"Alias of B.1.1.529.2.86.1.1.68, C19011T",B.1.1.529.2.86.1.1.68
JN.1.68.1,"Alias of B.1.1.529.2.86.1.1.68.1, S:K679R, C9836T, from sars-cov-2-variants/lineage-proposals#1350",B.1.1.529.2.86.1.1.68.1
JN.1.69,"Alias of B.1.1.529.2.86.1.1.69, C16329T",B.1.1.529.2.86.1.1.69
JN.2,"Alias of B.1.1.529.2.86.1.2, ORF1a:Y621C, Europe/North America, from #2284",B.1.1.529.2.86.1.2
JN.2.1,"Alias of B.1.1.529.2.86.1.2.1, S:S31F, Sweden/Australia",B.1.1.529.2.86.1.2.1
JN.2.2,"Alias of B.1.1.529.2.86.1.2.2, S:T572I, N:G25C, ORF1a:L3644F, Netherlands, from #2433",B.1.1.529.2.86.1.2.2
JN.2.2.1,"Alias of B.1.1.529.2.86.1.2.2.1, S:N487D, Netherlands",B.1.1.529.2.86.1.2.2.1
JN.2.3,"Alias of B.1.1.529.2.86.1.2.3, S:V193L, from #2442",B.1.1.529.2.86.1.2.3
JN.2.4,"Alias of B.1.1.529.2.86.1.2.4, S:L242F, Sweden",B.1.1.529.2.86.1.2.4
JN.2.5,"Alias of B.1.1.529.2.86.1.2.5, S:L455S, Canada, USA, Lithuania, from sars-cov-2-variants/lineage-proposals#1173",B.1.1.529.2.86.1.2.5
JN.3,"Alias of B.1.1.529.2.86.1.3, ORF1a:T2087I, Europe, from sars-cov-2-variants/lineage-proposals#892",B.1.1.529.2.86.1.3
JN.3.1,"Alias of B.1.1.529.2.86.1.3.1, S:L922F, ORF7a:T28I, Spain",B.1.1.529.2.86.1.3.1
JN.3.2,"Alias of B.1.1.529.2.86.1.3.2, N:H300Y, ORF1a:P892S, from #2445",B.1.1.529.2.86.1.3.2
JN.3.2.1,"Alias of B.1.1.529.2.86.1.3.2.1, S:F456V, N:S327L, Germany, from #2445",B.1.1.529.2.86.1.3.2.1
JN.3.3,"Alias of B.1.1.529.2.86.1.3.3, A5641G, C14478T, C21676T",B.1.1.529.2.86.1.3.3
JN.4,"Alias of B.1.1.529.2.86.1.4, S:A475V, lacking C12815T of most BA.2.86.1, Belgium/Netherlands/Denmark, from sars-cov-2-variants/lineage-proposals#1009",B.1.1.529.2.86.1.4
JN.5,"Alias of B.1.1.529.2.86.1.5, N:T135I",B.1.1.529.2.86.1.5
JN.5.1,"Alias of B.1.1.529.2.86.1.5.1, S:A475S, T2950A, A28052G, C29541T, England/Belgium, from sars-cov-2-variants/lineage-proposals#954",B.1.1.529.2.86.1.5.1
JN.6,"Alias of B.1.1.529.2.86.1.6, S:V193L",B.1.1.529.2.86.1.6
JN.7,"Alias of B.1.1.529.2.86.1.7, S:G594S, Denmark, from sars-cov-2-variants/lineage-proposals#856",B.1.1.529.2.86.1.7
JN.8,"Alias of B.1.1.529.2.86.1.8, S:T299I, Sweden/Denmark",B.1.1.529.2.86.1.8
JN.9,"Alias of B.1.1.529.2.86.1.9, S:M1229I, Netherlands",B.1.1.529.2.86.1.9
JN.10,"Alias of B.1.1.529.2.86.1.10, S:A475V, on T3565C branch with JN.1, Spain/France, from sars-cov-2-variants/lineage-proposals#954",B.1.1.529.2.86.1.10
JN.11,"Alias of B.1.1.529.2.86.1.11, S:V1104L, Asia, from sars-cov-2-variants/lineage-proposals#1303",B.1.1.529.2.86.1.11
JN.11.1,"Alias of B.1.1.529.2.86.1.11.1, S:L455S, from sars-cov-2-variants/lineage-proposals#1303",B.1.1.529.2.86.1.11.1
JN.12,"Alias of B.1.1.529.2.86.1.12, S:F456V, ORF1a:A498G, from sars-cov-2-variants/lineage-proposals#1102",B.1.1.529.2.86.1.12
JN.13,"Alias of B.1.1.529.2.86.1.13, A14397G",B.1.1.529.2.86.1.13
JN.13.1,"Alias of B.1.1.529.2.86.1.13.1, S:A475V, USA/Malaysia, from sars-cov-2-variants/lineage-proposals#1386",B.1.1.529.2.86.1.13.1
JN.14,"Alias of B.1.1.529.2.86.1.14, C29614T, S:S680F, Thailand/Japan，from #2424",B.1.1.529.2.86.1.14
JN.15,"Alias of B.1.1.529.2.86.1.15, C24319T, Japan",B.1.1.529.2.86.1.15
JN.16,"Alias of B.1.1.529.2.86.1.16, ORF3a:T229I, Japan",B.1.1.529.2.86.1.16
JN.17,"Alias of B.1.1.529.2.86.1.17, C12781T, Japan",B.1.1.529.2.86.1.17
JN.18,"Alias of B.1.1.529.2.86.1.18, T11614C",B.1.1.529.2.86.1.18
JN.19,"Alias of B.1.1.529.2.86.1.19, A14601G, Japan",B.1.1.529.2.86.1.19
BA.2.86.2,"Alias of B.1.1.529.2.86.2, ORF7a:E22D, South Africa/Botswana，from sars-cov-2-variants/lineage-proposals/issues/756",B.1.1.529.2.86.2
BA.2.86.3,"Alias of B.1.1.529.2.86.3, C222T, C1960T, T12775C, South Africa",B.1.1.529.2.86.3
JQ.1,"Alias of B.1.1.529.2.86.3.1, S:T95I, Denmark/France/South Africa, from sars-cov-2-variants/lineage-proposals#906",B.1.1.529.2.86.3.1
JQ.2,"Alias of B.1.1.529.2.86.3.2, S:R346T, G2944A, South Africa, from #2505",B.1.1.529.2.86.3.2
JQ.2.1,"Alias of B.1.1.529.2.86.3.2.1, S:L455S, South Africa, from sars-cov-2-variants/lineage-proposals#1373",B.1.1.529.2.86.3.2.1
JQ.2.1.1,"Alias of B.1.1.529.2.86.3.2.1.1, S:F456L (T22928C), South Africa, from sars-cov-2-variants/lineage-proposals#1089",B.1.1.529.2.86.3.2.1.1
JQ.2.1.2,"Alias of B.1.1.529.2.86.3.2.1.2, S:T572I, ORF1b:Q813H, Southern Africa",B.1.1.529.2.86.3.2.1.2
BA.2.86.4,"Alias of B.1.1.529.2.86.4, S:A222V, ORF1a:V3892A, from sars-cov-2-variants/lineage-proposals#1032",B.1.1.529.2.86.4
BA.2.86.5,"Alias of B.1.1.529.2.86.5, S:I197V, C5575T, T6085C, T23278C",B.1.1.529.2.86.5
BA.2.86.6,"Alias of B.1.1.529.2.86.6, C9226T",B.1.1.529.2.86.6
LV.1,"Alias of B.1.1.529.2.86.6.1, ORF1b:D294N",B.1.1.529.2.86.6.1
LV.2,"Alias of B.1.1.529.2.86.6.2, S:R346T, S:L455S, S:F456L, ORF1a:E148G, ORF1a:W630C, ORF1a:G1069R, ORF1a:G3546D, ORF1b:A520V",B.1.1.529.2.86.6.2
BA.2.86.7,"Alias of B.1.1.529.2.86.7, ORF1b:Y1344H, T10819C, C28720T, South Africa",B.1.1.529.2.86.7
MP.1,"Alias of B.1.1.529.2.86.7.1, S:N487D, Southern Africa, from sars-cov-2-variants/lineage-proposals#1782",B.1.1.529.2.86.7.1
MP.1.1,"Alias of B.1.1.529.2.86.7.1.1, S:R346T, S:A348P, Southern Africa, from sars-cov-2-variants/lineage-proposals#1782",B.1.1.529.2.86.7.1.1
BA.2.87,"Alias of B.1.1.529.2.87, C18744T, no C9866T",B.1.1.529.2.87
BA.2.87.1,"Alias of B.1.1.529.2.87.1, saltation with 15+ spike AA mutations, South Africa, from #2484",B.1.1.529.2.87.1
BA.3,"Alias of B.1.1.529.3, from #367",B.1.1.529.3
BA.3.1,"Alias of B.1.1.529.3.1, mainly found in Poland, from #540",B.1.1.529.3.1
BA.3.2,"Alias of B.1.1.529.3.2, saltation with ~40 spike AA substitutions, South Africa, from #2909",B.1.1.529.3.2
BA.3.2.1,"Alias of B.1.1.529.3.2.1, S:H681R, S:P1162R",B.1.1.529.3.2.1
BA.3.2.2,"Alias of B.1.1.529.3.2.2, S:K356T, S:A575S",B.1.1.529.3.2.2
BA.4,"Alias of B.1.1.529.4, from #517",B.1.1.529.4
BA.4.1,"Alias of B.1.1.529.4.1, mainly found in South Africa, from #548",B.1.1.529.4.1
BA.4.1.1,"Alias of B.1.1.529.4.1.1, mainly found in South Africa and Germany, from #667",B.1.1.529.4.1.1
BA.4.1.2,"Alias of B.1.1.529.4.1.2, Austria lineage, from #614",B.1.1.529.4.1.2
BA.4.1.3,"Alias of B.1.1.529.4.1.3, Israel lineage",B.1.1.529.4.1.3
BA.4.1.4,"Alias of B.1.1.529.4.1.4, Israel lineage",B.1.1.529.4.1.4
BA.4.1.5,"Alias of B.1.1.529.4.1.5, Israel lineage",B.1.1.529.4.1.5
BA.4.1.6,"Alias of B.1.1.529.4.1.6, USA lineage",B.1.1.529.4.1.6
BA.4.1.7,"Alias of B.1.1.529.4.1.7, Australia lineage",B.1.1.529.4.1.7
BA.4.1.8,"Alias of B.1.1.529.4.1.8, mainly found in England, USA, South Africa and Mexico, from #800",B.1.1.529.4.1.8
BA.4.1.9,"Alias of B.1.1.529.4.1.9, mainly found in Zambia, USA, England and Mexico, from #926",B.1.1.529.4.1.9
BA.4.1.10,"Alias of B.1.1.529.4.1.10, mainly found in France, defined by S:N354D, S:R346T, from #1073",B.1.1.529.4.1.10
BA.4.1.11,"Alias of B.1.1.529.4.1.11 found mainly in Denmark, from #1606",B.1.1.529.4.1.11
CS.1,"Alias of B.1.1.529.4.1.10.1, Denmark, Netherlands, England, defined by S:K444R",B.1.1.529.4.1.10.1
BA.4.2,"Alias of B.1.1.529.4.2, USA lineage",B.1.1.529.4.2
BA.4.3,"Alias of B.1.1.529.4.3, Israel lineage",B.1.1.529.4.3
BA.4.4,"Alias of B.1.1.529.4.4, USA lineage",B.1.1.529.4.4
BA.4.5,"Alias of B.1.1.529.4.5, Australia lineage",B.1.1.529.4.5
BA.4.6,"Alias of B.1.1.529.4.6, mainly found in USA, England and Denmark, from #741",B.1.1.529.4.6
BA.4.6.1,"Alias of B.1.1.529.4.6.1, mainly found in UK, USA and Germany, from #900",B.1.1.529.4.6.1
BA.4.6.2,"Alias of B.1.1.529.4.6.2, Dominican Republic, USA, defined by S:V445A, from #1198",B.1.1.529.4.6.2
BA.4.6.3,"Alias of B.1.1.529.4.6.3, defined by S:444N, S:460K, S:144-, from #1195",B.1.1.529.4.6.3
BA.4.6.4,"Alias of B.1.1.529.4.6.4, Oceania, defined by ORF7a:Q62H",B.1.1.529.4.6.4
BA.4.6.5,"Alias of B.1.1.529.4.6.5, global, defined by ORF9b:N36S",B.1.1.529.4.6.5
DC.1,"Alias of B.1.1.529.4.6.5.1, global, defined by S:N460S",B.1.1.529.4.6.5.1
BA.4.7,"Alias of B.1.1.529.4.7, mainly found in England, South Africa and Scotland, from #777",B.1.1.529.4.7
BA.4.8,"Alias of B.1.1.529.4.8, mainly South Africa and Eswatini, from #670",B.1.1.529.4.8
BA.5,"Alias of B.1.1.529.5, from #517",B.1.1.529.5
BA.5.1,"Alias of B.1.1.529.5.1, Portugal lineage",B.1.1.529.5.1
BA.5.1.1,"Alias of B.1.1.529.5.1.1, USA lineage",B.1.1.529.5.1.1
BA.5.1.2,"Alias of B.1.1.529.5.1.2, mainly found in Denmark, Portugal and Luxembourg, from #790",B.1.1.529.5.1.2
BA.5.1.3,"Alias of B.1.1.529.5.1.3, mainly found in Germany Portugal and Spain, from #765",B.1.1.529.5.1.3
BA.5.1.4,"Alias of B.1.1.529.5.1.4, mainly found in Denmark and England, from #801",B.1.1.529.5.1.4
BA.5.1.5,"Alias of B.1.1.529.5.1.5, mainly found in UK, Denmark, and Belgium, from #835",B.1.1.529.5.1.5
BA.5.1.6,"Alias of B.1.1.529.5.1.6, Mexico lineage",B.1.1.529.5.1.6
BA.5.1.7,"Alias of B.1.1.529.5.1.7, Canada lineage",B.1.1.529.5.1.7
BA.5.1.8,"Alias of B.1.1.529.5.1.8, Peru lineage",B.1.1.529.5.1.8
BA.5.1.9,"Alias of B.1.1.529.5.1.9, mainly found in England, Luxembourg, Scotland and Ireland, from #786",B.1.1.529.5.1.9
BA.5.1.10,"Alias of B.1.1.529.5.1.10, mainly found in USA, Italy and England, from #901",B.1.1.529.5.1.10
BK.1,"Alias of B.1.1.529.5.1.10.1, mainly found in USA, and Canada, from #901",B.1.1.529.5.1.10.1
BA.5.1.11,"Alias of B.1.1.529.5.1.11, mainly found in Denmark, from #908",B.1.1.529.5.1.11
BA.5.1.12,"Alias of B.1.1.529.5.1.12, mainly found in Spain, from #902",B.1.1.529.5.1.12
BA.5.1.14,"Alias of B.1.1.529.5.1.14, mainly found in Brazil",B.1.1.529.5.1.14
BA.5.1.15,"Alias of B.1.1.529.5.1.15, Peru and Brazil lineage",B.1.1.529.5.1.15
DL.1,"Alias of B.1.1.529.5.1.15.1, found mainly in Brazil and USA, from #1376",B.1.1.529.5.1.15.1
BA.5.1.16,"Alias of B.1.1.529.5.1.16, Japan lineage",B.1.1.529.5.1.16
BA.5.1.17,"Alias of B.1.1.529.5.1.17, France lineage",B.1.1.529.5.1.17
BA.5.1.18,"Alias of B.1.1.529.5.1.18, mainly found in USA, from #930",B.1.1.529.5.1.18
BA.5.1.19,"Alias of B.1.1.529.5.1.19, mainly found in Netherlands, Germany, USA, and England, from #999",B.1.1.529.5.1.19
BA.5.1.20,"Alias of B.1.1.529.5.1.20, mainly found in USA and Belgium, from #1000",B.1.1.529.5.1.20
BA.5.1.21,"Alias of B.1.1.529.5.1.21, mainly found in Gambia and Japan, from #958",B.1.1.529.5.1.21
BT.1,"Alias of B.1.1.529.5.1.21.1, mainly found in Japan, from #958",B.1.1.529.5.1.21.1
BT.2,"Alias of B.1.1.529.5.1.21.2, mainly found in Denmark, Germany and France, from #1192",B.1.1.529.5.1.21.2
BA.5.1.22,"Alias of B.1.1.529.5.1.22, mainly found in Europe, defined by ORF1b:S1273L, from #1135",B.1.1.529.5.1.22
DH.1,"Alias of B.1.1.529.5.1.22.1, found mainly in Denmark, from #1242",B.1.1.529.5.1.22.1
BA.5.1.23,"Alias of B.1.1.529.5.1.23, mainly found in Spain, defined by ORF1a:S302F, from #1135",B.1.1.529.5.1.23
DE.1,"Alias of B.1.1.529.5.1.23.1, S:A694V",B.1.1.529.5.1.23.1
DE.2,"Alias of B.1.1.529.5.1.23.2, S:R346T, S:G181V, T4579A",B.1.1.529.5.1.23.2
BA.5.1.24,"Alias of B.1.1.529.5.1.24, mainly found in Finland, defined by ORF1b:V1271L, from #1135",B.1.1.529.5.1.24
BA.5.1.25,"Alias of B.1.1.529.5.1.25, mainly found in Mexico and Peru, defined by ORF7b:H42Y, from #1135",B.1.1.529.5.1.25
DJ.1,"Alias of B.1.1.529.5.1.25.1, found mainly in Peru, from #1245",B.1.1.529.5.1.25.1
DJ.1.1,"Alias of B.1.1.529.5.1.25.1.1, found in Peru, from #1245",B.1.1.529.5.1.25.1.1
DJ.1.1.1,"Alias of B.1.1.529.5.1.25.1.1.1 found mainly in Peru and USA, from #1407",B.1.1.529.5.1.25.1.1.1
DJ.1.2,"Alias of B.1.1.529.5.1.25.1.2, found mainly in Peru, from #1379",B.1.1.529.5.1.25.1.2
DJ.1.3,"Alias of B.1.1.529.5.1.25.1.3 found mainly in Peru, Colombia and USA, from #1409",B.1.1.529.5.1.25.1.3
BA.5.1.26,"Alias of B.1.1.529.5.1.26, mainly found in Czechia, defined by S:R346T, from #869",B.1.1.529.5.1.26
CU.1,"Alias of B.1.1.529.5.1.26.1, Central/Eastern Europe, S:T95I, S:T547K",B.1.1.529.5.1.26.1
BA.5.1.27,"Alias of B.1.1.529.5.1.27, mainly found in North America, defined by S:R346T",B.1.1.529.5.1.27
BA.5.1.28,"Alias of B.1.1.529.5.1.28, mainly found in North America, defined by S:R346T (and A18480G)",B.1.1.529.5.1.28
BA.5.1.29,"Alias of B.1.1.529.5.1.29, mainly found in Russia, Germany and Estonia, from #1060",B.1.1.529.5.1.29
CL.1,"Alias of B.1.1.529.5.1.29.1, S:150E and S:460K, from #1187",B.1.1.529.5.1.29.1
CL.1.1,"Alias of B.1.1.529.5.1.29.1.1, S:P1162L",B.1.1.529.5.1.29.1.1
CL.1.2,"Alias of B.1.1.529.5.1.29.1.2, S:T883I",B.1.1.529.5.1.29.1.2
CL.1.3,"Alias of B.1.1.529.5.1.29.1.3, S:S71F",B.1.1.529.5.1.29.1.3
BA.5.1.30,"Alias of B.1.1.529.5.1.30, ORF6:D6G",B.1.1.529.5.1.30
BA.5.1.31,"Alias of B.1.1.529.5.1.31, found mainly in France and Denmark, from #991",B.1.1.529.5.1.31
BA.5.1.32,"Alias of B.1.1.529.5.1.32, found mainly in Germany and China, from #1488",B.1.1.529.5.1.32
BA.5.1.33,"Alias of B.1.1.529.5.1.33, S:V1264L(G25352T)",B.1.1.529.5.1.33
EQ.1,"Alias of B.1.1.529.5.1.33.1 S:Q14H, found mainly in Germany, France, Japan and Denmark, from #1522",B.1.1.529.5.1.33.1
BA.5.1.34,"Alias of B.1.1.529.5.1.34, Denmark, S:P1162S",B.1.1.529.5.1.34
BA.5.1.35,"Alias of B.1.1.529.5.1.35, ORF1a:I1525M",B.1.1.529.5.1.35
EB.1,"Alias of B.1.1.529.5.1.35.1, USA, S:R346T",B.1.1.529.5.1.35.1
BA.5.1.36,"Alias of B.1.1.529.5.1.36, USA, S:R346T, S:G261V",B.1.1.529.5.1.36
BA.5.1.37,"Alias of B.1.1.529.5.1.37, S:R346T, S:Y248N",B.1.1.529.5.1.37
BA.5.1.38,"Alias of B.1.1.529.5.1.38, Japan, ORF8:S103L, S:R346T",B.1.1.529.5.1.38
BA.5.2,"Alias of B.1.1.529.5.2, mainly found in South Africa, England and USA, from #551",B.1.1.529.5.2
BA.5.2.1,"Alias of B.1.1.529.5.2.1, mainly found in South Africa, England and USA, from #657",B.1.1.529.5.2.1
BF.1,"Alias of B.1.1.529.5.2.1.1, mainly found in England, Denmark, Spain and Scotland, from #618",B.1.1.529.5.2.1.1
BF.1.1,"Alias of B.1.1.529.5.2.1.1.1, USA lineage",B.1.1.529.5.2.1.1.1
BF.2,"Alias of B.1.1.529.5.2.1.2, Denmark lineage",B.1.1.529.5.2.1.2
BF.3,"Alias of B.1.1.529.5.2.1.3, India lineage",B.1.1.529.5.2.1.3
BF.3.1,"Alias of B.1.1.529.5.2.1.3.1, mainly found India, Singapore, and USA, from #825",B.1.1.529.5.2.1.3.1
BF.4,"Alias of B.1.1.529.5.2.1.4, mainly found in England, from #788",B.1.1.529.5.2.1.4
BF.5,"Alias of B.1.1.529.5.2.1.5, Israel lineage",B.1.1.529.5.2.1.5
BF.5.1,"Alias of B.1.1.529.5.2.1.5.1 found mainly in Japan and Israel, from #1475",B.1.1.529.5.2.1.5.1
BF.5.2,"Alias of B.1.1.529.5.2.1.5.2 found mainly in Japan, from #1476",B.1.1.529.5.2.1.5.2
BF.5.3,"Alias of B.1.1.529.5.2.1.5.3 found mainly in Japan, from #1526",B.1.1.529.5.2.1.5.3
BF.5.4,"Alias of B.1.1.529.5.2.1.5.4 Japan, ORF1a:K3839R",B.1.1.529.5.2.1.5.4
BF.5.5,"Alias of B.1.1.529.5.2.1.5.5 Europe, S:K147N",B.1.1.529.5.2.1.5.5
BF.6,"Alias of B.1.1.529.5.2.1.6, mainly found in England and Scotland, from #821",B.1.1.529.5.2.1.6
BF.7,"Alias of B.1.1.529.5.2.1.7, mainly found in Belgium, England and Denmark, from #827",B.1.1.529.5.2.1.7
BF.7.1,"Alias of B.1.1.529.5.2.1.7.1, mainly found in Germany, S:G261V, from #1132",B.1.1.529.5.2.1.7.1
BF.7.2,"Alias of B.1.1.529.5.2.1.7.2, Denmark, S:H1101Y and S:V486I, from #1216",B.1.1.529.5.2.1.7.2
BF.7.3,"Alias of B.1.1.529.5.2.1.7.3, France/Czechia, S:K182E",B.1.1.529.5.2.1.7.3
BF.7.4,"Alias of B.1.1.529.5.2.1.7.4, Europe, ORF8:H17Y",B.1.1.529.5.2.1.7.4
BF.7.4.1,"Alias of B.1.1.529.5.2.1.7.4.1, found mainly in USA and Netherlands, from #1253",B.1.1.529.5.2.1.7.4.1
BF.7.4.2,"Alias of B.1.1.529.5.2.1.7.4.2, Europe",B.1.1.529.5.2.1.7.4.2
BF.7.4.3,"Alias of B.1.1.529.5.2.1.7.4.3, Japan, S:F157L, N:A90S, from #1743",B.1.1.529.5.2.1.7.4.3
BF.7.5,"Alias of B.1.1.529.5.2.1.7.5, Europe, ORF1b:P1427L",B.1.1.529.5.2.1.7.5
BF.7.5.1,"Alias of B.1.1.529.5.2.1.7.5.1, found mainly in Germany and Denmark, from #1317",B.1.1.529.5.2.1.7.5.1
BF.7.6,"Alias of B.1.1.529.5.2.1.7.6, Europe, ORF3a:E239D",B.1.1.529.5.2.1.7.6
BF.7.7,"Alias of B.1.1.529.5.2.1.7.7, Europe, S:D80G, from #1147",B.1.1.529.5.2.1.7.7
BF.7.8,"Alias of B.1.1.529.5.2.1.7.8, Europe, S:T883I",B.1.1.529.5.2.1.7.8
BF.7.9,"Alias of B.1.1.529.5.2.1.7.9, Europe, S:Q677H",B.1.1.529.5.2.1.7.9
BF.7.10,"Alias of B.1.1.529.5.2.1.7.10, Europe, S:Q1201K",B.1.1.529.5.2.1.7.10
BF.7.11,"Alias of B.1.1.529.5.2.1.7.11, Europe, S:D1260Y",B.1.1.529.5.2.1.7.11
BF.7.12,"Alias of B.1.1.529.5.2.1.7.12, Europe, S:A942S",B.1.1.529.5.2.1.7.12
BF.7.13,"Alias of B.1.1.529.5.2.1.7.13, Belgium, ORF1a:H388Y, ORF1a:H1160Y,",B.1.1.529.5.2.1.7.13
BF.7.13.1,"Alias of B.1.1.529.5.2.1.7.13.1, Europe, S:T430I, S:P681Y",B.1.1.529.5.2.1.7.13.1
BF.7.13.2,"Alias of B.1.1.529.5.2.1.7.13.2, Poland, S:A653V",B.1.1.529.5.2.1.7.13.2
BF.7.14,"Alias of B.1.1.529.5.2.1.7.14, China, S:C1243F, from #1470",B.1.1.529.5.2.1.7.14
BF.7.14.1,"Alias of B.1.1.529.5.2.1.7.14.1 found mainly in China and Japan, contains S:V83F branch, from #1580",B.1.1.529.5.2.1.7.14.1
BF.7.14.2,"Alias of B.1.1.529.5.2.1.7.14.2 China, S:Q14H",B.1.1.529.5.2.1.7.14.2
BF.7.14.3,"Alias of B.1.1.529.5.2.1.7.14.3 China, S:A626V, from #1573",B.1.1.529.5.2.1.7.14.3
BF.7.14.4,"Alias of B.1.1.529.5.2.1.7.14.4 China, ORF1a:T1844I",B.1.1.529.5.2.1.7.14.4
BF.7.14.5,"Alias of B.1.1.529.5.2.1.7.14.5 China, C20703T, from #1607",B.1.1.529.5.2.1.7.14.5
BF.7.14.6,"Alias of B.1.1.529.5.2.1.7.14.6 China, C1973T",B.1.1.529.5.2.1.7.14.6
BF.7.14.7,"Alias of B.1.1.529.5.2.1.7.14.7 found mainly in China, from #1672",B.1.1.529.5.2.1.7.14.7
BF.7.15,"Alias of B.1.1.529.5.2.1.7.15, Japan, S:G257D & ORF1a:A1812V, from #1358",B.1.1.529.5.2.1.7.15
BF.7.16,"Alias of B.1.1.529.5.2.1.7.16, ORF1a:A498V",B.1.1.529.5.2.1.7.16
BF.7.16.1,"Alias of B.1.1.529.5.2.1.7.16.1, Canada, S:A688V",B.1.1.529.5.2.1.7.16.1
BF.7.17,"Alias of B.1.1.529.5.2.1.7.17, Japan/Germany, S:A688V, S:G1167S",B.1.1.529.5.2.1.7.17
BF.7.18,"Alias of B.1.1.529.5.2.1.7.18, South Korea, S:K97N",B.1.1.529.5.2.1.7.18
BF.7.19,"Alias of B.1.1.529.5.2.1.7.19, ORF7a:R118S",B.1.1.529.5.2.1.7.19
BF.7.19.1,"Alias of B.1.1.529.5.2.1.7.19.1, Japan, T7111C,C1915T,C16470T,A26219G on ORF8:T87I branch",B.1.1.529.5.2.1.7.19.1
BF.7.20,"Alias of B.1.1.529.5.2.1.7.20, G15543T",B.1.1.529.5.2.1.7.20
BF.7.21,"Alias of B.1.1.529.5.2.1.7.21, C28603T",B.1.1.529.5.2.1.7.21
BF.7.22,"Alias of B.1.1.529.5.2.1.7.22, ORF8:V81I",B.1.1.529.5.2.1.7.22
BF.7.23,"Alias of B.1.1.529.5.2.1.7.23, ORF1b:T239I",B.1.1.529.5.2.1.7.23
BF.7.24,"Alias of B.1.1.529.5.2.1.7.24, T10939C",B.1.1.529.5.2.1.7.24
BF.7.26,"Alias of B.1.1.529.5.2.1.7.26, G20679A",B.1.1.529.5.2.1.7.26
BF.7.27,"Alias of B.1.1.529.5.2.1.7.27, C8752T, sibling of BF.7.14",B.1.1.529.5.2.1.7.27
BF.8,"Alias of B.1.1.529.5.2.1.8, USA lineage",B.1.1.529.5.2.1.8
BF.9,"Alias of B.1.1.529.5.2.1.9, Canada lineage",B.1.1.529.5.2.1.9
BF.10,"Alias of B.1.1.529.5.2.1.10, USA lineage",B.1.1.529.5.2.1.10
BF.10.1,"Alias of B.1.1.529.5.2.1.10.1, found mainly in USA and Mexico, from #1442",B.1.1.529.5.2.1.10.1
BF.11,"Alias of B.1.1.529.5.2.1.11, mainly found in England, S:R346T, from #837",B.1.1.529.5.2.1.11
BF.11.1,"Alias of B.1.1.529.5.2.1.11.1, England, S:S1252F",B.1.1.529.5.2.1.11.1
BF.11.2,"Alias of B.1.1.529.5.2.1.11.2, Wales, S:K147N",B.1.1.529.5.2.1.11.2
BF.11.3,"Alias of B.1.1.529.5.2.1.11.3, ORF1a:L122F",B.1.1.529.5.2.1.11.3
BF.11.4,"Alias of B.1.1.529.5.2.1.11.4, England, S:S704L",B.1.1.529.5.2.1.11.4
BF.11.5,"Alias of B.1.1.529.5.2.1.11.5, England, ORF8:I121L",B.1.1.529.5.2.1.11.5
BF.12,"Alias of B.1.1.529.5.2.1.12, mainly found Austria, Brazil, and England, from #752",B.1.1.529.5.2.1.12
BF.13,"Alias of B.1.1.529.5.2.1.13, mainly found in USA, from #883",B.1.1.529.5.2.1.13
BF.14,"Alias of B.1.1.529.5.2.1.14, mainly found in Austria, from #843",B.1.1.529.5.2.1.14
BF.15,"Alias of B.1.1.529.5.2.1.15, Sri Lanka lineage, from #893",B.1.1.529.5.2.1.15
BF.16,"Alias of B.1.1.529.5.2.1.16, found in USA, from #942",B.1.1.529.5.2.1.16
BF.17,"Alias of B.1.1.529.5.2.1.17, Australia lineage",B.1.1.529.5.2.1.17
BF.18,"Alias of B.1.1.529.5.2.1.18, Australia lineage",B.1.1.529.5.2.1.18
BF.19,"Alias of B.1.1.529.5.2.1.19, Greece lineage",B.1.1.529.5.2.1.19
BF.20,"Alias of B.1.1.529.5.2.1.20, lineage in Kenya and other countries",B.1.1.529.5.2.1.20
BF.21,"Alias of B.1.1.529.5.2.1.21, USA lineage",B.1.1.529.5.2.1.21
BF.22,"Alias of B.1.1.529.5.2.1.22, mainly found in Japan, from #1010",B.1.1.529.5.2.1.22
BF.23,"Alias of B.1.1.529.5.2.1.23, mainly found in Czechia, from #1036",B.1.1.529.5.2.1.23
BF.24,"Alias of B.1.1.529.5.2.1.24, mainly found in Indonesia, defined by ORF1a:G683C on S:1020S branch",B.1.1.529.5.2.1.24
BF.25,"Alias of B.1.1.529.5.2.1.25, USA lineage, defined by S:445A and C18657T",B.1.1.529.5.2.1.25
BF.26,"Alias of B.1.1.529.5.2.1.26, North America lineage, defined by ORF1b:G376S, on C5284T branch, from #1142",B.1.1.529.5.2.1.26
BF.27,"Alias of B.1.1.529.5.2.1.27, Singapore lineage, defined by ORF1a:A2784V, from #1140",B.1.1.529.5.2.1.27
BF.28,"Alias of B.1.1.529.5.2.1.28, Singapore lineage, defined by ORF1a:Q44L, from #1141",B.1.1.529.5.2.1.28
BF.29,"Alias of B.1.1.529.5.2.1.29, mainly found in Denmark and USA, from #1162",B.1.1.529.5.2.1.29
BF.30,"Alias of B.1.1.529.5.2.1.30, South Africa/England, defined by S:R346T after C25916T, C14599T",B.1.1.529.5.2.1.30
BF.31,"Alias of B.1.1.529.5.2.1.31, Chile, 23758T",B.1.1.529.5.2.1.31
BF.31.1,"Alias of B.1.1.529.5.2.1.31.1, Chile, S:A701V and S:S247N/S:Y248-",B.1.1.529.5.2.1.31.1
BF.32,"Alias of B.1.1.529.5.2.1.32, found mainly in USA, on C5284T branch, from #1250",B.1.1.529.5.2.1.32
BF.33,"Alias of B.1.1.529.5.2.1.33, Brazil/France, S:R346I, S:N460K",B.1.1.529.5.2.1.33
BF.34,"Alias of B.1.1.529.5.2.1.34, found mainly in UK and Canada, from #1233",B.1.1.529.5.2.1.34
BF.35,"Alias of B.1.1.529.5.2.1.35, Japan/Malaysia, S:N450D, ORF1a:L730R",B.1.1.529.5.2.1.35
BF.36,"Alias of B.1.1.529.5.2.1.36, ORF1a:S166G,ORF1b:S1273L,ORF1b:A1428V",B.1.1.529.5.2.1.36
BF.37,"Alias of B.1.1.529.5.2.1.37, Japan, ORF1a:S944L, S:G446D, on C5284T branch",B.1.1.529.5.2.1.37
BF.38,"Alias of B.1.1.529.5.2.1.38, Japan, C17304T",B.1.1.529.5.2.1.38
BF.38.1,"Alias of B.1.1.529.5.2.1.38.1, Japan, S:Q1201K",B.1.1.529.5.2.1.38.1
BF.38.2,"Alias of B.1.1.529.5.2.1.38.2, Japan, S:V445A",B.1.1.529.5.2.1.38.2
BF.38.3,"Alias of B.1.1.529.5.2.1.38.3, Japan, S:P1162S",B.1.1.529.5.2.1.38.3
BF.39,"Alias of B.1.1.529.5.2.1.39, S:G181V",B.1.1.529.5.2.1.39
BF.39.1,"Alias of B.1.1.529.5.2.1.39.1, Chile/Peru, S:V445A, S:N450D",B.1.1.529.5.2.1.39.1
BF.40,"Alias of B.1.1.529.5.2.1.40, S:V445A, on C5284T branch",B.1.1.529.5.2.1.40
BF.41,"Alias of B.1.1.529.5.2.1.41, Brazil, ORF7b:A43V",B.1.1.529.5.2.1.41
BF.41.1,"Alias of B.1.1.529.5.2.1.41.1, Brazil, S:R346T",B.1.1.529.5.2.1.41.1
BF.42,"Alias of B.1.1.529.5.2.1.42, found in Japan, from #1855",B.1.1.529.5.2.1.42
BA.5.2.2,"Alias of B.1.1.529.5.2.2, France and Martinique lineage",B.1.1.529.5.2.2
BA.5.2.3,"Alias of B.1.1.529.5.2.3, UK lineage",B.1.1.529.5.2.3
BZ.1,"Alias of B.1.1.529.5.2.3.1, Denmark lineage, defined by S:Q677H",B.1.1.529.5.2.3.1
BZ.2,"Alias of B.1.1.529.5.2.3.2, S:N450D, ORF1a:H2794Y",B.1.1.529.5.2.3.2
BA.5.2.4,"Alias of B.1.1.529.5.2.4, Australia lineage",B.1.1.529.5.2.4
BA.5.2.5,"Alias of B.1.1.529.5.2.5, Indonesia lineage",B.1.1.529.5.2.5
BA.5.2.6,"Alias of B.1.1.529.5.2.6, global lineage, S:R346T, from #870",B.1.1.529.5.2.6
CP.1,"Alias of B.1.1.529.5.2.6.1, global lineage, 27360C",B.1.1.529.5.2.6.1
CP.1.1,"Alias of B.1.1.529.5.2.6.1.1, Portugal, France, Denmark, UK lineage, S:V445A",B.1.1.529.5.2.6.1.1
CP.1.2,"Alias of B.1.1.529.5.2.6.1.2, England, S:K150N",B.1.1.529.5.2.6.1.2
CP.1.3,"Alias of B.1.1.529.5.2.6.1.3, England, S:G446S",B.1.1.529.5.2.6.1.3
CP.2,"Alias of B.1.1.529.5.2.6.2, Bangladesh, S:N334K",B.1.1.529.5.2.6.2
CP.3,"Alias of B.1.1.529.5.2.6.3, Turkey, S:N460Y",B.1.1.529.5.2.6.3
CP.4,"Alias of B.1.1.529.5.2.6.4, Turkey, S:I770V",B.1.1.529.5.2.6.4
CP.5,"Alias of B.1.1.529.5.2.6.5, South Africa, S:C1247F",B.1.1.529.5.2.6.5
CP.6,"Alias of B.1.1.529.5.2.6.6, S:V1264L(G25352T)",B.1.1.529.5.2.6.6
CP.7,"Alias of B.1.1.529.5.2.6.7 found mainly in Japan, from #1473",B.1.1.529.5.2.6.7
CP.8,"Alias of B.1.1.529.5.2.6.8 ORF1b:D1939G, C15240T, A15486G, C28651T, from #1627",B.1.1.529.5.2.6.8
CP.8.1,"Alias of B.1.1.529.5.2.6.8.1 found mainly in the Australia and Japan, from #1627",B.1.1.529.5.2.6.8.1
BA.5.2.7,"Alias of B.1.1.529.5.2.7, global lineage, from #924",B.1.1.529.5.2.7
CY.1,"Alias of B.1.1.529.5.2.7.1, found mainly in Belgium, Netherlands and Luxembourg, from #1247",B.1.1.529.5.2.7.1
CY.2,"Alias of B.1.1.529.5.2.7.2 found in Japan, from #1474",B.1.1.529.5.2.7.2
BA.5.2.8,"Alias of B.1.1.529.5.2.8, Israel lineage",B.1.1.529.5.2.8
BA.5.2.9,"Alias of B.1.1.529.5.2.9, USA lineage",B.1.1.529.5.2.9
BA.5.2.10,"Alias of B.1.1.529.5.2.10, Brazil lineage",B.1.1.529.5.2.10
BA.5.2.11,"Alias of B.1.1.529.5.2.11, Philippines lineage",B.1.1.529.5.2.11
BA.5.2.12,"Alias of B.1.1.529.5.2.12, Japan lineage",B.1.1.529.5.2.12
BA.5.2.13,"Alias of B.1.1.529.5.2.13, mainly found in England, from #959",B.1.1.529.5.2.13
BA.5.2.14,"Alias of B.1.1.529.5.2.14, mainly found in Denmark, Canada and Pakistan, from #1002",B.1.1.529.5.2.14
BA.5.2.16,"Alias of B.1.1.529.5.2.16, Indonesia lineage, defined by ORF1a:A3697V, indirectly, from #1065",B.1.1.529.5.2.16
BU.1,"Alias of B.1.1.529.5.2.16.1, defined by S:444M and S:460K, from #1065",B.1.1.529.5.2.16.1
BU.2,"Alias of B.1.1.529.5.2.16.2, USA lineage, S:V445A",B.1.1.529.5.2.16.2
BU.3,"Alias of B.1.1.529.5.2.16.3, Guatemala, S:K147N, S:N450D",B.1.1.529.5.2.16.3
BA.5.2.18,"Alias of B.1.1.529.5.2.18, mainly Scandinavia, defined by S:K444R on ORF1b:1050N branch, from #1025",B.1.1.529.5.2.18
CR.1,"Alias of B.1.1.529.5.2.18.1, global, S:R346T",B.1.1.529.5.2.18.1
CR.1.1,"Alias of B.1.1.529.5.2.18.1.1, S:V62I",B.1.1.529.5.2.18.1.1
CR.1.2,"Alias of B.1.1.529.5.2.18.1.2, Canada/Israel, S:V445A",B.1.1.529.5.2.18.1.2
CR.1.3,"Alias of B.1.1.529.5.2.18.1.3, found mainly in Denmark and Japan, from #1355",B.1.1.529.5.2.18.1.3
CR.2,"Alias of B.1.1.529.5.2.18.2, England, S:Y145H",B.1.1.529.5.2.18.2
BA.5.2.19,"Alias of B.1.1.529.5.2.19, mainly Scandinavia, defined by ORF3a:T14I on ORF1b:1050N branch, from #916",B.1.1.529.5.2.19
BA.5.2.20,"Alias of B.1.1.529.5.2.20, mainly Indonesia, defined by C23707T on ORF1b:1050N branch to reduce unspecified BA.5.2",B.1.1.529.5.2.20
BV.1,"Alias of B.1.1.529.5.2.20.1, mainly found in Denmark, formerly BA.5.2.17, from #1019",B.1.1.529.5.2.20.1
BV.2,"Alias of B.1.1.529.5.2.20.2, defined by S:K444N, from #1122",B.1.1.529.5.2.20.2
BA.5.2.21,"Alias of B.1.1.529.5.2.21, mainly Indonesia, defined by C5284T on ORF1b:1050N branch to reduce unspecified BA.5.2",B.1.1.529.5.2.21
CN.1,"Alias of B.1.1.529.5.2.21.1, S:N450D, from #1108",B.1.1.529.5.2.21.1
CN.2,"Alias of B.1.1.529.5.2.21.2, S:R346T, S:Y28H, USA/Canada, from #1404",B.1.1.529.5.2.21.2
BA.5.2.22,"Alias of B.1.1.529.5.2.22, mainly found in USA, Canada and Germany, from #945",B.1.1.529.5.2.22
BA.5.2.23,"Alias of B.1.1.529.5.2.23, S:S255F, S:V445A, A4576T, T4579A, mainly found in USA, from #1090",B.1.1.529.5.2.23
BA.5.2.24,"Alias of B.1.1.529.5.2.24, defined by S:K444N on ORF1b:1050N branch",B.1.1.529.5.2.24
CK.1,"Alias of B.1.1.529.5.2.24.1, Pakistan, defined by S:N460K, from #1120",B.1.1.529.5.2.24.1
CK.1.1,"Alias of B.1.1.529.5.2.24.1.1, found mainly in Japan, from #1452",B.1.1.529.5.2.24.1.1
CK.1.1.1,"Alias of B.1.1.529.5.2.24.1.1.1, S:E654K, G6742T, C8782T, Japan",B.1.1.529.5.2.24.1.1.1
CK.1.1.2,"Alias of B.1.1.529.5.2.24.1.1.2, S:V1264L(G25352T), Japan, from #2271",B.1.1.529.5.2.24.1.1.2
CK.1.2,"Alias of B.1.1.529.5.2.24.1.2, Pakistan, S:G181V, S:R346T, from #1467",B.1.1.529.5.2.24.1.2
CK.1.3,"Alias of B.1.1.529.5.2.24.1.3, Mexico, S:F157L, S:G181V",B.1.1.529.5.2.24.1.3
CK.1.4,"Alias of B.1.1.529.5.2.24.1.4, C10228T, C25824T, C27741T, on C25614T branch",B.1.1.529.5.2.24.1.4
CK.1.5,"Alias of B.1.1.529.5.2.24.1.5, C9118T, C15951T, ORF1a:M3733V, on C25614T branch",B.1.1.529.5.2.24.1.5
CK.2,"Alias of B.1.1.529.5.2.24.2, Pakistan, defined by E:V62F, from #1190",B.1.1.529.5.2.24.2
CK.2.1,"Alias of B.1.1.529.5.2.24.2.1, Pakistan, defined by S:N460K, from #1125",B.1.1.529.5.2.24.2.1
CK.2.1.1,"Alias of B.1.1.529.5.2.24.2.1.1, defined by S:S255F, from #1190",B.1.1.529.5.2.24.2.1.1
CK.3,"Alias of B.1.1.529.5.2.24.3, found mainly in Singapore and USA, from #1121",B.1.1.529.5.2.24.3
DG.1,"Alias of B.1.1.529.5.2.24.2.1.1.1, defined by S:G252S, from #1288",B.1.1.529.5.2.24.2.1.1.1
BA.5.2.25,"Alias of B.1.1.529.5.2.25, mainly found in France, USA and Canada, from #1111",B.1.1.529.5.2.25
DB.1,"Alias of B.1.1.529.5.2.25.1, France/Netherlands/Spain, S:R346T, S:N460K, from #1258",B.1.1.529.5.2.25.1
DB.2,"Alias of B.1.1.529.5.2.25.2, BeNeLux, S:A262S",B.1.1.529.5.2.25.2
DB.3,"Alias of B.1.1.529.5.2.25.3 found mainly in Europe, from #1613",B.1.1.529.5.2.25.3
BA.5.2.26,"Alias of B.1.1.529.5.2.26, most common in Thailand, defined by ORF3a:L108V, from #1133",B.1.1.529.5.2.26
BA.5.2.27,"Alias of B.1.1.529.5.2.27, most common in Vietnam, defined by ORF1a:I2332V, from #1133",B.1.1.529.5.2.27
CF.1,"Alias of B.1.1.529.5.2.27.1, USA and Mexico lineage, defined by S:K97T, originally designated as BA.5.2.15, from #1054",B.1.1.529.5.2.27.1
CG.1,"Alias of B.1.1.529.5.2.26.1, mainly found in Germany, Poland and Denmark, from #1126",B.1.1.529.5.2.26.1
BA.5.2.28,"Alias of B.1.1.529.5.2.28, most common in Malaysia, defined by ORF1a:T1437I, from #1133",B.1.1.529.5.2.28
BA.5.2.29,"Alias of B.1.1.529.5.2.29, mainly found in Denmark, from #1050",B.1.1.529.5.2.29
BA.5.2.30,"Alias of B.1.1.529.5.2.30, Europe lineage, defined by S:G446D",B.1.1.529.5.2.30
BA.5.2.31,"Alias of B.1.1.529.5.2.31, USA lineage, defined by S:L84I",B.1.1.529.5.2.31
CD.1,"Alias of B.1.1.529.5.2.31.1, USA lineage, defined by S:G446D, S:A688T",B.1.1.529.5.2.31.1
CD.2,"Alias of B.1.1.529.5.2.31.2, USA lineage, defined by S:A435S",B.1.1.529.5.2.31.2
BA.5.2.32,"Alias of B.1.1.529.5.2.32, Russia lineage, defined by S:N450D after ORF8:T87I",B.1.1.529.5.2.32
BA.5.2.33,"Alias of B.1.1.529.5.2.33, UK lineage, defined by ORF8:P93S",B.1.1.529.5.2.33
CE.1,"Alias of B.1.1.529.5.2.33.1, UK lineage, defined by S:R346I",B.1.1.529.5.2.33.1
BA.5.2.34,"Alias of B.1.1.529.5.2.34, mainly found in Israel and USA, from #992",B.1.1.529.5.2.34
BA.5.2.35,"Alias of B.1.1.529.5.2.35, Pakistan lineage, defined by S:R346T after G28423C and C7006T",B.1.1.529.5.2.35
BA.5.2.36,"Alias of B.1.1.529.5.2.36, India/Pakistan lineage, defined by S:K444T, from #1203",B.1.1.529.5.2.36
CT.1,"Alias of B.1.1.529.5.2.36.1, India/Pakistan lineage, defined by S:K356T, from #1203",B.1.1.529.5.2.36.1
BA.5.2.37,"Alias of B.1.1.529.5.2.37, found mainly in USA and India, from #1117",B.1.1.529.5.2.37
BA.5.2.38,"Alias of B.1.1.529.5.2.38, S:T430I, from #1254",B.1.1.529.5.2.38
DA.1,"Alias of B.1.1.529.5.2.38.1, Indonesia, S:R346T, from #1254",B.1.1.529.5.2.38.1
BA.5.2.39,"Alias of B.1.1.529.5.2.39, USA, S:R346T, from #1279",B.1.1.529.5.2.39
BA.5.2.40,"Alias of B.1.1.529.5.2.40, Sweden, S:N450D",B.1.1.529.5.2.40
BA.5.2.41,"Alias of B.1.1.529.5.2.41, found mainly in Sweden, from #1328",B.1.1.529.5.2.41
BA.5.2.42,"Alias of B.1.1.529.5.2.42, found mainly in Australia, from #1266",B.1.1.529.5.2.42
BA.5.2.43,"Alias of B.1.1.529.5.2.43, found mainly in SouthKorea, from #1312",B.1.1.529.5.2.43
BA.5.2.44,"Alias of B.1.1.529.5.2.44, Indonesia/Malaysia/SouthKorea/global, ORF1a:L2564F",B.1.1.529.5.2.44
BA.5.2.45,"Alias of B.1.1.529.5.2.45, found mainly in Australia, from #1383",B.1.1.529.5.2.45
BA.5.2.46,"Alias of B.1.1.529.5.2.46 found mainly in Japan, from #1446",B.1.1.529.5.2.46
BA.5.2.47,"Alias of B.1.1.529.5.2.47 found mainly in Indonesia, Australia, and USA, from #1496",B.1.1.529.5.2.47
DQ.1,"Alias of B.1.1.529.5.2.47.1 found mainly in Indonesia, Germany, and USA, from #1496",B.1.1.529.5.2.47.1
BA.5.2.48,"Alias of B.1.1.529.5.2.48, China, C2710T, C8626T, T17208C, from #1471",B.1.1.529.5.2.48
DY.1,"Alias of B.1.1.529.5.2.48.1, China, S:A570S, from #1479",B.1.1.529.5.2.48.1
DY.1.1,"Alias of B.1.1.529.5.2.48.1.1 found mainly in China, from #1599",B.1.1.529.5.2.48.1.1
DY.2,"Alias of B.1.1.529.5.2.48.2, China, N:Q241K, from #1478",B.1.1.529.5.2.48.2
DY.3,"Alias of B.1.1.529.5.2.48.3, China, ORF1a:T1788M, from #1472",B.1.1.529.5.2.48.3
DY.4,"Alias of B.1.1.529.5.2.48.4, China, ORF1b:T2432I",B.1.1.529.5.2.48.4
BA.5.2.49,"Alias of B.1.1.529.5.2.49, China, S:T883I, A14673G, T16456C, from #1480",B.1.1.529.5.2.49
DZ.1,"Alias of B.1.1.529.5.2.49.1, China, S:D1146Y",B.1.1.529.5.2.49.1
DZ.2,"Alias of B.1.1.529.5.2.49.2, China, S:G75V",B.1.1.529.5.2.49.2
BA.5.2.50,"Alias of B.1.1.529.5.2.50 China, ORF1a:S2488F after ORF1b:P1727L, from #1542",B.1.1.529.5.2.50
BA.5.2.51,"Alias of B.1.1.529.5.2.51 Russia/Estonia, S:K444R after ORF1b:P1727L",B.1.1.529.5.2.51
BA.5.2.52,Alias of B.1.1.529.5.2.52 S:N450D after ORF1a:D2060N,B.1.1.529.5.2.52
BA.5.2.53,"Alias of B.1.1.529.5.2.53 USA, S:A653V after T17928C",B.1.1.529.5.2.53
BA.5.2.54,"Alias of B.1.1.529.5.2.54 Guatemala, S:N450D after C11020T",B.1.1.529.5.2.54
BA.5.2.55,"Alias of B.1.1.529.5.2.55 Japan, C5548A",B.1.1.529.5.2.55
BA.5.2.56,"Alias of B.1.1.529.5.2.56 UK, S:K444M",B.1.1.529.5.2.56
BA.5.2.57,Alias of B.1.1.529.5.2.57 S:R346S,B.1.1.529.5.2.57
BA.5.2.58,"Alias of B.1.1.529.5.2.58 S:R346S after C9565T, C11479T, C12085T",B.1.1.529.5.2.58
BA.5.2.59,"Alias of B.1.1.529.5.2.59 USA, S:V1264L(G25352T)",B.1.1.529.5.2.59
BA.5.2.60,"Alias of B.1.1.529.5.2.60 Europe, S:N450D, ORF1a:K3832R after ORF1b:P1727L",B.1.1.529.5.2.60
BA.5.2.61,"Alias of B.1.1.529.5.2.61 S:N450D, ORF1b:Q2070L",B.1.1.529.5.2.61
BA.5.2.62,Alias of B.1.1.529.5.2.62 S:A653V on BA.5.2 polytomy,B.1.1.529.5.2.62
BA.5.2.63,"Alias of B.1.1.529.5.2.63 found mainly in Canada, from #1636",B.1.1.529.5.2.63
BA.5.3,"Alias of B.1.1.529.5.3, mainly found in Germany and South Africa, from #550",B.1.1.529.5.3
BA.5.3.1,"Alias of B.1.1.529.5.3.1, mainly found in South Africa, Austria, and England, from #625",B.1.1.529.5.3.1
BE.1,"Alias of B.1.1.529.5.3.1.1, mainly found in South Africa, Austria and England, from #625",B.1.1.529.5.3.1.1
BE.1.1,"Alias of B.1.1.529.5.3.1.1.1, Germany lineage",B.1.1.529.5.3.1.1.1
BE.1.1.1,"Alias of B.1.1.529.5.3.1.1.1.1, found globally, from #931",B.1.1.529.5.3.1.1.1.1
BQ.1,"Alias of B.1.1.529.5.3.1.1.1.1.1, Nigeria lineage, from #993",B.1.1.529.5.3.1.1.1.1.1
BQ.1.1,"Alias of B.1.1.529.5.3.1.1.1.1.1.1, found globally, defining mutations ORF1b:N1191S and S:R346T, from #993",B.1.1.529.5.3.1.1.1.1.1.1
BQ.1.1.1,"Alias of B.1.1.529.5.3.1.1.1.1.1.1.1, Europe, ORF1b:V1639A",B.1.1.529.5.3.1.1.1.1.1.1.1
CZ.1,"Alias of B.1.1.529.5.3.1.1.1.1.1.1.1.1, England/SouthKorea/Romania, S:F490I",B.1.1.529.5.3.1.1.1.1.1.1.1.1
CZ.2,"Alias of B.1.1.529.5.3.1.1.1.1.1.1.1.2, S:A688V",B.1.1.529.5.3.1.1.1.1.1.1.1.2
BQ.1.1.2,"Alias of B.1.1.529.5.3.1.1.1.1.1.1.2, England, S:D253G, from #1209",B.1.1.529.5.3.1.1.1.1.1.1.2
DU.1,"Alias of B.1.1.529.5.3.1.1.1.1.1.1.2.1 found mainly in UK, from #1540",B.1.1.529.5.3.1.1.1.1.1.1.2.1
BQ.1.1.3,"Alias of B.1.1.529.5.3.1.1.1.1.1.1.3, England, A15111G",B.1.1.529.5.3.1.1.1.1.1.1.3
DR.1,"Alias of B.1.1.529.5.3.1.1.1.1.1.1.3.1, S:M153I, found mainly in USA, from #1420",B.1.1.529.5.3.1.1.1.1.1.1.3.1
DR.2,"Alias of B.1.1.529.5.3.1.1.1.1.1.1.3.2, S:478R, USA",B.1.1.529.5.3.1.1.1.1.1.1.3.2
BQ.1.1.4,"Alias of B.1.1.529.5.3.1.1.1.1.1.1.4, T29173C",B.1.1.529.5.3.1.1.1.1.1.1.4
EE.1,"Alias of B.1.1.529.5.3.1.1.1.1.1.1.4.1, USA, N:T366I",B.1.1.529.5.3.1.1.1.1.1.1.4.1
EE.2,"Alias of B.1.1.529.5.3.1.1.1.1.1.1.4.2, ORF1b:V1538I",B.1.1.529.5.3.1.1.1.1.1.1.4.2
EE.3,"Alias of B.1.1.529.5.3.1.1.1.1.1.1.4.3, Canada/USA, C22498T",B.1.1.529.5.3.1.1.1.1.1.1.4.3
EE.4,"Alias of B.1.1.529.5.3.1.1.1.1.1.1.4.4, Europe, S:Q52H",B.1.1.529.5.3.1.1.1.1.1.1.4.4
EE.5,"Alias of B.1.1.529.5.3.1.1.1.1.1.1.4.5, USA, S:N185Y",B.1.1.529.5.3.1.1.1.1.1.1.4.5
BQ.1.1.5,"Alias of B.1.1.529.5.3.1.1.1.1.1.1.5, ORF1b:P2313L, ORF1a:V3855I",B.1.1.529.5.3.1.1.1.1.1.1.5
DN.1,"Alias of B.1.1.529.5.3.1.1.1.1.1.1.5.1, S:K147N",B.1.1.529.5.3.1.1.1.1.1.1.5.1
DN.1.1,"Alias of B.1.1.529.5.3.1.1.1.1.1.1.5.1.1 found mainly in UK and Denmark, from #1463",B.1.1.529.5.3.1.1.1.1.1.1.5.1.1
DN.1.1.1,"Alias of B.1.1.529.5.3.1.1.1.1.1.1.5.1.1.1 UK, S:Y453F, from #1548",B.1.1.529.5.3.1.1.1.1.1.1.5.1.1.1
DN.1.1.2,"Alias of B.1.1.529.5.3.1.1.1.1.1.1.5.1.1.2 UK, S:P479L",B.1.1.529.5.3.1.1.1.1.1.1.5.1.1.2
DN.1.1.3,"Alias of B.1.1.529.5.3.1.1.1.1.1.1.5.1.1.3 S:S704L, UK",B.1.1.529.5.3.1.1.1.1.1.1.5.1.1.3
DN.1.1.4,"Alias of B.1.1.529.5.3.1.1.1.1.1.1.5.1.1.4 S:N481S, UK",B.1.1.529.5.3.1.1.1.1.1.1.5.1.1.4
DN.2,"Alias of B.1.1.529.5.3.1.1.1.1.1.1.5.2, ORF1b:D2351N, USA",B.1.1.529.5.3.1.1.1.1.1.1.5.2
DN.3,"Alias of B.1.1.529.5.3.1.1.1.1.1.1.5.3, ORF1a:V1025L",B.1.1.529.5.3.1.1.1.1.1.1.5.3
DN.3.1,"Alias of B.1.1.529.5.3.1.1.1.1.1.1.5.3.1, S:K182E",B.1.1.529.5.3.1.1.1.1.1.1.5.3.1
BQ.1.1.6,"Alias of B.1.1.529.5.3.1.1.1.1.1.1.6, ORF1a:L681F",B.1.1.529.5.3.1.1.1.1.1.1.6
BQ.1.1.7,"Alias of B.1.1.529.5.3.1.1.1.1.1.1.7, ORF1a:S216Y",B.1.1.529.5.3.1.1.1.1.1.1.7
DK.1,"Alias of B.1.1.529.5.3.1.1.1.1.1.1.7.1, S:339N, ORF1a:A1809T",B.1.1.529.5.3.1.1.1.1.1.1.7.1
BQ.1.1.8,"Alias of B.1.1.529.5.3.1.1.1.1.1.1.8, ORF1a:H374Y, ORF1a:L969F",B.1.1.529.5.3.1.1.1.1.1.1.8
DP.1,"Alias of B.1.1.529.5.3.1.1.1.1.1.1.8.1, S:A352S, England/Belgium",B.1.1.529.5.3.1.1.1.1.1.1.8.1
BQ.1.1.9,"Alias of B.1.1.529.5.3.1.1.1.1.1.1.9, S:S151I",B.1.1.529.5.3.1.1.1.1.1.1.9
BQ.1.1.10,"Alias of B.1.1.529.5.3.1.1.1.1.1.1.10, S:Y144-, T16413C, Denmark/Germany",B.1.1.529.5.3.1.1.1.1.1.1.10
FA.1,"Alias of B.1.1.529.5.3.1.1.1.1.1.1.10.1, S:K478R, USA",B.1.1.529.5.3.1.1.1.1.1.1.10.1
FA.2,"Alias of B.1.1.529.5.3.1.1.1.1.1.1.10.2, S:T323I, Denmark",B.1.1.529.5.3.1.1.1.1.1.1.10.2
BQ.1.1.11,"Alias of B.1.1.529.5.3.1.1.1.1.1.1.11, S:S494P",B.1.1.529.5.3.1.1.1.1.1.1.11
BQ.1.1.12,"Alias of B.1.1.529.5.3.1.1.1.1.1.1.12, France/USA, S:S494P, on ORF1a:T4368I branch",B.1.1.529.5.3.1.1.1.1.1.1.12
BQ.1.1.13,"Alias of B.1.1.529.5.3.1.1.1.1.1.1.13, Denmark/Israel/Switzerland/France, E:V62F and S:Y144-",B.1.1.529.5.3.1.1.1.1.1.1.13
EF.1,"Alias of B.1.1.529.5.3.1.1.1.1.1.1.13.1, C6040T",B.1.1.529.5.3.1.1.1.1.1.1.13.1
EF.1.1,"Alias of B.1.1.529.5.3.1.1.1.1.1.1.13.1.1, C23086T,T7783C",B.1.1.529.5.3.1.1.1.1.1.1.13.1.1
EF.1.1.1,"Alias of B.1.1.529.5.3.1.1.1.1.1.1.13.1.1.1, Brazil, S:F157L",B.1.1.529.5.3.1.1.1.1.1.1.13.1.1.1
EY.1,"Alias of B.1.1.529.5.3.1.1.1.1.1.1.13.1.1.1.1, Brazil/USA, S:Q613H",B.1.1.529.5.3.1.1.1.1.1.1.13.1.1.1.1
EF.1.2,"Alias of B.1.1.529.5.3.1.1.1.1.1.1.13.1.2, Spain, T15492C",B.1.1.529.5.3.1.1.1.1.1.1.13.1.2
EF.1.3,"Alias of B.1.1.529.5.3.1.1.1.1.1.1.13.1.3, N:T166I",B.1.1.529.5.3.1.1.1.1.1.1.13.1.3
EF.2,"Alias of B.1.1.529.5.3.1.1.1.1.1.1.13.2, UK, ORF1b:V119I",B.1.1.529.5.3.1.1.1.1.1.1.13.2
EF.3,"Alias of B.1.1.529.5.3.1.1.1.1.1.1.13.2, Japan, S:S704T",B.1.1.529.5.3.1.1.1.1.1.1.13.3
BQ.1.1.14,"Alias of B.1.1.529.5.3.1.1.1.1.1.1.14, England, G23608T",B.1.1.529.5.3.1.1.1.1.1.1.14
CW.1,"Alias of B.1.1.529.5.3.1.1.1.1.1.1.14.1, England, S:G446S",B.1.1.529.5.3.1.1.1.1.1.1.14.1
BQ.1.1.15,"Alias of B.1.1.529.5.3.1.1.1.1.1.1.15, Spain, T18897C",B.1.1.529.5.3.1.1.1.1.1.1.15
DM.1,"Alias of B.1.1.529.5.3.1.1.1.1.1.1.15.1, Spain/Europe/USA, S:A348S",B.1.1.529.5.3.1.1.1.1.1.1.15.1
BQ.1.1.16,"Alias of B.1.1.529.5.3.1.1.1.1.1.1.16, England, S:Q607H",B.1.1.529.5.3.1.1.1.1.1.1.16
BQ.1.1.17,"Alias of B.1.1.529.5.3.1.1.1.1.1.1.17, France, ORF1a:S2273F",B.1.1.529.5.3.1.1.1.1.1.1.17
BQ.1.1.18,"Alias of B.1.1.529.5.3.1.1.1.1.1.1.18, France, C6541T",B.1.1.529.5.3.1.1.1.1.1.1.18
ED.1,"Alias of B.1.1.529.5.3.1.1.1.1.1.1.18.1, Japan, ORF3a:L108F, ORF1a:C433S",B.1.1.529.5.3.1.1.1.1.1.1.18.1
ED.2,"Alias of B.1.1.529.5.3.1.1.1.1.1.1.18.2, USA, ORF1a:D928Y",B.1.1.529.5.3.1.1.1.1.1.1.18.2
ED.3,"Alias of B.1.1.529.5.3.1.1.1.1.1.1.18.3, USA, S:D843N",B.1.1.529.5.3.1.1.1.1.1.1.18.3
BQ.1.1.19,"Alias of B.1.1.529.5.3.1.1.1.1.1.1.19, England, N:Q380H",B.1.1.529.5.3.1.1.1.1.1.1.19
BQ.1.1.20,"Alias of B.1.1.529.5.3.1.1.1.1.1.1.20, Denmark, S:144- and ORF3a:H204Y",B.1.1.529.5.3.1.1.1.1.1.1.20
BQ.1.1.21,"Alias of B.1.1.529.5.3.1.1.1.1.1.1.21, Switzerland/France, S:144- and A17946G",B.1.1.529.5.3.1.1.1.1.1.1.21
BQ.1.1.22,"Alias of B.1.1.529.5.3.1.1.1.1.1.1.22, Australia/England/Denmark, S:144- and C913A",B.1.1.529.5.3.1.1.1.1.1.1.22
ER.1,"Alias of B.1.1.529.5.3.1.1.1.1.1.1.22.1 found mainly in UK, from #1492",B.1.1.529.5.3.1.1.1.1.1.1.22.1
ER.1.1,"Alias of B.1.1.529.5.3.1.1.1.1.1.1.22.1.1 found mainly in UK, from #1715",B.1.1.529.5.3.1.1.1.1.1.1.22.1.1
BQ.1.1.23,"Alias of B.1.1.529.5.3.1.1.1.1.1.1.23, France, ORF3a:V97I, S:Y144-, on G6421T branch",B.1.1.529.5.3.1.1.1.1.1.1.23
BQ.1.1.24,"Alias of B.1.1.529.5.3.1.1.1.1.1.1.24, England, 11941T, S:Y144-",B.1.1.529.5.3.1.1.1.1.1.1.24
BQ.1.1.25,"Alias of B.1.1.529.5.3.1.1.1.1.1.1.25, USA/Canada, S:F490S and S:Y144-, from #1350",B.1.1.529.5.3.1.1.1.1.1.1.25
BQ.1.1.26,"Alias of B.1.1.529.5.3.1.1.1.1.1.1.26, S:E471Q",B.1.1.529.5.3.1.1.1.1.1.1.26
BQ.1.1.27,"Alias of B.1.1.529.5.3.1.1.1.1.1.1.27, France/USA, S:G181R, ORF1a:F2864L, on G6421T branch",B.1.1.529.5.3.1.1.1.1.1.1.27
BQ.1.1.28,"Alias of B.1.1.529.5.3.1.1.1.1.1.1.28, S:P251L, ORF1b:P976S, on C18828T branch",B.1.1.529.5.3.1.1.1.1.1.1.28
EH.1,"Alias of B.1.1.529.5.3.1.1.1.1.1.1.28.1, Europe, S:S247N, S:Y248S, from #1648",B.1.1.529.5.3.1.1.1.1.1.1.28.1
BQ.1.1.29,"Alias of B.1.1.529.5.3.1.1.1.1.1.1.29, S:Q613H",B.1.1.529.5.3.1.1.1.1.1.1.29
BQ.1.1.30,"Alias of B.1.1.529.5.3.1.1.1.1.1.1.30, Canada, S:V445A",B.1.1.529.5.3.1.1.1.1.1.1.30
BQ.1.1.31,"Alias of B.1.1.529.5.3.1.1.1.1.1.1.31, Indonesia/global, S:S256L",B.1.1.529.5.3.1.1.1.1.1.1.31
BQ.1.1.32,"Alias of B.1.1.529.5.3.1.1.1.1.1.1.32 found mainly in USA, S:153I, S:144-, from #1402",B.1.1.529.5.3.1.1.1.1.1.1.32
DT.1,"Alias of B.1.1.529.5.3.1.1.1.1.1.1.32.1 England, S:F494P, from #1484",B.1.1.529.5.3.1.1.1.1.1.1.32.1
DT.2,"Alias of B.1.1.529.5.3.1.1.1.1.1.1.32.2 found mainly in USA, from #1612",B.1.1.529.5.3.1.1.1.1.1.1.32.2
DT.3,"Alias of B.1.1.529.5.3.1.1.1.1.1.1.32.3 USA, S:L176F",B.1.1.529.5.3.1.1.1.1.1.1.32.3
BQ.1.1.34,"Alias of B.1.1.529.5.3.1.1.1.1.1.1.34, England, S:144-, S:494P, from #1483",B.1.1.529.5.3.1.1.1.1.1.1.34
BQ.1.1.35,"Alias of B.1.1.529.5.3.1.1.1.1.1.1.35, Canada, S:K147E, ORF1a:A1812T",B.1.1.529.5.3.1.1.1.1.1.1.35
ET.1,"Alias of B.1.1.529.5.3.1.1.1.1.1.1.35.1 found mainly in UK and Belgium, from #1732",B.1.1.529.5.3.1.1.1.1.1.1.35.1
BQ.1.1.36,"Alias of B.1.1.529.5.3.1.1.1.1.1.1.36, Brazil, S:T883I",B.1.1.529.5.3.1.1.1.1.1.1.36
BQ.1.1.37,"Alias of B.1.1.529.5.3.1.1.1.1.1.1.37 Italy, ins_S:247:SAE, S:Y248D, from #1571",B.1.1.529.5.3.1.1.1.1.1.1.37
BQ.1.1.38,"Alias of B.1.1.529.5.3.1.1.1.1.1.1.38 found mainly in South Africa and USA, from #1419",B.1.1.529.5.3.1.1.1.1.1.1.38
EW.1,"Alias of B.1.1.529.5.3.1.1.1.1.1.1.38.1 South Africa/Germany, S:478R, T4579A, from #1786",B.1.1.529.5.3.1.1.1.1.1.1.38.1
EW.2,Alias of B.1.1.529.5.3.1.1.1.1.1.1.38.2 S:A701V,B.1.1.529.5.3.1.1.1.1.1.1.38.2
EW.3,"Alias of B.1.1.529.5.3.1.1.1.1.1.1.38.3 S:A348S, South Africa",B.1.1.529.5.3.1.1.1.1.1.1.38.3
BQ.1.1.39,"Alias of B.1.1.529.5.3.1.1.1.1.1.1.39 found mainly in England, Singapore and Canada, from #1385",B.1.1.529.5.3.1.1.1.1.1.1.39
FQ.1,"Alias of B.1.1.529.5.3.1.1.1.1.1.1.39.1, found mainly in Sweden, France and Australia, from #1797",B.1.1.529.5.3.1.1.1.1.1.1.39.1
BQ.1.1.40,"Alias of B.1.1.529.5.3.1.1.1.1.1.1.40 Canada, defined by N:T24I",B.1.1.529.5.3.1.1.1.1.1.1.40
BQ.1.1.41,"Alias of B.1.1.529.5.3.1.1.1.1.1.1.41 USA, defined by S:K182I, from #1291",B.1.1.529.5.3.1.1.1.1.1.1.41
BQ.1.1.42,"Alias of B.1.1.529.5.3.1.1.1.1.1.1.42 France, defined by S:S704L",B.1.1.529.5.3.1.1.1.1.1.1.42
BQ.1.1.43,"Alias of B.1.1.529.5.3.1.1.1.1.1.1.43 USA, S:Q613H (G23401C), C26292T",B.1.1.529.5.3.1.1.1.1.1.1.43
EZ.1,"Alias of B.1.1.529.5.3.1.1.1.1.1.1.43.1 Portugal, S:S247N, S:Y248S, from #1673",B.1.1.529.5.3.1.1.1.1.1.1.43.1
BQ.1.1.44,Alias of B.1.1.529.5.3.1.1.1.1.1.1.44 S:D253G,B.1.1.529.5.3.1.1.1.1.1.1.44
BQ.1.1.45,"Alias of B.1.1.529.5.3.1.1.1.1.1.1.45 Europe, S:Y248D, from #1512",B.1.1.529.5.3.1.1.1.1.1.1.45
BQ.1.1.46,"Alias of B.1.1.529.5.3.1.1.1.1.1.1.46 France, S:F157L",B.1.1.529.5.3.1.1.1.1.1.1.46
EN.1,"Alias of B.1.1.529.5.3.1.1.1.1.1.1.46.1 France, S:V1264L(G25352T), from #1696",B.1.1.529.5.3.1.1.1.1.1.1.46.1
EN.1.1,"Alias of B.1.1.529.5.3.1.1.1.1.1.1.46.1.1 S:M153I, France",B.1.1.529.5.3.1.1.1.1.1.1.46.1.1
BQ.1.1.47,Alias of B.1.1.529.5.3.1.1.1.1.1.1.47 S:K147I,B.1.1.529.5.3.1.1.1.1.1.1.47
BQ.1.1.48,Alias of B.1.1.529.5.3.1.1.1.1.1.1.48 S:H245N,B.1.1.529.5.3.1.1.1.1.1.1.48
BQ.1.1.49,Alias of B.1.1.529.5.3.1.1.1.1.1.1.49 S:H1083D,B.1.1.529.5.3.1.1.1.1.1.1.49
BQ.1.1.50,"Alias of B.1.1.529.5.3.1.1.1.1.1.1.50 found mainly in Peru, from #1577",B.1.1.529.5.3.1.1.1.1.1.1.50
BQ.1.1.51,"Alias of B.1.1.529.5.3.1.1.1.1.1.1.51 USA, ORF3a:L101F",B.1.1.529.5.3.1.1.1.1.1.1.51
BQ.1.1.52,"Alias of B.1.1.529.5.3.1.1.1.1.1.1.52 USA/Mexico, C7006T",B.1.1.529.5.3.1.1.1.1.1.1.52
EA.1,"Alias of B.1.1.529.5.3.1.1.1.1.1.1.52.1 ORF8:C102F/ins_S:247:SKWL, from #1635",B.1.1.529.5.3.1.1.1.1.1.1.52.1
EA.2,Alias of B.1.1.529.5.3.1.1.1.1.1.1.52.2 S:T470I,B.1.1.529.5.3.1.1.1.1.1.1.52.2
BQ.1.1.53,Alias of B.1.1.529.5.3.1.1.1.1.1.1.53 S:N185D,B.1.1.529.5.3.1.1.1.1.1.1.53
FM.1,"Alias of B.1.1.529.5.3.1.1.1.1.1.1.53.1 S:613H, England",B.1.1.529.5.3.1.1.1.1.1.1.53.1
FM.2,"Alias of B.1.1.529.5.3.1.1.1.1.1.1.53.2 S:946R, Germany",B.1.1.529.5.3.1.1.1.1.1.1.53.2
BQ.1.1.54,"Alias of B.1.1.529.5.3.1.1.1.1.1.1.54 USA, S:F186S, N:A211T",B.1.1.529.5.3.1.1.1.1.1.1.54
BQ.1.1.55,"Alias of B.1.1.529.5.3.1.1.1.1.1.1.55 USA, S:K1149R",B.1.1.529.5.3.1.1.1.1.1.1.55
BQ.1.1.56,Alias of B.1.1.529.5.3.1.1.1.1.1.1.56 S:H1101Y,B.1.1.529.5.3.1.1.1.1.1.1.56
BQ.1.1.57,Alias of B.1.1.529.5.3.1.1.1.1.1.1.57 S:S256A,B.1.1.529.5.3.1.1.1.1.1.1.57
BQ.1.1.58,"Alias of B.1.1.529.5.3.1.1.1.1.1.1.58 USA/England, S:I934V",B.1.1.529.5.3.1.1.1.1.1.1.58
BQ.1.1.59,"Alias of B.1.1.529.5.3.1.1.1.1.1.1.59 France, S:T732I",B.1.1.529.5.3.1.1.1.1.1.1.59
BQ.1.1.60,"Alias of B.1.1.529.5.3.1.1.1.1.1.1.60 Brazil, S:S691F, from #1426",B.1.1.529.5.3.1.1.1.1.1.1.60
BQ.1.1.61,"Alias of B.1.1.529.5.3.1.1.1.1.1.1.61 USA, S:P621H",B.1.1.529.5.3.1.1.1.1.1.1.61
BQ.1.1.62,"Alias of B.1.1.529.5.3.1.1.1.1.1.1.62 France, S:P621S",B.1.1.529.5.3.1.1.1.1.1.1.62
BQ.1.1.63,"Alias of B.1.1.529.5.3.1.1.1.1.1.1.63 USA, S:Y248H",B.1.1.529.5.3.1.1.1.1.1.1.63
BQ.1.1.64,"Alias of B.1.1.529.5.3.1.1.1.1.1.1.64 South Africa, S:F186S",B.1.1.529.5.3.1.1.1.1.1.1.64
BQ.1.1.65,"Alias of B.1.1.529.5.3.1.1.1.1.1.1.65 Mexico, S:K147I, N:T135I",B.1.1.529.5.3.1.1.1.1.1.1.65
ES.1,"Alias of B.1.1.529.5.3.1.1.1.1.1.1.65.1 found mainly in Canada and USA, from #1722",B.1.1.529.5.3.1.1.1.1.1.1.65.1
BQ.1.1.66,"Alias of B.1.1.529.5.3.1.1.1.1.1.1.66 England/France, S:K147N",B.1.1.529.5.3.1.1.1.1.1.1.66
BQ.1.1.67,Alias of B.1.1.529.5.3.1.1.1.1.1.1.67 S:L176F,B.1.1.529.5.3.1.1.1.1.1.1.67
BQ.1.1.68,"Alias of B.1.1.529.5.3.1.1.1.1.1.1.68 USA, ORF1a:V1211I",B.1.1.529.5.3.1.1.1.1.1.1.68
BQ.1.1.69,Alias of B.1.1.529.5.3.1.1.1.1.1.1.69 ORF1b:S2027L,B.1.1.529.5.3.1.1.1.1.1.1.69
BQ.1.1.70,"Alias of B.1.1.529.5.3.1.1.1.1.1.1.70 Japan, ORF1a:A903V, M:S212G, from #1445",B.1.1.529.5.3.1.1.1.1.1.1.70
BQ.1.1.71,"Alias of B.1.1.529.5.3.1.1.1.1.1.1.71 found in England, from #1713",B.1.1.529.5.3.1.1.1.1.1.1.71
EV.1,"Alias of B.1.1.529.5.3.1.1.1.1.1.1.71.1 S:Y248H, England",B.1.1.529.5.3.1.1.1.1.1.1.71.1
BQ.1.1.72,Alias of B.1.1.529.5.3.1.1.1.1.1.1.72 ORF1b:D100A,B.1.1.529.5.3.1.1.1.1.1.1.72
FC.1,"Alias of B.1.1.529.5.3.1.1.1.1.1.1.72.1 S:478R, Indonesia",B.1.1.529.5.3.1.1.1.1.1.1.72.1
BQ.1.1.73,"Alias of B.1.1.529.5.3.1.1.1.1.1.1.73, found mainly in Canada and Spain, from #1740",B.1.1.529.5.3.1.1.1.1.1.1.73
BQ.1.1.74,"Alias of B.1.1.529.5.3.1.1.1.1.1.1.74, S:182E, found mainly in Botswana and UK, from #1817",B.1.1.529.5.3.1.1.1.1.1.1.74
FN.1,"Alias of B.1.1.529.5.3.1.1.1.1.1.1.74.1, S:478R, Botswana/England, from #1817",B.1.1.529.5.3.1.1.1.1.1.1.74.1
BQ.1.1.75,"Alias of B.1.1.529.5.3.1.1.1.1.1.1.75, S:K182N, S:F456L (T22928C), Reunion",B.1.1.529.5.3.1.1.1.1.1.1.75
BQ.1.1.76,"Alias of B.1.1.529.5.3.1.1.1.1.1.1.76, C15180T, Slovenia/Austria",B.1.1.529.5.3.1.1.1.1.1.1.76
BQ.1.1.77,"Alias of B.1.1.529.5.3.1.1.1.1.1.1.77, C12853T, ORF1b:A1428V, USA/France",B.1.1.529.5.3.1.1.1.1.1.1.77
BQ.1.1.78,"Alias of B.1.1.529.5.3.1.1.1.1.1.1.78, ORF1a:M315I, ORF1b:P1953L, Japan",B.1.1.529.5.3.1.1.1.1.1.1.78
BQ.1.1.79,"Alias of B.1.1.529.5.3.1.1.1.1.1.1.79, S:Q613H, C1594T, C16362T, T24079C, Greece",B.1.1.529.5.3.1.1.1.1.1.1.79
BQ.1.2,"Alias of B.1.1.529.5.3.1.1.1.1.1.2, found globally, defined by S:I666V, from #1082",B.1.1.529.5.3.1.1.1.1.1.2
BQ.1.2.1,"Alias of B.1.1.529.5.3.1.1.1.1.1.2.1, found mainly in Japan, SouthKorea and Mongolia, from #1392",B.1.1.529.5.3.1.1.1.1.1.2.1
FB.1,"Alias of B.1.1.529.5.3.1.1.1.1.1.2.1.1 S:D253G, Singapore/Taiwan/Japan, from #1714",B.1.1.529.5.3.1.1.1.1.1.2.1.1
FB.2,"Alias of B.1.1.529.5.3.1.1.1.1.1.2.1.2 S:478R, USA/South Korea/Mongolia",B.1.1.529.5.3.1.1.1.1.1.2.1.2
BQ.1.2.2,"Alias of B.1.1.529.5.3.1.1.1.1.1.2.2, S:K147E, S:R346T, S:V445A, West Africa, from #1861",B.1.1.529.5.3.1.1.1.1.1.2.2
JH.1,"Alias of B.1.1.529.5.3.1.1.1.1.1.2.2.1, S:K182E, S:486A, S:S494P, S:E554K, from #2068",B.1.1.529.5.3.1.1.1.1.1.2.2.1
JH.2,"Alias of B.1.1.529.5.3.1.1.1.1.1.2.2.2, S:A484K, S:V486A, USA/Canada/Finland, from #2068",B.1.1.529.5.3.1.1.1.1.1.2.2.2
BQ.1.2.3,"Alias of B.1.1.529.5.3.1.1.1.1.1.2.3, E:V24L, Canada",B.1.1.529.5.3.1.1.1.1.1.2.3
BQ.1.3,"Alias of B.1.1.529.5.3.1.1.1.1.1.3, found globally, defined by S:E619Q, from #1082",B.1.1.529.5.3.1.1.1.1.1.3
BQ.1.3.1,"Alias of B.1.1.529.5.3.1.1.1.1.1.3.1, C2509T, Spain",B.1.1.529.5.3.1.1.1.1.1.3.1
BQ.1.3.2,"Alias of B.1.1.529.5.3.1.1.1.1.1.3.2, ORF1a:L1853F, USA",B.1.1.529.5.3.1.1.1.1.1.3.2
BQ.1.4,"Alias of B.1.1.529.5.3.1.1.1.1.1.4, England and Denmark, defined by S:R190T",B.1.1.529.5.3.1.1.1.1.1.4
BQ.1.5,"Alias of B.1.1.529.5.3.1.1.1.1.1.5, defined by ORF1b:T1076I",B.1.1.529.5.3.1.1.1.1.1.5
BQ.1.6,"Alias of B.1.1.529.5.3.1.1.1.1.1.6, USA lineage, defined by ORF1a:G94C",B.1.1.529.5.3.1.1.1.1.1.6
BQ.1.7,"Alias of B.1.1.529.5.3.1.1.1.1.1.7, defined by S:L54F",B.1.1.529.5.3.1.1.1.1.1.7
BQ.1.8,"Alias of B.1.1.529.5.3.1.1.1.1.1.8, defined by ORF1a:S505F and S:Y144-, from #1202",B.1.1.529.5.3.1.1.1.1.1.8
BQ.1.8.1,"Alias of B.1.1.529.5.3.1.1.1.1.1.8.1, England/Australia, S:256L",B.1.1.529.5.3.1.1.1.1.1.8.1
BQ.1.8.2,"Alias of B.1.1.529.5.3.1.1.1.1.1.8.2, England/Scotland, S:A688V",B.1.1.529.5.3.1.1.1.1.1.8.2
FF.1,"Alias of B.1.1.529.5.3.1.1.1.1.1.8.2.1 found mainly in the UK, from #1523",B.1.1.529.5.3.1.1.1.1.1.8.2.1
BQ.1.9,"Alias of B.1.1.529.5.3.1.1.1.1.1.9, USA lineage, defined by ORF1a:V2604I followed by S:346T (independent from BQ.1.1)",B.1.1.529.5.3.1.1.1.1.1.9
BQ.1.10,"Alias of B.1.1.529.5.3.1.1.1.1.1.10, international lineage, 27600T",B.1.1.529.5.3.1.1.1.1.1.10
BQ.1.10.1,"Alias of B.1.1.529.5.3.1.1.1.1.1.10.1, Italy/England/Denmark, S:H146L, from #1189",B.1.1.529.5.3.1.1.1.1.1.10.1
EC.1,"Alias of B.1.1.529.5.3.1.1.1.1.1.10.1.1, England, S:Q613H",B.1.1.529.5.3.1.1.1.1.1.10.1.1
EC.1.1,"Alias of B.1.1.529.5.3.1.1.1.1.1.10.1.1.1, England, S:V445A",B.1.1.529.5.3.1.1.1.1.1.10.1.1.1
BQ.1.10.2,"Alias of B.1.1.529.5.3.1.1.1.1.1.10.2, S:T523N",B.1.1.529.5.3.1.1.1.1.1.10.2
BQ.1.10.3,"Alias of B.1.1.529.5.3.1.1.1.1.1.10.3, S:K147E",B.1.1.529.5.3.1.1.1.1.1.10.3
BQ.1.11,"Alias of B.1.1.529.5.3.1.1.1.1.1.11, international lineage, 29541T",B.1.1.529.5.3.1.1.1.1.1.11
BQ.1.11.1,"Alias of B.1.1.529.5.3.1.1.1.1.1.11.1 found mainly in USA and Peru, from #1581",B.1.1.529.5.3.1.1.1.1.1.11.1
BQ.1.12,"Alias of B.1.1.529.5.3.1.1.1.1.1.12, international lineage, 28849T",B.1.1.529.5.3.1.1.1.1.1.12
BQ.1.13,"Alias of B.1.1.529.5.3.1.1.1.1.1.13, international lineage, ORF1a:V627I",B.1.1.529.5.3.1.1.1.1.1.13
BQ.1.13.1,"Alias of B.1.1.529.5.3.1.1.1.1.1.13.1 found mainly in USA and Europe, from #1400",B.1.1.529.5.3.1.1.1.1.1.13.1
BQ.1.14,"Alias of B.1.1.529.5.3.1.1.1.1.1.14, international lineage, 18570A",B.1.1.529.5.3.1.1.1.1.1.14
BQ.1.15,"Alias of B.1.1.529.5.3.1.1.1.1.1.15, international lineage, ORF1a:L3116F",B.1.1.529.5.3.1.1.1.1.1.15
BQ.1.15.1,"Alias of B.1.1.529.5.3.1.1.1.1.1.15.1, Canada, ins_S:247:SKWL, C17745T",B.1.1.529.5.3.1.1.1.1.1.15.1
BQ.1.15.2,"Alias of B.1.1.529.5.3.1.1.1.1.1.15.2, Canada, ins_S:247:SKWL, C6286T",B.1.1.529.5.3.1.1.1.1.1.15.2
BQ.1.16,"Alias of B.1.1.529.5.3.1.1.1.1.1.16, international lineage, ORF1a:A540V",B.1.1.529.5.3.1.1.1.1.1.16
BQ.1.17,"Alias of B.1.1.529.5.3.1.1.1.1.1.17, Denmark/Germany, S:K444T mutated further to S:444M",B.1.1.529.5.3.1.1.1.1.1.17
BQ.1.18,"Alias of B.1.1.529.5.3.1.1.1.1.1.18, Denmark/Austria, E:P71S, then S:R346T and S:Y144-",B.1.1.529.5.3.1.1.1.1.1.18
BQ.1.19,"Alias of B.1.1.529.5.3.1.1.1.1.1.19, S:S494P",B.1.1.529.5.3.1.1.1.1.1.19
BQ.1.20,"Alias of B.1.1.529.5.3.1.1.1.1.1.20, S:A348S",B.1.1.529.5.3.1.1.1.1.1.20
BQ.1.21,"Alias of B.1.1.529.5.3.1.1.1.1.1.21, England/France, S:R346S, S:Y144-",B.1.1.529.5.3.1.1.1.1.1.21
BQ.1.22,"Alias of B.1.1.529.5.3.1.1.1.1.1.22, Canada, S:R346T after C26681T",B.1.1.529.5.3.1.1.1.1.1.22
BQ.1.23,"Alias of B.1.1.529.5.3.1.1.1.1.1.23, Singapore/Indonesia/Australia, A2653G and S:Y144-",B.1.1.529.5.3.1.1.1.1.1.23
BQ.1.24,"Alias of B.1.1.529.5.3.1.1.1.1.1.24, South Africa, S:T240I, S:R346T, from #1240",B.1.1.529.5.3.1.1.1.1.1.24
BQ.1.25,"Alias of B.1.1.529.5.3.1.1.1.1.1.25, S:R346T, T8038C, T25569C, G26031A",B.1.1.529.5.3.1.1.1.1.1.25
BQ.1.25.1,"Alias of B.1.1.529.5.3.1.1.1.1.1.25.1, found mainly in USA, from #1451",B.1.1.529.5.3.1.1.1.1.1.25.1
BQ.1.26,"Alias of B.1.1.529.5.3.1.1.1.1.1.26, found mainly in Denmark, from #1315",B.1.1.529.5.3.1.1.1.1.1.26
BQ.1.26.1,"Alias of B.1.1.529.5.3.1.1.1.1.1.26.1, found mainly in Denmark, from #1369",B.1.1.529.5.3.1.1.1.1.1.26.1
BQ.1.26.2,"Alias of B.1.1.529.5.3.1.1.1.1.1.26.2, Europe, S:F157L",B.1.1.529.5.3.1.1.1.1.1.26.2
BQ.1.27,"Alias of B.1.1.529.5.3.1.1.1.1.1.27, USA/England, S:V445A",B.1.1.529.5.3.1.1.1.1.1.27
BQ.1.28,"Alias of B.1.1.529.5.3.1.1.1.1.1.28, found mainly in USA, ins:S:247SWRM, from #1415",B.1.1.529.5.3.1.1.1.1.1.28
BQ.1.29,"Alias of B.1.1.529.5.3.1.1.1.1.1.29, found mainly in USA, S:E554Q",B.1.1.529.5.3.1.1.1.1.1.29
BQ.1.30,"Alias of B.1.1.529.5.3.1.1.1.1.1.30, Canada, S:V445A after T8038C, T25569C, G26031A",B.1.1.529.5.3.1.1.1.1.1.30
BQ.1.31,"Alias of B.1.1.529.5.3.1.1.1.1.1.31, France, S:K147E",B.1.1.529.5.3.1.1.1.1.1.31
BQ.1.32,"Alias of B.1.1.529.5.3.1.1.1.1.1.32 found mainly in USA and Mexico, from #1731",B.1.1.529.5.3.1.1.1.1.1.32
BQ.1.33,"Alias of B.1.1.529.5.3.1.1.1.1.1.33 S:F157L, S:K147I",B.1.1.529.5.3.1.1.1.1.1.33
BQ.2,"Alias of B.1.1.529.5.3.1.1.1.1.2, international, S:A522P",B.1.1.529.5.3.1.1.1.1.2
BE.1.2,"Alias of B.1.1.529.5.3.1.1.2, mainly found in Costa Rica and USA, from #923",B.1.1.529.5.3.1.1.2
BE.1.1.2,"Alias of B.1.1.529.5.3.1.1.1.2, Germany lineage, defined by ORF9b:S50L",B.1.1.529.5.3.1.1.1.2
CC.1,"Alias of B.1.1.529.5.3.1.1.1.2.1, Germany lineage, defined by S:N450D",B.1.1.529.5.3.1.1.1.2.1
BE.1.2.1,"Alias of B.1.1.529.5.3.1.1.2.1, Panama, Canada, USA, defined by S:V445A, from #1095",B.1.1.529.5.3.1.1.2.1
DW.1,"Alias of B.1.1.529.5.3.1.1.2.1.1 found mainly in Costa Rica, from #1564",B.1.1.529.5.3.1.1.2.1.1
BE.1.3,"Alias of B.1.1.529.5.3.1.1.3, Finland and Estonia lineage",B.1.1.529.5.3.1.1.3
BE.1.4,"Alias of B.1.1.529.5.3.1.1.4, America lineage, ORF1b:V1787I",B.1.1.529.5.3.1.1.4
BE.1.4.1,"Alias of B.1.1.529.5.3.1.1.4.1, S:A701V",B.1.1.529.5.3.1.1.4.1
BE.1.4.2,"Alias of B.1.1.529.5.3.1.1.4.2, S:R346T",B.1.1.529.5.3.1.1.4.2
BE.1.4.3,"Alias of B.1.1.529.5.3.1.1.4.3, Mexico, S:V445A",B.1.1.529.5.3.1.1.4.3
BE.1.4.4,"Alias of B.1.1.529.5.3.1.1.4.4, S:L176F",B.1.1.529.5.3.1.1.4.4
BE.2,"Alias of B.1.1.529.5.3.1.2, Belgium lineage",B.1.1.529.5.3.1.2
BE.3,"Alias of B.1.1.529.5.3.1.3, USA lineage, from #723",B.1.1.529.5.3.1.3
BE.4,"Alias of B.1.1.529.5.3.1.4, Bangladesh, defined by ORF1a:T3308N, from #1115",B.1.1.529.5.3.1.4
BE.4.1,"Alias of B.1.1.529.5.3.1.4.1, Bangladesh, defined by S:P209L, S:R346T, from #1115",B.1.1.529.5.3.1.4.1
BE.4.1.1,"Alias of B.1.1.529.5.3.1.4.1.1, Bangladesh, defined by S:K444R, from #1115",B.1.1.529.5.3.1.4.1.1
CQ.1,"Alias of B.1.1.529.5.3.1.4.1.1.1, Bangladesh, defined by S:Y144- and 11866T",B.1.1.529.5.3.1.4.1.1.1
CQ.1.1,"Alias of B.1.1.529.5.3.1.4.1.1.1.1, Canada/England, S:A262S",B.1.1.529.5.3.1.4.1.1.1.1
CQ.2,"Alias of B.1.1.529.5.3.1.4.1.1.2, Japan/USA, defined by S:V445A, from #1232",B.1.1.529.5.3.1.4.1.1.2
BE.4.2,"Alias of B.1.1.529.5.3.1.4.2, Bangladesh, defined by S:K444N & S:N460K, from #1114",B.1.1.529.5.3.1.4.2
BE.5,"Alias of B.1.1.529.5.3.1.5, South Africa, S:R346T, from #1281",B.1.1.529.5.3.1.5
BE.6,"Alias of B.1.1.529.5.3.1.6, France, S:R346S, on 28693C, 22624C",B.1.1.529.5.3.1.6
BE.7,"Alias of B.1.1.529.5.3.1.7, South Africa, S:R346T on 28693C, 22624C, from #1280",B.1.1.529.5.3.1.7
BE.8,"Alias of B.1.1.529.5.3.1.8, South Africa, S:R346T on 28693C, from #1278",B.1.1.529.5.3.1.8
BE.9,"Alias of B.1.1.529.5.3.1.9, S:144-, S:444T, S:460K, on 28693C, Brazil, from #1302",B.1.1.529.5.3.1.9
BE.10,"Alias of B.1.1.529.5.3.1.10, S:K444T, S:N460K, mainly Brazil, from #1411",B.1.1.529.5.3.1.10
BE.11,"Alias of B.1.1.529.5.3.1.11, T3049C, on 28693C",B.1.1.529.5.3.1.11
BE.12,"Alias of B.1.1.529.5.3.1.12, C10834T, T18975C, A29359G, on 28693C",B.1.1.529.5.3.1.12
BE.13,"Alias of B.1.1.529.5.3.1.13, S:346T, S:478R, on 28693C, South Africa",B.1.1.529.5.3.1.13
BA.5.3.2,"Alias of B.1.1.529.5.3.2, mainly found in Germany, from #697",B.1.1.529.5.3.2
BA.5.3.3,"Alias of B.1.1.529.5.3.3, UK lineage",B.1.1.529.5.3.3
BA.5.3.4,"Alias of B.1.1.529.5.3.4, Germany lineage",B.1.1.529.5.3.4
BA.5.3.5,"Alias of B.1.1.529.5.3.5, mainly found in South Africa, from #1042",B.1.1.529.5.3.5
BA.5.5,"Alias of B.1.1.529.5.5, mainly found in USA, from #656",B.1.1.529.5.5
BA.5.5.1,"Alias of B.1.1.529.5.5.1, mainly found in USA, from #873",B.1.1.529.5.5.1
BA.5.5.2,"Alias of B.1.1.529.5.5.2, mainly found in USA, Canada, England and Ireland, from #938",B.1.1.529.5.5.2
BA.5.5.3,"Alias of B.1.1.529.5.5.3, USA lineage, from #1015",B.1.1.529.5.5.3
BA.5.6,"Alias of B.1.1.529.5.6, USA lineage, from #738",B.1.1.529.5.6
BA.5.6.1,"Alias of B.1.1.529.5.6.1, Peru lineage",B.1.1.529.5.6.1
BA.5.6.2,"Alias of B.1.1.529.5.6.2, mainly found in USA, Belgium and Mexico, from #903",B.1.1.529.5.6.2
BW.1,"Alias of B.1.1.529.5.6.2.1, Mexico lineage, defined by S:460K, from #1059",B.1.1.529.5.6.2.1
BW.1.1,"Alias of B.1.1.529.5.6.2.1.1, Mexico lineage, defined by S:V486A, from #1341",B.1.1.529.5.6.2.1.1
BW.1.1.1,"Alias of B.1.1.529.5.6.2.1.1.1, Mexico, ORF1a:L864F",B.1.1.529.5.6.2.1.1.1
BW.1.1.2,"Alias of B.1.1.529.5.6.2.1.1.2, Mexico, ORF1b:P1101S",B.1.1.529.5.6.2.1.1.2
BW.1.2,"Alias of B.1.1.529.5.6.2.1.2, Mexico lineage, defined by S:R346S",B.1.1.529.5.6.2.1.2
BA.5.6.3,"Alias of B.1.1.529.5.6.3, mainly found in England, from #1118",B.1.1.529.5.6.3
BA.5.6.4,"Alias of B.1.1.529.5.6.4, found in USA and Europe, from #1191",B.1.1.529.5.6.4
BA.5.7,"Alias of B.1.1.529.5.7, Australia lineage",B.1.1.529.5.7
BA.5.8,"Alias of B.1.1.529.5.8, mainly found in England, USA, Denmark and Scotland, from #743",B.1.1.529.5.8
BA.5.9,"Alias of B.1.1.529.5.9, mainly found in Germany, Switzerland and Denmark, from #753",B.1.1.529.5.9
BA.5.10,"Alias of B.1.1.529.5.10, mainly found in Philippines, Canada, and USA, from #936",B.1.1.529.5.10
BA.5.10.1,"Alias of B.1.1.529.5.10.1, mainly from Philippines, defined by S:346T, from #1031",B.1.1.529.5.10.1
DF.1,"Alias of B.1.1.529.5.10.1.1, found mainly in UK, from #1270",B.1.1.529.5.10.1.1
DF.1.1,"Alias of B.1.1.529.5.10.1.1.1 found mainly in USA, from #1494",B.1.1.529.5.10.1.1.1
BA.5.11,"Alias of B.1.1.529.5.11, South Africa, C1627T, S:R346T, from #1277",B.1.1.529.5.11
BA.5.12,"Alias of B.1.1.529.5.12 found mainly in Switzerland, France and Germany, from #1640",B.1.1.529.5.12
B.1.2,USA,B.1.2
B.1.3,USA lineage,B.1.3
B.1.6,Belgian lineage,B.1.6
B.1.8,"Netherlands, South Africa, Denmark, USA",B.1.8
B.1.12,"Luxembourg lineage (also England, Belgium etc.)",B.1.12
B.1.13,UK lineage,B.1.13
B.1.14,USA lineage (CA),B.1.14
B.1.22,Netherlands lineage,B.1.22
B.1.22.1,Curacao,B.1.22.1
B.1.23,New Zealand / Australia,B.1.23
B.1.35,Wales lineage,B.1.35
B.1.36,Global many sublineages (see below),B.1.36
B.1.36.1,European/Denmark,B.1.36.1
B.1.36.2,UK,B.1.36.2
B.1.36.7,UK (reassigned from Oman lineage),B.1.36.7
B.1.36.8,Predominantly Indian lineage with global records (inc. Canada),B.1.36.8
B.1.36.9,UK,B.1.36.9
B.1.36.10,Jordan/Saudi Arabia (single recent record from USA),B.1.36.10
B.1.36.12,England,B.1.36.12
B.1.36.16,SE Asia,B.1.36.16
B.1.36.17,UK lineage,B.1.36.17
B.1.36.18,Canadian lineage,B.1.36.18
B.1.36.19,Oceana,B.1.36.19
B.1.36.20,Mainly Scotland,B.1.36.20
B.1.36.21,Norway lineage,B.1.36.21
B.1.36.22,Lineage with sequences majoritively from Finland,B.1.36.22
B.1.36.23,UK,B.1.36.23
B.1.36.24,England with Global records,B.1.36.24
B.1.36.25,Denmark,B.1.36.25
B.1.36.26,Canada/USA,B.1.36.26
B.1.36.28,UK,B.1.36.28
B.1.36.27,"Hong Kong lineage, initially associated with travellers from Nepal. Epidemiologically and phylogenetically supported.",B.1.36.27
B.1.36.29,India,B.1.36.29
B.1.36.31,UK/Global,B.1.36.31
B.1.36.33,Denmark,B.1.36.33
B.1.36.34,UK,B.1.36.34
B.1.36.35,European/Switzerland,B.1.36.35
B.1.36.36,Canada,B.1.36.36
B.1.36.37,Canada,B.1.36.37
B.1.36.38,Canada/UK,B.1.36.38
B.1.36.39,UK,B.1.36.39
B.1.37,USA lineage,B.1.37
B.1.38,USA,B.1.38
B.1.39,Denmark,B.1.39
B.1.40,Scotland lineage,B.1.40
B.1.44,Wales lineage,B.1.44
B.1.67,Wales lineage,B.1.67
B.1.69,Scotland,B.1.69
B.1.70,Scotland,B.1.70
B.1.76,English Lineage,B.1.76
B.1.77,English lineage,B.1.77
B.1.78,Netherlands lineage,B.1.78
B.1.81,UK lineage,B.1.81
B.1.83,Belgian lineage,B.1.83
B.1.84,DRC lineage,B.1.84
B.1.91,Portuguese lineage,B.1.91
B.1.93,UK lineage,B.1.93
B.1.94,Luxembourg,B.1.94
B.1.96,Netherlands lineage,B.1.96
B.1.97,England,B.1.97
B.1.103,USA,B.1.103
B.1.104,England,B.1.104
B.1.105,England,B.1.105
B.1.106,USA,B.1.106
B.1.108,USA,B.1.108
B.1.110,Chilean/ USA and Australia lineage,B.1.110
B.1.110.1,Chilean/ USA lineage,B.1.110.1
B.1.110.2,UK lineage,B.1.110.2
B.1.110.3,USA lineage,B.1.110.3
B.1.111,"South/ Central American lineage (mostly Trinidad and Colombia, an a small cluster from Norwich)",B.1.111
B.1.112,USA/UT,B.1.112
B.1.113,Indian lineage,B.1.113
B.1.115,Israel and UK,B.1.115
B.1.116,USA lineage,B.1.116
B.1.117,UK lineage,B.1.117
B.1.118,Danish,B.1.118
B.1.119,USA lineage,B.1.119
B.1.120,Wales lineage,B.1.120
B.1.124,USA/WA,B.1.124
B.1.126,USA (MN) lineage,B.1.126
B.1.127,Denmark,B.1.127
B.1.128,"Canada, Switzerland and DRC",B.1.128
B.1.131,European lineage,B.1.131
B.1.134,USA lineage,B.1.134
B.1.137,USA lineage,B.1.137
B.1.139,USA lineage,B.1.139
B.1.140,South African lineage,B.1.140
B.1.142,Wales lineage,B.1.142
B.1.143,Indian lineage,B.1.143
B.1.145,Indian lineage,B.1.145
B.1.146,Swiss lineage,B.1.146
B.1.147,Canadian lineage,B.1.147
B.1.149,DRC lineage,B.1.149
B.1.151,UK lineage,B.1.151
B.1.153,"English lineage with some Australian, New Zealand and European sequences",B.1.153
B.1.157,UK/ Spanish lineage,B.1.157
B.1.158,Finland lineage,B.1.158
B.1.159,French lineage,B.1.159
B.1.160,"Large European lineage, sequences from BeNeLuX, Denmark, Switzerland, Hungary and UK.",B.1.160
B.1.160.7,English Lineage,B.1.160.7
B.1.160.8,Denmark,B.1.160.8
B.1.160.9,Switzerland,B.1.160.9
B.1.160.10,Switzerland,B.1.160.10
B.1.160.11,Switzerland,B.1.160.11
B.1.160.12,Switzerland,B.1.160.12
B.1.160.13,Netherlands lineage,B.1.160.13
B.1.160.14,Switzerland,B.1.160.14
B.1.160.15,Mostly Switzerland,B.1.160.15
B.1.160.16,Mostly Switzerland,B.1.160.16
AB.1,"Alias of B.1.160.16.1, Denmark, grown out of big swiss cluster",B.1.160.16.1
B.1.160.17,Denmark,B.1.160.17
B.1.160.18,Mayotte,B.1.160.18
B.1.160.19,Switzerland,B.1.160.19
B.1.160.20,Switzerland,B.1.160.20
B.1.160.21,Luxembourg,B.1.160.21
B.1.160.22,"Switzerland, Germany, Austria",B.1.160.22
B.1.160.23,England,B.1.160.23
B.1.160.24,Denmark,B.1.160.24
B.1.160.25,French Guiana,B.1.160.25
B.1.160.26,"Mostly Switzerland, a little Europe",B.1.160.26
B.1.160.27,Mayotte,B.1.160.27
B.1.160.28,Belgium and Luxembourg,B.1.160.28
B.1.160.29,Switzerland,B.1.160.29
B.1.160.30,Switzerland,B.1.160.30
B.1.160.31,Switzerland,B.1.160.31
B.1.160.32,Switzerland,B.1.160.32
B.1.160.33,"Was part of B.1.160.7 but this is now split on tree. English lineage last seen 2020-11-18 in uk, but long branch to a recent French sample sticking out",B.1.160.33
B.1.161,USA,B.1.161
B.1.162,USA lineage,B.1.162
B.1.163,USA,B.1.163
B.1.164,Eastern Europe,B.1.164
B.1.165,England,B.1.165
B.1.166,USA lineage,B.1.166
B.1.167,"Canada, England",B.1.167
B.1.168,Scottish lineage,B.1.168
B.1.169,"USA, some previously B.1.333.1",B.1.169
B.1.170,Egypt UAE,B.1.170
B.1.173,England,B.1.173
B.1.177,"Major mostly European lineage, result of opening borders summer 2020",B.1.177
B.1.177.2,English lineage,B.1.177.2
B.1.177.3,Welsh and English lineage,B.1.177.3
B.1.177.4,UK lineage,B.1.177.4
B.1.177.5,"UK, mostly Scotland",B.1.177.5
B.1.177.6,Wales lineage,B.1.177.6
B.1.177.7,Wales lineage,B.1.177.7
B.1.177.8,Wales lineage,B.1.177.8
B.1.177.9,UK lineage,B.1.177.9
B.1.177.10,England,B.1.177.10
B.1.177.11,"Scotland mostly, some England",B.1.177.11
B.1.177.12,Danish,B.1.177.12
B.1.177.14,Danish/ Norway lineage,B.1.177.14
B.1.177.15,English Welsh lineage,B.1.177.15
AA.1,"Alias of B.1.177.15.1, European Lineage",B.1.177.15.1
AA.2,"Alias of B.1.177.15.2, Welsh Lineage",B.1.177.15.2
AA.3,"Alias of B.1.177.15.3, Welsh Lineage",B.1.177.15.3
AA.4,"Alias of B.1.177.15.4, Welsh Lineage",B.1.177.15.4
AA.5,"Alias of B.1.177.15.5, Welsh Lineage",B.1.177.15.5
AA.6,"Alias of B.1.177.15.6, Welsh Lineage",B.1.177.15.6
AA.7,"Alias of B.1.177.15.7, Welsh Lineage",B.1.177.15.7
AA.8,"Alias of B.1.177.15.8, Welsh Lineage",B.1.177.15.8
B.1.177.16,UK lineage,B.1.177.16
B.1.177.17,"UK, merged with B.1.177.13",B.1.177.17
B.1.177.18,"England, some Wales, parent is mainland Europe",B.1.177.18
B.1.177.19,"England, some Wales",B.1.177.19
B.1.177.20,England,B.1.177.20
B.1.177.21,Denmark,B.1.177.21
B.1.177.23,Swiss lineage,B.1.177.23
B.1.177.24,"Danish lineage, contains some previous B.1.177.1",B.1.177.24
B.1.177.25,Gibraltar lineage,B.1.177.25
B.1.177.26,UK lineage,B.1.177.26
B.1.177.27,Danish,B.1.177.27
B.1.177.28,Swiss lineage,B.1.177.28
B.1.177.29,Spain,B.1.177.29
B.1.177.30,England,B.1.177.30
B.1.177.31,Swiss lineage,B.1.177.31
B.1.177.32,Swiss and Portuguese mostly,B.1.177.32
B.1.177.33,"Mostly italian, some swiss, some english",B.1.177.33
B.1.177.34,Dutch,B.1.177.34
B.1.177.35,"Danish, some Israel more recently",B.1.177.35
B.1.177.36,Dutch,B.1.177.36
B.1.177.37,Belgian,B.1.177.37
B.1.177.38,Dutch,B.1.177.38
B.1.177.39,Ireland andNorthern Ireland,B.1.177.39
B.1.177.40,Dutch,B.1.177.40
B.1.177.41,Danish and swedish,B.1.177.41
B.1.177.42,Danish,B.1.177.42
B.1.177.43,"Swiss, then into Germany and Austria",B.1.177.43
B.1.177.44,Swiss mostly,B.1.177.44
B.1.177.45,Iceland,B.1.177.45
B.1.177.46,Sweden and Denmark,B.1.177.46
B.1.177.47,England,B.1.177.47
B.1.177.48,UK lineage,B.1.177.48
B.1.177.49,Spanish lineage,B.1.177.49
B.1.177.50,Netherlands / Germany,B.1.177.50
Z.1,"Alias of B.1.177.50.1, UK lineage",B.1.177.50.1
B.1.177.51,European lineage,B.1.177.51
B.1.177.52,European lineage,B.1.177.52
Y.1,"Alias of B.1.177.52.1, Portuguese lineage",B.1.177.52.1
B.1.177.53,UK lineage,B.1.177.53
W.1,"Alias of B.1.177.53.1, French and USA lineage",B.1.177.53.1
W.2,"Alias of B.1.177.53.2, Dutch lineage",B.1.177.53.2
W.3,"Alias of B.1.177.53.3, UK lineage",B.1.177.53.3
W.4,"Alias of B.1.177.53.4, UK lineage",B.1.177.53.4
B.1.177.54,UK lineage,B.1.177.54
V.1,"Alias of B.1.177.54.1, Northern Irish and Irish lineage",B.1.177.54.1
V.2,"Alias of B.1.177.54.2, Northern Irish lineage",B.1.177.54.2
B.1.177.55,England and Ireland,B.1.177.55
B.1.177.56,UK lineage,B.1.177.56
B.1.177.57,UK lineage,B.1.177.57
B.1.177.58,UK,B.1.177.58
B.1.177.59,Ireland,B.1.177.59
B.1.177.60,"Northern Europe, mostly Lithuania",B.1.177.60
U.1,"Alias of B.1.177.60.1, England",B.1.177.60.1
U.2,"Alias of B.1.177.60.2, Denmark",B.1.177.60.2
U.3,"Alias of B.1.177.60.3, Norway and Latvia",B.1.177.60.3
B.1.177.61,Spain,B.1.177.61
B.1.177.62,"Germany, Switzerland, Netherlands",B.1.177.62
B.1.177.63,Wales,B.1.177.63
B.1.177.64,Ireland,B.1.177.64
B.1.177.65,Wales,B.1.177.65
B.1.177.66,Irish lineage,B.1.177.66
B.1.177.67,Irish lineage,B.1.177.67
B.1.177.68,Irish lineage,B.1.177.68
B.1.177.69,UK lineage,B.1.177.69
B.1.177.70,Danish lineage,B.1.177.70
B.1.177.71,Swiss lineage,B.1.177.71
B.1.177.72,Portuguese lineage,B.1.177.72
B.1.177.73,Netherlands lineage,B.1.177.73
B.1.177.74,"Netherlands, Spain, UK",B.1.177.74
B.1.177.75,Italian lineage,B.1.177.75
B.1.177.76,Danish,B.1.177.76
B.1.177.77,Benelux + Denmark,B.1.177.77
B.1.177.78,French lineage,B.1.177.78
B.1.177.80,Scandinavian lineage,B.1.177.80
B.1.177.81,Large European lineage,B.1.177.81
B.1.177.82,Scandinavian lineage,B.1.177.82
B.1.177.83,Italian lineage,B.1.177.83
B.1.177.84,UK lineage,B.1.177.84
B.1.177.85,Portuguese lineage,B.1.177.85
B.1.177.86,German and Danish lineage,B.1.177.86
B.1.177.87,UK lineage,B.1.177.87
B.1.177.88,"Italian lineage, from #19",B.1.177.88
B.1.177.89,Switzerland lineage,B.1.177.89
B.1.178,DRC lineage,B.1.178
B.1.179,Denmark,B.1.179
B.1.180,Romanian lineage,B.1.180
B.1.181,USA lineage,B.1.181
B.1.182,Spanish lineage,B.1.182
B.1.184,India,B.1.184
B.1.187,Polish lineage,B.1.187
B.1.188,USA (OR) lineage,B.1.188
B.1.189,USA/Mexico,B.1.189
B.1.190,Netherlands lineage,B.1.190
B.1.192,Equatorial Guinea,B.1.192
B.1.194,USA,B.1.194
B.1.195,UAE,B.1.195
B.1.198,UK lineage,B.1.198
B.1.199,USA,B.1.199
B.1.201,UK lineage,B.1.201
B.1.203,Panama/Costa Rica,B.1.203
B.1.206,USA,B.1.206
B.1.205,Peruvian,B.1.205
B.1.208,French lineage,B.1.208
B.1.210,Indian lineage,B.1.210
B.1.211,Belgium/ Luxembourg lineage,B.1.211
B.1.212,South American lineage,B.1.212
B.1.213,Polish lineage,B.1.213
B.1.214,DRC/ Congo lineage,B.1.214
B.1.214.1,"Congo/ France lineage, from #21",B.1.214.1
B.1.214.2,"Lineage from Belgium with a number of key spike mutations and a 9bp spike insertion, from #20",B.1.214.2
B.1.214.3,"France, Belgium and Mayotte lineage, from #20",B.1.214.3
B.1.214.4,"Danish lineage, from #20",B.1.214.4
B.1.215,Scottish lineage,B.1.215
B.1.218,Swiss lineage,B.1.218
B.1.219,Suriname lineage,B.1.219
B.1.220,European lineage,B.1.220
B.1.221,European lineage,B.1.221
B.1.221.1,UK lineage,B.1.221.1
B.1.221.2,German lineage,B.1.221.2
B.1.221.3,Danish lineage,B.1.221.3
B.1.221.4,Belgium/ Luxembourg lineage,B.1.221.4
B.1.222,Scottish lineage,B.1.222
B.1.223,UK lineage,B.1.223
B.1.224,Austrian lineage,B.1.224
B.1.225,UK lineage,B.1.225
B.1.227,Sweden,B.1.227
B.1.229,UK lineage,B.1.229
B.1.231,UK lineage,B.1.231
B.1.232,USA/ Scottish lineage,B.1.232
B.1.233,USA lineage,B.1.233
B.1.234,USA lineage,B.1.234
B.1.235,UK,B.1.235
B.1.236,Swiss lineage,B.1.236
B.1.237,South african lineage,B.1.237
B.1.238,UK lineage,B.1.238
B.1.239,USA lineage,B.1.239
B.1.240,USA,B.1.240
B.1.240.1,Curacao and Aruba,B.1.240.1
B.1.240.2,England,B.1.240.2
B.1.241,USA lineage,B.1.241
B.1.243,USA lineage,B.1.243
B.1.243.1,"Emergent lineage in Arizona with a number of defining amino acid mutations, including S:E484K and S:V213G. Described in Skidmore et al 2021. https://www.medrxiv.org/content/10.1101/2021.03.26.21254367v1.full.pdf, from #35",B.1.243.1
B.1.243.2,"Mexico lineage, from #169",B.1.243.2
B.1.242,Norway lineage,B.1.242
B.1.245,USA/CA,B.1.245
B.1.247,India,B.1.247
B.1.249,England,B.1.249
B.1.248,Scotland,B.1.248
B.1.250,England,B.1.250
B.1.251,England,B.1.251
B.1.252,Wales,B.1.252
B.1.254,Scotland,B.1.254
B.1.256,Scottish lineage,B.1.256
B.1.258,UK lineage,B.1.258
B.1.258.2,Irish lineage (has sub-lineage G.1),B.1.258.2
G.1,"Alias of B.1.258.2.1, UK lineage",B.1.258.2.1
B.1.258.3,UK lineage,B.1.258.3
B.1.258.4,UK lineage,B.1.258.4
B.1.258.5,UK lineage,B.1.258.5
B.1.258.6,UK lineage,B.1.258.6
B.1.258.7,UK lineage,B.1.258.7
B.1.258.9,Danish lineage,B.1.258.9
B.1.258.10,Scottish lineage,B.1.258.10
B.1.258.11,Danish lineage,B.1.258.11
B.1.258.12,UK lineage,B.1.258.12
B.1.258.14,Italian lineage,B.1.258.14
B.1.258.15,Danish lineage,B.1.258.15
B.1.258.16,Swiss/ Danish lineage,B.1.258.16
B.1.258.17,European lineage,B.1.258.17
B.1.258.18,Netherlands lineage,B.1.258.18
B.1.258.19,Danish lineage,B.1.258.19
B.1.258.20,Luxembourg lineage,B.1.258.20
B.1.258.21,Netherlands lineage,B.1.258.21
B.1.258.22,Swedish lineage,B.1.258.22
B.1.258.23,USA (UT) lineage,B.1.258.23
B.1.258.24,Italian lineage,B.1.258.24
B.1.260,Saudi Arabian lineage,B.1.260
B.1.263,Danish,B.1.263
B.1.264,USA (UT),B.1.264
B.1.264.1,"Russia, Germany, Switzerland, Austria. Was B.1.412",B.1.264.1
B.1.265,USA lineage,B.1.265
B.1.267,USA (CA),B.1.267
B.1.268,USA,B.1.268
B.1.270,Canadian lineage,B.1.270
B.1.273,French lineage,B.1.273
B.1.274,Utah lineage,B.1.274
B.1.276,USA lineage,B.1.276
B.1.277,European lineage,B.1.277
B.1.279,Canadian lineage,B.1.279
B.1.280,USA,B.1.280
B.1.281,Bahrain lineage,B.1.281
B.1.282,UK lineage,B.1.282
B.1.284,USA - Texas,B.1.284
B.1.285,USA - Texas,B.1.285
B.1.287,USA lineage,B.1.287
B.1.289,USA - Arizona,B.1.289
B.1.291,Costa Rica,B.1.291
B.1.292,Gambia,B.1.292
B.1.293,USA,B.1.293
B.1.294,USA - WI and MN,B.1.294
B.1.298,USA (north east),B.1.298
B.1.301,"USA , some B.1.2 merged in",B.1.301
B.1.302,"USA, New England",B.1.302
B.1.304,USA,B.1.304
B.1.305,"USA, mostly TX",B.1.305
B.1.306,USA lineage,B.1.306
B.1.308,Northern USA and Canada,B.1.308
B.1.309,USA lineage,B.1.309
B.1.310,Netherlands,B.1.310
B.1.311,USA lineage,B.1.311
B.1.313,USA (removed the polytomy at the base of the lineage),B.1.313
B.1.314,North American lineage,B.1.314
B.1.315,USA lineage,B.1.315
B.1.316,Canada lineage,B.1.316
B.1.318,USA (FL),B.1.318
B.1.319,USA and Australia,B.1.319
B.1.320,USA,B.1.320
B.1.321,"Belgium, England",B.1.321
B.1.323,USA (NY),B.1.323
B.1.324,USA,B.1.324
B.1.325,USA (TX),B.1.325
B.1.326,USA (TX),B.1.326
B.1.328,USA,B.1.328
B.1.329,German,B.1.329
B.1.330,USA (MN),B.1.330
B.1.332,USA,B.1.332
B.1.333,USA lineage WA,B.1.333
B.1.334,USA lineage,B.1.334
B.1.335,USA lineage,B.1.335
B.1.336,USA lineage,B.1.336
B.1.337,USA lineage,B.1.337
B.1.338,Australia,B.1.338
B.1.340,USA lineage,B.1.340
B.1.341,USA lineage,B.1.341
B.1.342,Sweden,B.1.342
B.1.344,USA (CO),B.1.344
B.1.346,USA lineage,B.1.346
B.1.348,USA lineage,B.1.348
B.1.349,USA lineage,B.1.349
B.1.350,Canada,B.1.350
B.1.350.1,England,B.1.350.1
B.1.351,Lineage of concern detected in South Africa,B.1.351
B.1.351.1,Sublineage of B.1.351 circulating in Botswana,B.1.351.1
B.1.351.2,Sublineage of B.1.351 circulating in Mayotte,B.1.351.2
B.1.351.3,"Sublineage of B.1.351 predominantly in Bangladesh and Singapore with exports elsewhere, from #65",B.1.351.3
B.1.351.5,"Sublineage of B.1.351 in Spain, from #211",B.1.351.5
B.1.343,Denmark,B.1.343
B.1.354,Denmark,B.1.354
B.1.355,USA lineage,B.1.355
B.1.356,"European, mostly dutch and spanish, some north american",B.1.356
B.1.357,"USA (OR,WA,HI)",B.1.357
B.1.358,Danish lineage,B.1.358
B.1.359,USA lineage,B.1.359
B.1.360,USA,B.1.360
B.1.361,USA lineage (split from whatever Chris reassigns B.1.361 to),B.1.361
B.1.362,Israel lineage,B.1.362
B.1.362.1,UK lineage,B.1.362.1
B.1.362.2,UK lineage,B.1.362.2
B.1.363,USA lineage,B.1.363
B.1.366,USA lineage,B.1.366
B.1.367,European lineage (mostly France and England),B.1.367
B.1.369,USA/ New Zealand lineage,B.1.369
B.1.369.1,Canada lineage,B.1.369.1
B.1.370,"USA lineage, cleaned up a lot in release 2021-01-20",B.1.370
B.1.371,"Danish/ USA lineage, previously part of B.1.21",B.1.371
B.1.372,Danish lineage,B.1.372
B.1.375,"USA lineage (circulating in Connecticut with the 69-70del, which leads to SGTF. However, they express 484E and 501N in their spike proteins.)",B.1.375
B.1.377,USA and England,B.1.377
B.1.378,USA,B.1.378
B.1.379,UK,B.1.379
B.1.380,Rwanda / Uganda,B.1.380
B.1.381,South Africa,B.1.381
B.1.382,USA,B.1.382
B.1.383,Wales,B.1.383
B.1.384,USA lineage,B.1.384
B.1.385,USA,B.1.385
B.1.387,French lineage,B.1.387
B.1.388,Cote d'Ivoire lineage,B.1.388
B.1.389,England + Europe,B.1.389
B.1.390,USA,B.1.390
B.1.391,UK,B.1.391
B.1.393,Uganda,B.1.393
B.1.395,Wales,B.1.395
B.1.396,USA lineage,B.1.396
B.1.397,USA lineage,B.1.397
B.1.398,European lineage,B.1.398
B.1.399,USA,B.1.399
B.1.400,USA lineage,B.1.400
B.1.400.1,"USA lineage, from #94",B.1.400.1
B.1.401,USA lineage,B.1.401
B.1.402,USA lineage,B.1.402
B.1.403,USA lineage,B.1.403
B.1.404,USA lineage,B.1.404
B.1.405,USA lineage,B.1.405
B.1.406,Germany/ UK lineage,B.1.406
B.1.407,UK lineage,B.1.407
B.1.408,UK/ Romanian lineage,B.1.408
B.1.409,USA lineage,B.1.409
B.1.411,Sri Lankan lineage,B.1.411
B.1.413,USA,B.1.413
B.1.415,USA,B.1.415
B.1.415.1,"Predominantly Mexico lineage, from #157",B.1.415.1
B.1.416,"Senegal/ Gambian lineage, reassigned from B.1.5.12",B.1.416
B.1.416.1,European lineage within diversity of B.1.416. Previously assigned E.1,B.1.416.1
B.1.417,South African lineage,B.1.417
B.1.418,Scottish lineage,B.1.418
B.1.420,Colombian lineage,B.1.420
B.1.421,USA lineage,B.1.421
B.1.422,Canada mostly,B.1.422
B.1.423,USA lineage,B.1.423
B.1.424,USA lineage,B.1.424
B.1.425,USA lineage,B.1.425
B.1.426,USA (UT) lineage,B.1.426
B.1.427,USA lineage (CA),B.1.427
B.1.428,"Danish lineage (amalgam of Danish sequences from B.1.358, B.1.288, B.1.262)",B.1.428
B.1.428.1,Iraq,B.1.428.1
B.1.428.2,"Tunisia, England, France",B.1.428.2
B.1.428.3,"UAE, Jordan",B.1.428.3
B.1.429,"A lineage predominantly circulating in California but with exports to other countries. Characterised by the S:L452R mutation but also has S:W152C ORF1ab:D5584Y, and N:T205I, from #3",B.1.429
B.1.429.1,"Colorado lineage, from #37",B.1.429.1
B.1.431,Scotland,B.1.431
B.1.432,USA lineage,B.1.432
B.1.433,USA lineage,B.1.433
B.1.434,"Australian lineage (previously a couple part of B.1.25, B.1.295)",B.1.434
B.1.435,USA - UT,B.1.435
B.1.436,USA lineage reassigned from previous tree,B.1.436
B.1.437,USA - FL,B.1.437
B.1.438,"Lineage circulating in multiple countries, from #48",B.1.438
B.1.438.1,Canada lineage,B.1.438.1
B.1.438.2,Mayotte and Reunion lineage,B.1.438.2
B.1.438.3,USA lineage,B.1.438.3
B.1.438.4,USA lineage,B.1.438.4
B.1.439,USA,B.1.439
B.1.441,Global lineage (inc. merge of B.1.274),B.1.441
B.1.442,USA,B.1.442
B.1.443,USA lineage,B.1.443
B.1.444,USA Utah lineage,B.1.444
B.1.445,USA (AZ),B.1.445
B.1.446,"USA, some B.1.333",B.1.446
B.1.448,USA lineage,B.1.448
B.1.450,USA (TX),B.1.450
B.1.451,"USA lineage (VA), previously B.1.328 and B.1.317",B.1.451
B.1.452,USA (CA),B.1.452
B.1.453,USA (CA and TX),B.1.453
B.1.456,SE Asian (reassigned),B.1.456
B.1.458,India,B.1.458
B.1.459,Indonesia,B.1.459
B.1.460,UK lineage,B.1.460
B.1.462,UK/Nigeria,B.1.462
B.1.463,Finland,B.1.463
B.1.465,"UK, contains B.1.466 which is reassigned (see below)",B.1.465
B.1.466,Global lineage containing two new sublineages (see below),B.1.466
B.1.466.1,USA/UAE,B.1.466.1
B.1.466.2,"Indonesia, from #30",B.1.466.2
AU.1,"Alias of B.1.466.2.1, predominantly Papua New Guinea with some Australia sequences",B.1.466.2.1
AU.2,"Alias of B.1.466.2.2, Malaysia lineage",B.1.466.2.2
AU.3,"Alias of B.1.466.2.3, predominantly Australia with some Papua New Guinea and Singapore sequences",B.1.466.2.3
B.1.467,Nigeria/Switzerland,B.1.467
B.1.468,Indonesia/Singapore. Seq names misassigned in original file,B.1.468
B.1.469,"European (Turkey, Denmark, UK)",B.1.469
B.1.470,Indonesia/Singapore,B.1.470
B.1.471,UK with global representation,B.1.471
B.1.473,USA lineage,B.1.473
B.1.474,Denmark/ Luxembourg lineage,B.1.474
B.1.475,German lineage,B.1.475
B.1.476,West African lineage,B.1.476
B.1.478,USA lineage,B.1.478
B.1.479,USA lineage,B.1.479
B.1.480,"England, Australia, Sweden, Norway",B.1.480
B.1.482,France/ West African lineage,B.1.482
B.1.483,USA lineage,B.1.483
B.1.485,USA lineage,B.1.485
B.1.486,USA (MA),B.1.486
B.1.487,USA - TX,B.1.487
B.1.488,Denmark and Sweden,B.1.488
B.1.489,Wales and Norway,B.1.489
B.1.490,Finland.,B.1.490
B.1.491,England,B.1.491
B.1.492,USA - Colorado,B.1.492
B.1.493,USA (FL),B.1.493
B.1.494,USA (Split from B.1.3),B.1.494
B.1.495,USA (Split from B.1.3),B.1.495
B.1.496,"USA (could be dissolved - sequences jumped out, previously split from B.1.3)",B.1.496
B.1.497,South Korea (was B.1.3.1),B.1.497
B.1.498,USA (Split from B.1.3),B.1.498
B.1.499,"Mostly Argentina, some Spain, NL, Hong Kong (was B.1.3.2)",B.1.499
B.1.499.1,USA lineage,B.1.499.1
B.1.500,USA (split from B.1.3),B.1.500
B.1.501,USA (Split from B.1.3),B.1.501
B.1.502,USA (Split from B.1.3),B.1.502
B.1.503,USA (Split from B.1.3),B.1.503
B.1.504,Israel and England (was B.1.3.3),B.1.504
B.1.505,Israel and england (was B.1.3.4),B.1.505
B.1.506,"USA (NY, split from B.1.3)",B.1.506
B.1.507,"USA (MI, NY, split from B.1.3)",B.1.507
B.1.508,"USA (NY, AZ, split from B.1.3)",B.1.508
B.1.509,"USA (split from B.1.3, mostly FL)",B.1.509
B.1.510,"Iceland, Sweden, North America (could be dissolved)",B.1.510
B.1.511,USA lineage,B.1.511
B.1.513,Northern Europe,B.1.513
B.1.515,USA (Utah),B.1.515
B.1.516,USA (AZ and NM),B.1.516
B.1.517,USA (mostly AZ),B.1.517
B.1.517.1,Australia,B.1.517.1
B.1.518,USA,B.1.518
B.1.520,"USA, Canada, England, Germany etc. (could be dissolved / reassigned to B.1)",B.1.520
B.1.521,USA lineage,B.1.521
B.1.523,UK/Australia,B.1.523
B.1.524,Malaysian lineage,B.1.524
B.1.525,"International lineage with E484K, del69-70 among other defining mutations, from #4",B.1.525
B.1.526,"A lineage predominantly circulating in New York but with a few exports to other countries. Characterised by spike mutations T95I and D253G, plus others. The most frequent spike mutation pattern is L5F T95I D253G E484K D614G A701V, with a smaller fraction having S477N instead of E484K. Spike mutation E484K is present in about half of this lineage (as of 2021-02-10) - Very possible not all new additions carry T95I and D253G (someone should check this, e.g. for USA/NY-Wadsworth-21008455-01/2021 and Aruba/AW-RIVM-11403/2021), from #6",B.1.526
B.1.527,Czech Republic/ Ukraine lineage,B.1.527
B.1.528,Moroccan lineage,B.1.528
B.1.529,French lineage,B.1.529
B.1.530,Kenya,B.1.530
B.1.531,England,B.1.531
B.1.532,England,B.1.532
B.1.533,Saudi Arabia,B.1.533
B.1.534,Denmark,B.1.534
B.1.535,Australia,B.1.535
B.1.536,Denmark,B.1.536
B.1.537,India,B.1.537
B.1.538,India,B.1.538
B.1.539,USA,B.1.539
B.1.540,India,B.1.540
B.1.541,USA lineage,B.1.541
B.1.542,Spain,B.1.542
B.1.543,USA,B.1.543
B.1.544,Congo/ Cameroon/ USA lineage,B.1.544
B.1.545,New Zealand,B.1.545
B.1.546,USA,B.1.546
B.1.547,Canada,B.1.547
B.1.548,India,B.1.548
B.1.549,Kenya + England,B.1.549
B.1.550,USA lineage,B.1.550
B.1.551,USA lineage,B.1.551
B.1.552,North American,B.1.552
B.1.554,USA (UT) lineage,B.1.554
B.1.555,Sweden,B.1.555
B.1.556,USA lineage,B.1.556
B.1.557,Northern Ireland,B.1.557
B.1.558,USA/ Mexico lineage,B.1.558
B.1.559,Scotland,B.1.559
B.1.560,India,B.1.560
B.1.561,USA - contains previous B.1.404,B.1.561
B.1.562,"England base, to Ireland",B.1.562
B.1.563,UK lineage,B.1.563
B.1.564,"USA lineage, split out from B.1.369",B.1.564
B.1.564.1,Canada lineage,B.1.564.1
B.1.565,USA - contains previous B.1.139,B.1.565
B.1.566,USA - Arizona and Texas,B.1.566
B.1.567,"USA lineage, formally part of B.1.2",B.1.567
B.1.568,"USA lineage, split out from B.1.361",B.1.568
B.1.569,USA (CA and TX),B.1.569
B.1.570,USA (CO),B.1.570
B.1.571,"USA lineage, split out from B.1.369",B.1.571
B.1.572,"USA, split from B.1.325",B.1.572
B.1.573,Canada (BC),B.1.573
B.1.574,"USA lineage, split out from B.1.363",B.1.574
B.1.575,"USA and Aruba lineage with spike mutations ""S:P681H"",""S:S494P"" and ""S:T716I""",B.1.575
B.1.575.1,"Spanish sub lineage of B.1.575 with spike mutations ""S:P681H"",""S:S494P"" and ""S:T716I"", from #64",B.1.575.1
B.1.575.2,"Spain lineage, from #116",B.1.575.2
B.1.576,"USA lineage, formally part of B.1.363",B.1.576
B.1.577,"USA lineage, formally part of B.1.2",B.1.577
B.1.578,"USA, formally part of B.1.313",B.1.578
B.1.579,USA (AZ) formally part of B.1.516,B.1.579
B.1.580,USA Southern (some B.1.361),B.1.580
B.1.581,USA (TX),B.1.581
B.1.582,USA (TX some B.1.361),B.1.582
B.1.585,USA lineage,B.1.585
B.1.586,USA lineage (previously part of B.1.320 that jumped to a new part of the tree),B.1.586
B.1.587,USA (OR) lineage,B.1.587
B.1.588,USA (NY/PR) lineage,B.1.588
B.1.588.1,Romanian lineage,B.1.588.1
B.1.589,USA lineage,B.1.589
B.1.590,USA lineage,B.1.590
B.1.591,USA lineage,B.1.591
B.1.592,Canadian lineage,B.1.592
B.1.593,USA lineage,B.1.593
B.1.594,USA lineage,B.1.594
B.1.595,USA (was B.1.2),B.1.595
B.1.595.1,USA (FL into Louisiana),B.1.595.1
B.1.595.2,USA (AZ),B.1.595.2
B.1.595.3,USA (up the east coast),B.1.595.3
B.1.595.4,USA (MN),B.1.595.4
B.1.596,USA lineage,B.1.596
B.1.596.1,Kenyan lineage,B.1.596.1
B.1.597,"France, Algeria (previously part of B.1.367 that jumped to a new part of the tree)",B.1.597
B.1.598,Canada (from NY),B.1.598
B.1.599,"USA, Canada (previously part of B.1.311 that jumped to a new part of the tree)",B.1.599
B.1.600,Bolivia/ Spain lineage,B.1.600
B.1.601,USA lineage,B.1.601
B.1.602,USA lineage,B.1.602
B.1.603,USA lineage,B.1.603
B.1.604,USA lineage,B.1.604
B.1.605,USA lineage,B.1.605
B.1.606,USA lineage (previously part of B.1.325 that jumped to a new part of the tree),B.1.606
B.1.607,England (previously part of B.1.369 that jumped to a new part of the tree - could also be withdrawn).,B.1.607
B.1.609,USA/ Mexico lineage,B.1.609
B.1.610,"UK lineage, previously part of B.1.235",B.1.610
B.1.611,Canada lineage,B.1.611
B.1.612,"USA lineage, split out from B.1.361",B.1.612
B.1.613,"Danish lineage (amalgam of Danish sequences from B.1.358, B.1.288, B.1.262), split out from B.1.428",B.1.613
B.1.614,Sweden,B.1.614
B.1.615,Canada,B.1.615
B.1.616,"France lineage, from #31",B.1.616
B.1.617,"Predominantly India lineage with several spike mutations, from #38",B.1.617
B.1.617.1,"Predominantly India lineage with 484Q, from #49",B.1.617.1
B.1.617.2,"Predominantly India lineage with several spike mutations, from #49",B.1.617.2
AY.1,"Alias of B.1.617.2.1, in several European countries, from #95",B.1.617.2.1
AY.2,"Alias of B.1.617.2.2, in USA with K417N, from #107",B.1.617.2.2
AY.3,"Alias of B.1.617.2.3, USA lineage, from #121",B.1.617.2.3
AY.3.1,"Alias of B.1.617.2.3.1, USA lineage, from #147",B.1.617.2.3.1
AY.3.2,"Alias of B.1.617.2.3.2, Peru lineage, from #312",B.1.617.2.3.2
AY.3.3,"Alias of B.1.617.2.3.3, USA lineage, from #365",B.1.617.2.3.3
AY.3.4,"Alias of B.1.617.2.3.4, Bahrain lineage",B.1.617.2.3.4
AY.4,"Alias of B.1.617.2.4, UK lineage, from #180",B.1.617.2.4
AY.4.1,"Alias of B.1.617.2.4.1, UK lineage, from #214",B.1.617.2.4.1
AY.4.2,"Alias of B.1.617.2.4.2, predominantly UK lineage, from #223",B.1.617.2.4.2
AY.4.2.1,"Alias of B.1.617.2.4.2.1, predominantly UK lineage, from #248",B.1.617.2.4.2.1
AY.4.2.2,"Alias of B.1.617.2.4.2.2, UK lineage, from #249",B.1.617.2.4.2.2
AY.4.2.3,"Alias of B.1.617.2.4.2.3, European lineage, from #356",B.1.617.2.4.2.3
AY.4.2.4,"Alias of B.1.617.2.4.2.4, European lineage",B.1.617.2.4.2.4
AY.4.2.5,"Alias of B.1.617.2.4.2.5, UK lineage, from #543",B.1.617.2.4.2.5
AY.4.3,"Alias of B.1.617.2.4.3, lineage in several countries, from #222",B.1.617.2.4.3
AY.4.4,"Alias of B.1.617.2.4.4, lineage in several European countries, from #237",B.1.617.2.4.4
AY.4.5,"Alias of B.1.617.2.4.5, predominantly Lithuania lineage, from #241",B.1.617.2.4.5
AY.4.6,"Alias of B.1.617.2.4.6, European lineage, from #264",B.1.617.2.4.6
AY.4.7,"Alias of B.1.617.2.4.7, lineage in Aruba and other countries, from #291",B.1.617.2.4.7
AY.4.8,"Alias of B.1.617.2.4.8, UK lineage, from #304",B.1.617.2.4.8
AY.4.9,"Alias of B.1.617.2.4.9, European lineage, from #332",B.1.617.2.4.9
AY.4.10,"Alias of B.1.617.2.4.10, European lineage, from #332",B.1.617.2.4.10
AY.4.11,"Alias of B.1.617.2.4.11, European lineage",B.1.617.2.4.11
AY.4.12,"Alias of B.1.617.2.4.12, Canada lineage",B.1.617.2.4.12
AY.4.13,"Alias of B.1.617.2.4.13, European lineage",B.1.617.2.4.13
AY.4.14,"Alias of B.1.617.2.4.14, lineage in Denmark and other countries",B.1.617.2.4.14
AY.4.15,"Alias of B.1.617.2.4.15, Denmark lineage",B.1.617.2.4.15
AY.4.16,"Alias of B.1.617.2.4.16, Gibraltar lineage",B.1.617.2.4.16
AY.4.17,"Alias of B.1.617.2.4.17, Lithuania lineage",B.1.617.2.4.17
AY.5,"Alias of B.1.617.2.5, UK lineage, from #180",B.1.617.2.5
AY.5.1,"Alias of B.1.617.2.5.1, Portugal lineage",B.1.617.2.5.1
AY.5.2,"Alias of B.1.617.2.5.2, Portugal lineage",B.1.617.2.5.2
AY.5.3,"Alias of B.1.617.2.5.3, USA lineage",B.1.617.2.5.3
AY.5.4,"Alias of B.1.617.2.5.4, European lineage",B.1.617.2.5.4
AY.5.5,"Alias of B.1.617.2.5.5, European lineage, formally AY.97, from #363",B.1.617.2.5.5
AY.5.6,"Alias of B.1.617.2.5.6, lineage in Saint Vincent and the Grenadines, Grenada and other countries",B.1.617.2.5.6
AY.5.7,"Alias of B.1.617.2.5.7, mainly found in Israel, from #387",B.1.617.2.5.7
AY.6,"Alias of B.1.617.2.6, UK lineage, from #180",B.1.617.2.6
AY.7,"Alias of B.1.617.2.7, UK lineage, from #180",B.1.617.2.7
AY.7.1,"Alias of B.1.617.2.7.1, Denmark lineage",B.1.617.2.7.1
AY.7.2,"Alias of B.1.617.2.7.2, predominantly Italy lineage in multiple other European countries",B.1.617.2.7.2
AY.8,"Alias of B.1.617.2.8, UK lineage, from #180",B.1.617.2.8
AY.9,"Alias of B.1.617.2.9, UK lineage, from #180",B.1.617.2.9
AY.9.2,"Alias of B.1.617.2.9.2, European lineage",B.1.617.2.9.2
AY.9.2.1,"Alias of B.1.617.2.9.2.1, Canada lineage",B.1.617.2.9.2.1
AY.9.2.2,"Alias of B.1.617.2.9.2.2, Sweden lineage, from #284",B.1.617.2.9.2.2
AY.10,"Alias of B.1.617.2.10, UK lineage, from #180",B.1.617.2.10
AY.11,"Alias of B.1.617.2.11, UK lineage, from #142",B.1.617.2.11
AY.13,"Alias of B.1.617.2.13, USA lineage, from #198",B.1.617.2.13
AY.14,"Alias of B.1.617.2.14, USA lineage, from #198",B.1.617.2.14
AY.15,"Alias of B.1.617.2.15, Canada lineage, from #198",B.1.617.2.15
AY.16,"Alias of B.1.617.2.16, lineage in Kenya and multiple other countries, from #198",B.1.617.2.16
AY.16.1,"Alias of B.1.617.2.16.1, France lineage",B.1.617.2.16.1
AY.17,"Alias of B.1.617.2.17, Ireland and Northern Ireland lineage, from #198",B.1.617.2.17
AY.18,"Alias of B.1.617.2.18, Canada lineage, from #198",B.1.617.2.18
AY.19,"Alias of B.1.617.2.19, South Africa lineage, from #198",B.1.617.2.19
AY.20,"Alias of B.1.617.2.20, USA and Mexico lineage, from #198",B.1.617.2.20
AY.20.1,"Alias of B.1.617.2.20.1, Czech Republic lineage, from #318",B.1.617.2.20.1
AY.21,"Alias of B.1.617.2.21, lineage predominantly in Italy and Switzerland, from #198",B.1.617.2.21
AY.22,"Alias of B.1.617.2.22, predominantly Portugal lineage, from #198",B.1.617.2.22
AY.23,"Alias of B.1.617.2.23, predominantly Singapore and Indonesia lineage, from #175",B.1.617.2.23
AY.23.1,"Alias of B.1.617.2.23.1, Singapore lineage, from #237",B.1.617.2.23.1
AY.23.2,"Alias of B.1.617.2.23.2, European lineage, from #265",B.1.617.2.23.2
AY.24,"Alias of B.1.617.2.24, predominantly Indonesia lineage, from #175",B.1.617.2.24
AY.24.1,"Alias of B.1.617.2.24.1, Brunei lineage",B.1.617.2.24.1
AY.25,"Alias of B.1.617.2.25, USA lineage, from #181",B.1.617.2.25
AY.25.1,"Alias of B.1.617.2.25.1, Canada and USA lineage, from #313",B.1.617.2.25.1
AY.25.1.1,"Alias of B.1.617.2.25.1.1, Peru lineage, from #355",B.1.617.2.25.1.1
AY.25.1.2,"Alias of B.1.617.2.25.1.2, Trinidad and Tobago lineage",B.1.617.2.25.1.2
AY.25.2,"Alias of B.1.617.2.25.2, Argentina lineage",B.1.617.2.25.2
AY.25.3,"Alias of B.1.617.2.25.3, Canada and USA lineage",B.1.617.2.25.3
AY.26,"Alias of B.1.617.2.26, USA and Mexico lineage, from #188",B.1.617.2.26
AY.26.1,"Alias of B.1.617.2.26.1, Peru lineage, from #278",B.1.617.2.26.1
AY.27,"Alias of B.1.617.2.27, Canada lineage, from #196",B.1.617.2.27
AY.28,"Alias of B.1.617.2.28, Sri Lanka lineage, from #199",B.1.617.2.28
AY.29,"Alias of B.1.617.2.29, Japan lineage, from #208",B.1.617.2.29
AY.29.1,"Alias of B.1.617.2.29.1, Japan lineage, from #224",B.1.617.2.29.1
AY.29.2,"Alias of B.1.617.2.29.2, Japan lineage, from #381",B.1.617.2.29.2
AY.30,"Alias of B.1.617.2.30, Thailand and Cambodia lineage, from #207",B.1.617.2.30
AY.31,"Alias of B.1.617.2.31, lineage associated with Myanmar. At the time of designation, almost all sequences in this lineage were from Myanmar or had travel history from Myanmar, from #206",B.1.617.2.31
AY.32,"Alias of B.1.617.2.32, South Africa lineage, from #209",B.1.617.2.32
AY.33,"Alias of B.1.617.2.33, Lineage circulating mostly in Belgium, Denmark, France, Netherlands, Germany, from #215 and #219",B.1.617.2.33
AY.33.1,"Alias of B.1.617.2.33.1, Reunion and France lineage, from #370",B.1.617.2.33.1
AY.33.2,"Alias of B.1.617.2.33.2, mainly found in Germany, Poland, Gibraltar and Spain, from #403",B.1.617.2.33.2
AY.34,"Alias of B.1.617.2.34, lineage with spike Q677H circulating in multiple countries, from #217",B.1.617.2.34
AY.34.1,"Alias of B.1.617.2.34.1, lineage in multiple countries including Gambia, Senegal, Benin and Mali, from #255",B.1.617.2.34.1
AY.34.1.1,"Alias of B.1.617.2.34.1.1, Brazil and Chile lineage, from #255",B.1.617.2.34.1.1
AY.34.2,"Alias of B.1.617.2.34.2, lineage in multiple countries including Martinique, from #269",B.1.617.2.34.2
AY.35,"Alias of B.1.617.2.35, lineage with spike E484Q circulating in USA, from #217",B.1.617.2.35
AY.36,"Alias of B.1.617.2.36, lineage predominantly in Nigeria, UK and USA, from #225",B.1.617.2.36
AY.36.1,"Alias of B.1.617.2.36.1, lineage in Germany and other countries, from #434",B.1.617.2.36.1
AY.37,"Alias of B.1.617.2.37, lineage predominantly in Liberia, USA and France, from #228",B.1.617.2.37
AY.38,"Alias of B.1.617.2.38, lineage predominantly in South Africa, from #229",B.1.617.2.38
AY.39,"Alias of B.1.617.2.39, predominantly USA lineage, from #234",B.1.617.2.39
AY.39.1,"Alias of B.1.617.2.39.1, Australia and USA lineage, from #234",B.1.617.2.39.1
AY.39.1.1,"Alias of B.1.617.2.39.1.1, predominantly New Zealand lineage, from #234",B.1.617.2.39.1.1
AY.39.1.2,"Alias of B.1.617.2.39.1.2, Australia lineage, from #307",B.1.617.2.39.1.2
AY.39.1.3,"Alias of B.1.617.2.39.1.3, Australia lineage, from #339",B.1.617.2.39.1.3
AY.39.1.4,"Alias of B.1.617.2.39.1.4, Australian lineage, from #438",B.1.617.2.39.1.4
AY.39.2,"Alias of B.1.617.2.39.2, Peru lineage, from #295",B.1.617.2.39.2
AY.39.3,"Alias of B.1.617.2.39.3, Trinidad and Tobago lineage",B.1.617.2.39.3
AY.40,"Alias of B.1.617.2.40, Reunion lineage, from #237",B.1.617.2.40
AY.41,"Alias of B.1.617.2.41, European lineage, from #237",B.1.617.2.41
AY.42,"Alias of B.1.617.2.42, European lineage, from #239",B.1.617.2.42
AY.42.1,"Alias of B.1.617.2.42.1, lineage in Bonaire, Curacao and other countries, from #331",B.1.617.2.42.1
AY.43,"Alias of B.1.617.2.43, European lineage, from #240",B.1.617.2.43
AY.43.1,"Alias of B.1.617.2.43.1, Brazil lineage, from #319",B.1.617.2.43.1
AY.43.2,"Alias of B.1.617.2.43.2, Brazil lineage, from #319",B.1.617.2.43.2
AY.43.3,"Alias of B.1.617.2.43.3, Chile lineage, from #337",B.1.617.2.43.3
AY.43.4,"Alias of B.1.617.2.43.4, Switzerland lineage, from #317",B.1.617.2.43.4
AY.43.5,"Alias of B.1.617.2.43.5, Portugal lineage, from #335",B.1.617.2.43.5
AY.43.6,"Alias of B.1.617.2.43.6, Denmark lineage, from #315",B.1.617.2.43.6
AY.43.7,"Alias of B.1.617.2.43.7, Brazil lineage, from #378",B.1.617.2.43.7
AY.43.8,"Alias of B.1.617.2.43.8, lineage in Netherlands, Suriname and other countries",B.1.617.2.43.8
AY.43.9,"Alias of B.1.617.2.43.9, Slovakia lineage",B.1.617.2.43.9
AY.44,"Alias of B.1.617.2.44, USA lineage, from #242",B.1.617.2.44
AY.45,"Alias of B.1.617.2.45, South Africa lineage, from #246",B.1.617.2.45
AY.46,"Alias of B.1.617.2.46, Africa lineage, from #247",B.1.617.2.46
AY.46.1,"Alias of B.1.617.2.46.1, USA lineage, from #247",B.1.617.2.46.1
AY.46.2,"Alias of B.1.617.2.46.2, Germany and Turkey lineage, from #247",B.1.617.2.46.2
AY.46.3,"Alias of B.1.617.2.46.3, Brazil lineage, from #247",B.1.617.2.46.3
AY.46.4,"Alias of B.1.617.2.46.4, USA lineage, from #247",B.1.617.2.46.4
AY.46.5,"Alias of B.1.617.2.46.5, UK lineage, from #247",B.1.617.2.46.5
AY.46.6,"Alias of B.1.617.2.46.6, European lineage, from #247",B.1.617.2.46.6
AY.46.6.1,"Alias of B.1.617.2.46.6.1, Italy lineage, from #369",B.1.617.2.46.6.1
AY.47,"Alias of B.1.617.2.47, USA lineage, from #254",B.1.617.2.47
AY.48,"Alias of B.1.617.2.48, USA lineage",B.1.617.2.48
AY.49,"Alias of B.1.617.2.49, USA lineage",B.1.617.2.49
AY.50,"Alias of B.1.617.2.50, Ireland lineage",B.1.617.2.50
AY.51,"Alias of B.1.617.2.51, European lineage",B.1.617.2.51
AY.52,"Alias of B.1.617.2.52, USA lineage",B.1.617.2.52
AY.53,"Alias of B.1.617.2.53, European lineage",B.1.617.2.53
AY.54,"Alias of B.1.617.2.54, USA lineage",B.1.617.2.54
AY.55,"Alias of B.1.617.2.55, lineage in Rwanda and other countries",B.1.617.2.55
AY.56,"Alias of B.1.617.2.56, USA lineage",B.1.617.2.56
AY.57,"Alias of B.1.617.2.57, Vietnam lineage",B.1.617.2.57
AY.58,"Alias of B.1.617.2.58, European lineage, from #286",B.1.617.2.58
AY.59,"Alias of B.1.617.2.59, Malaysia lineage",B.1.617.2.59
AY.60,"Alias of B.1.617.2.60, European lineage",B.1.617.2.60
AY.61,"Alias of B.1.617.2.61, Italy lineage",B.1.617.2.61
AY.62,"Alias of B.1.617.2.62, USA and Mexico lineage",B.1.617.2.62
AY.63,"Alias of B.1.617.2.63, Norway lineage, from #286",B.1.617.2.63
AY.64,"Alias of B.1.617.2.64, USA lineage",B.1.617.2.64
AY.65,"Alias of B.1.617.2.65, lineage in Bahrain and other countries",B.1.617.2.65
AY.66,"Alias of B.1.617.2.66, European lineage, from #271",B.1.617.2.66
AY.67,"Alias of B.1.617.2.67, USA lineage",B.1.617.2.67
AY.68,"Alias of B.1.617.2.68, European lineage",B.1.617.2.68
AY.69,"Alias of B.1.617.2.69, South Korea lineage, from #260",B.1.617.2.69
AY.70,"Alias of B.1.617.2.70, European lineage",B.1.617.2.70
AY.71,"Alias of B.1.617.2.71, European lineage",B.1.617.2.71
AY.72,"Alias of B.1.617.2.72, European lineage",B.1.617.2.72
AY.73,"Alias of B.1.617.2.73, European lineage",B.1.617.2.73
AY.74,"Alias of B.1.617.2.74, Canada lineage",B.1.617.2.74
AY.75,"Alias of B.1.617.2.75, USA and European lineage",B.1.617.2.75
AY.75.2,"Alias of B.1.617.2.75.2, Philippines lineage",B.1.617.2.75.2
AY.75.3,"Alias of B.1.617.2.75.3, Japan lineage",B.1.617.2.75.3
AY.76,"Alias of B.1.617.2.76, predominantly Malaysia lineage",B.1.617.2.76
AY.77,"Alias of B.1.617.2.77, USA lineage",B.1.617.2.77
AY.78,"Alias of B.1.617.2.78, Germany and Turkey lineage",B.1.617.2.78
AY.79,"Alias of B.1.617.2.79, predominantly Malaysia lineage",B.1.617.2.79
AY.80,"Alias of B.1.617.2.80, European lineage",B.1.617.2.80
AY.81,"Alias of B.1.617.2.81, USA lineage",B.1.617.2.81
AY.82,"Alias of B.1.617.2.82, Fiji lineage",B.1.617.2.82
AY.83,"Alias of B.1.617.2.83, USA lineage",B.1.617.2.83
AY.84,"Alias of B.1.617.2.84, European lineage",B.1.617.2.84
AY.85,"Alias of B.1.617.2.85, Thailand lineage",B.1.617.2.85
AY.86,"Alias of B.1.617.2.86, Canada and USA lineage",B.1.617.2.86
AY.87,"Alias of B.1.617.2.87, UK lineage",B.1.617.2.87
AY.88,"Alias of B.1.617.2.88, lineage in Ghana and other countries",B.1.617.2.88
AY.90,"Alias of B.1.617.2.90, UK lineage",B.1.617.2.90
AY.91,"Alias of B.1.617.2.91, lineage in South Africa, Namibia and other countries",B.1.617.2.91
AY.91.1,"Alias of B.1.617.2.91.1, European lineage",B.1.617.2.91.1
AY.92,"Alias of B.1.617.2.92, European lineage",B.1.617.2.92
AY.93,"Alias of B.1.617.2.93, Canada lineage",B.1.617.2.93
AY.94,"Alias of B.1.617.2.94, European lineage",B.1.617.2.94
AY.95,"Alias of B.1.617.2.95, Maldives and European lineage",B.1.617.2.95
AY.98,"Alias of B.1.617.2.98, UK lineage",B.1.617.2.98
AY.98.1,"Alias of B.1.617.2.98.1, European lineage",B.1.617.2.98.1
AY.98.1.1,"Alias of B.1.617.2.98.1.1, mainly found in Germany and Denmark, from #604",B.1.617.2.98.1.1
AY.99,"Alias of B.1.617.2.99, South Africa and Nigeria lineage, from #258",B.1.617.2.99
AY.99.1,"Alias of B.1.617.2.99.1, Brazil lineage, from #258",B.1.617.2.99.1
AY.99.2,"Alias of B.1.617.2.99.2, Brazil lineage, from #258",B.1.617.2.99.2
AY.100,"Alias of B.1.617.2.100, USA lineage",B.1.617.2.100
AY.101,"Alias of B.1.617.2.101, Brazil and Chile lineage",B.1.617.2.101
AY.102,"Alias of B.1.617.2.102, Peru and Chile lineage, from #272",B.1.617.2.102
AY.102.1,"Alias of B.1.617.2.102.1, Peru lineage, from #325",B.1.617.2.102.1
AY.102.2,"Alias of B.1.617.2.102.2, Peru lineage, from #330",B.1.617.2.102.2
AY.103,"Alias of B.1.617.2.103, USA lineage",B.1.617.2.103
AY.103.1,"Alias of B.1.617.2.103.1, Argentina lineage",B.1.617.2.103.1
AY.103.2,"Alias of B.1.617.2.103.2, Canada lineage",B.1.617.2.103.2
AY.104,"Alias of B.1.617.2.104, Sri Lanka lineage, from #289",B.1.617.2.104
AY.105,"Alias of B.1.617.2.105, USA lineage",B.1.617.2.105
AY.106,"Alias of B.1.617.2.106, lineage in Jordan and other countries, from #287",B.1.617.2.106
AY.107,"Alias of B.1.617.2.107, USA lineage",B.1.617.2.107
AY.108,"Alias of B.1.617.2.108, lineage in Pakistan and other countries",B.1.617.2.108
AY.109,"Alias of B.1.617.2.109, lineage in Nigeria and other countries",B.1.617.2.109
AY.110,"Alias of B.1.617.2.110, USA lineage",B.1.617.2.110
AY.111,"Alias of B.1.617.2.111, UK lineage",B.1.617.2.111
AY.112,"Alias of B.1.617.2.112, lineage in India and other countries, from #283",B.1.617.2.112
AY.112.1,"Alias of B.1.617.2.112.1, Bahrain lineage, from #283",B.1.617.2.112.1
AY.112.2,"Alias of B.1.617.2.112.2, mainly found in India, from #385",B.1.617.2.112.2
AY.112.3,"Alias of B.1.617.2.112.3, mainly found in Israel, from #388",B.1.617.2.112.3
AY.113,"Alias of B.1.617.2.113, USA and Mexico lineage",B.1.617.2.113
AY.114,"Alias of B.1.617.2.114, USA lineage",B.1.617.2.114
AY.116,"Alias of B.1.617.2.116, Africa lineage",B.1.617.2.116
AY.116.1,"Alias of B.1.617.2.116.1, USA lineage",B.1.617.2.116.1
AY.117,"Alias of B.1.617.2.117, USA lineage",B.1.617.2.117
AY.118,"Alias of B.1.617.2.118, USA lineage",B.1.617.2.118
AY.119,"Alias of B.1.617.2.119, USA lineage",B.1.617.2.119
AY.119.1,"Alias of B.1.617.2.119.1, Chile and Peru lineage, from #336",B.1.617.2.119.1
AY.119.2,"Alias of B.1.617.2.119.2, USA lineage, from #288",B.1.617.2.119.2
AY.120,"Alias of B.1.617.2.120, UK lineage",B.1.617.2.120
AY.120.1,"Alias of B.1.617.2.120.1, USA lineage",B.1.617.2.120.1
AY.120.2,"Alias of B.1.617.2.120.2, South Africa lineage",B.1.617.2.120.2
AY.120.2.1,"Alias of B.1.617.2.120.2.1, European lineage",B.1.617.2.120.2.1
AY.121,"Alias of B.1.617.2.121, European lineage, from #301",B.1.617.2.121
AY.121.1,"Alias of B.1.617.2.121.1, Poland and Germany lineage, from #344",B.1.617.2.121.1
AY.122,"Alias of B.1.617.2.122, European lineage, from #320",B.1.617.2.122
AY.122.1,"Alias of B.1.617.2.122.1, Israel lineage, formally AY.12 but renamed as descends from AY.122 which was designated after AY.12, from #170",B.1.617.2.122.1
AY.122.2,"Alias of B.1.617.2.122.2, Finland and Estonia lineage, from #273",B.1.617.2.122.2
AY.122.3,"Alias of B.1.617.2.122.3, Denmark and Sweden lineage, from #371",B.1.617.2.122.3
AY.122.4,"Alias of B.1.617.2.122.4, South America and USA lineage",B.1.617.2.122.4
AY.122.5,"Alias of B.1.617.2.122.5, South Korea lineage",B.1.617.2.122.5
AY.122.6,"Alias of B.1.617.2.122.6, mainly found in France, from #394",B.1.617.2.122.6
AY.123,"Alias of B.1.617.2.123, Predominantly Belgium and France lineage, from #306",B.1.617.2.123
AY.123.1,"Alias of B.1.617.2.123.1, Belgium lineage, from #354",B.1.617.2.123.1
AY.124,"Alias of B.1.617.2.124, lineage in Portugal and other European countries, from #281",B.1.617.2.124
AY.124.1,"Alias of B.1.617.2.124.1, lineage in Portugal and other European countries, from #345",B.1.617.2.124.1
AY.124.1.1,"Alias of B.1.617.2.124.1.1, lineage in Mauritius and other countries",B.1.617.2.124.1.1
AY.125,"Alias of B.1.617.2.125, European lineage, from #328",B.1.617.2.125
AY.125.1,"Alias of B.1.617.2.125.1, Australia lineage",B.1.617.2.125.1
AY.126,"Alias of B.1.617.2.126, European lineage, from #253",B.1.617.2.126
AY.127,"Alias of B.1.617.2.127, lineage in India and other countries, from #342",B.1.617.2.127
AY.127.1,"Alias of B.1.617.2.127.1, lineage in Djibouti and other countries, from #352",B.1.617.2.127.1
AY.127.2,"Alias of B.1.617.2.127.2, Qatar lineage",B.1.617.2.127.2
AY.127.3,"Alias of B.1.617.2.127.3, Qatar lineage, from #525",B.1.617.2.127.3
AY.128,"Alias of B.1.617.2.128, lineage in Estonia, Georgia and other countries, from #309",B.1.617.2.128
AY.129,"Alias of B.1.617.2.129, European lineage, from #329",B.1.617.2.129
AY.130,"Alias of B.1.617.2.130, Bahrain lineage, from #351",B.1.617.2.130
AY.131,"Alias of B.1.617.2.131, mainly reported from Bangladesh, from #373",B.1.617.2.131
AY.132,"Alias of B.1.617.2.132, Denmark lineage, from #379",B.1.617.2.132
AY.133,"Alias of B.1.617.2.133, France Germany and UK lineage (with some samples from elsewhere, notably Senegal and Ghana), from #380",B.1.617.2.133
AY.134,"Alias of B.1.617.2.134, European lineage, previously assigned AY.39.4, from #406",B.1.617.2.134
B.1.617.3,"Predominantly India lineage with 484Q, from #49",B.1.617.3
B.1.618,"India lineage in West Bengal, from #46",B.1.618
B.1.619,"Lineage in multiple countries, potentially originated in Cameroon and introduced into Europe, from #44",B.1.619
B.1.619.1,"South Korea lineage, from #160",B.1.619.1
B.1.620,"Lineage in multiple countries, potentially originated in Cameroon and spread within Europe post-introduction, from #54",B.1.620
B.1.621,"Lineage predominantly in Colombia with several spike mutations, from #57",B.1.621
B.1.621.1,"Lineage in multiple countries, from #115",B.1.621.1
BB.2,"Alias of B.1.621.1.2, from #232",B.1.621.1.2
B.1.621.2,"Lineage in multiple countries, from #232",B.1.621.2
B.1.622,"Reunion lineage, from #58",B.1.622
B.1.623,"Predominantly USA lineage with mutations of interest, from #25",B.1.623
B.1.625,"Predominantly Colombia and USA lineage, from #93",B.1.625
B.1.626,"Europe and USA lineage, from #118",B.1.626
B.1.627,"USA, Mexico and Honduras lineage, from #130",B.1.627
B.1.629,"Lineage circulating in several countries, from #132",B.1.629
B.1.630,"Lineage in several countries, from #137",B.1.630
B.1.631,"USA and Mexico lineage, from #146",B.1.631
B.1.632,"Predominantly Mexico lineage, from #156",B.1.632
B.1.633,"India lineage, from #155",B.1.633
B.1.634,"Mexico and USA lineage, from #159",B.1.634
B.1.635,"Mexico and USA lineage, from #159",B.1.635
B.1.636,"USA, Mexico and Honduras lineage, from #173",B.1.636
B.1.637,"Added as B.1.526.1 15 Mar 2021, but turned out not to be a descendant of B.1.526; was folded into B.1.526 from 14 Jun - 18 Aug 2021; now a separate lineage to leave B.1.526 more congruent with Iota (Nextstrain 21F / original B.1.526), from #154",B.1.637
B.1.637.1,"USA lineage, from #353",B.1.637.1
B.1.638,"South Africa lineage, from #205",B.1.638
B.1.639,"Lineage sequenced in USA, potentially associated with Puerto Rico, from #161",B.1.639
B.1.640,"Lineage in Africa and Europe, from #297",B.1.640
B.1.640.1,"Lineage in Africa and Europe, from #362",B.1.640.1
B.1.640.2,"Lineage, from #362",B.1.640.2
B.1.641,"Lineage in white-tailed deer, from #453",B.1.641
B.1.9,European wide lineage with active sublineages,B.1.9
B.1.9.1,Scottish Lineage,B.1.9.1
B.1.9.2,USA,B.1.9.2
B.1.9.3,Belgium,B.1.9.3
B.1.9.4,European wide lineage with active cases with activity in Switzerland,B.1.9.4
B.1.9.5,European sublineage highly represented in Turkey,B.1.9.5
B.3,A European lineage - Germany & UK predominantly,B.3
B.3.1,Welsh lineage,B.3.1
B.4,Iranian lineage and global exports,B.4
B.4.1,Lineage from Kazakhstan within the B.4 diversity,B.4.1
B.4.2,Bahrain lineage,B.4.2
B.4.4,USA lineage,B.4.4
B.4.5,Australian lineage,B.4.5
B.4.6,Australian lineage,B.4.6
B.4.7,Africa and UAE,B.4.7
B.4.8,"Cryptic lineage in Iran? Occasional international appearances, most recently Nov 2020",B.4.8
B.5,Japanese lineage,B.5
B.6,Indian lineage,B.6
B.6.1,Malaysian lineage,B.6.1
B.6.2,Malaysian lineage,B.6.2
B.6.3,Singapore lineage,B.6.3
B.6.4,Singapore lineage,B.6.4
B.6.5,Australian lineage,B.6.5
B.6.6,Singapore lineage,B.6.6
B.6.8,Papua New Guinea,B.6.8
B.10,Northern Irish lineage,B.10
B.11,"European lineage with sequences from the Netherlands, UK, Austria, Slovakia",B.11
B.12,Japanese lineage,B.12
B.13,USA lineage,B.13
B.15,UK lineage,B.15
B.18,European lineage (Iceland and England),B.18
B.19,USA lineage,B.19
B.20,USA lineage,B.20
B.23,"Lineage with representation from mainly UK sequences, but also sequences from Portugal, Iceland and Brazil",B.23
B.26,Scottish lineage,B.26
B.27,"UK lineage, Curacao, Switzerland",B.27
B.28,UK lineage,B.28
B.29,Spanish/UK/ Australian lineage,B.29
B.30,"Reassigned from B.2.12, USA lineage",B.30
B.31,"Reassigned from B.2.5, UK/ Australia/ New Zealand lineage",B.31
B.32,Scottish lineage,B.32
B.33,UK lineage,B.33
B.34,Scottish lineage,B.34
B.35,"Previously B.2.6, USA lineage",B.35
B.36,"Previously B.2.11, Israel lineage",B.36
B.37,USA lineage,B.37
B.38,Belgium lineage,B.38
B.39,"Previously B.2.2, USA/ UK/ Australian lineage",B.39
B.40,"Previously B.2.1. Large lineage majoritively from UK and Australia with representation from Europe, Jordan, USA, India, Ghana, South Korea",B.40
B.41,"Previously B.2.10, South Korean lineage",B.41
B.42,Hong Kong lineage,B.42
B.43,Hong Kong lineage,B.43
B.44,Portugal lineage,B.44
B.45,Scottish lineage,B.45
B.46,USA lineage,B.46
B.47,English lineage,B.47
B.49,Danish lineage,B.49
B.50,Indonesian lineage,B.50
B.51,USA lineage,B.51
B.52,UK lineage,B.52
B.53,Lithuanian lineage,B.53
B.55,"Redesignated from B.11 (split), UK/Danish",B.55
B.56,Singapore/Malaysia/Indonesia,B.56
B.57,Largely Scottish,B.57
B.58,"Largely English, UK/Canada/Australia",B.58
B.60,England,B.60
B.61,"Redesignated from B.40 (split), UK",B.61
XA,"Recombinant lineage with parental lineages B.1.1.7 and B.1.177, UK lineage, from #63",XA
XB,"Recombinant lineage with parental lineages B.1.634 and B.1.631, Central and North America lineage, Formally B.1.628, from #189",XB
XC,"Recombinant lineage with parental lineages AY.29 and B.1.1.7, Japan lineage, from #263",XC
XD,"Recombinant lineage of Delta and BA.1, France and Denmark lineage, from #444",XD
XE,"Recombinant lineage of BA.1 and BA.2, UK lineage, from #454",XE
XF,"Recombinant lineage of Delta and BA.1, UK lineage, from #445",XF
XG,"Recombinant lineage of BA.1 and BA.2, Denmark lineage, from #447",XG
XH,"Recombinant lineage of BA.1 and BA.2, Denmark lineage, from #448",XH
XJ,"Recombinant lineage of BA.1 and BA.2, Finland lineage, from #449",XJ
XK,"Recombinant lineage of BA.1 and BA.2, Belgium lineage, from #460",XK
XL,"Recombinant lineage of BA.1 and BA.2, UK lineage, from #464",XL
XM,"Recombinant lineage of BA.1.1 and BA.2, European lineage, from #472",XM
XN,"Recombinant lineage of BA.1 and BA.2, UK lineage, from #480",XN
XP,"Recombinant lineage of BA.1.1 and BA.2, UK lineage, from #481",XP
XQ,"Recombinant lineage of BA.1.1 and BA.2, UK lineage, from #468",XQ
XR,"Recombinant lineage of BA.1.1 and BA.2, UK lineage, from #469",XR
XS,"Recombinant lineage of Delta and BA.1.1, USA lineage, from #471",XS
XT,"Recombinant lineage of BA.1 and BA.2, South Africa lineage, from #478",XT
XU,"Recombinant lineage of BA.1 and BA.2, lineage in India and other countries, from #522",XU
XV,"Recombinant lineage of BA.1 and BA.2, lineage in Denmark and Italy, from #463",XV
XW,"Recombinant lineage of BA.1 and BA.2, USA, Germany, England lineage, from #591",XW
XY,"Recombinant lineage of BA.1 and BA.2, predominantly in USA, from #606",XY
XZ,"Recombinant lineage of BA.2 and BA.1, USA lineage, from #636",XZ
XAA,"Recombinant lineage of BA.1 and BA.2, USA lineage, from #664",XAA
XAB,"Recombinant lineage of BA.1 and BA.2, Germany lineage, from #665",XAB
XAC,"Recombinant lineage of BA.1 and BA.2, Canada and USA lineage, from #590",XAC
XAD,"Recombinant lineage of BA.2 and BA.1, Germany lineage, from #607",XAD
XAE,"Recombinant lineage of BA.2 and BA.1, USA and Chile lineage, from #637",XAE
XAF,"Recombinant lineage of BA.1 and BA.2, Costa Rica lineage, from #676",XAF
XAG,"Recombinant lineage of BA.1 and BA.2, lineage in Brazil and other countries, from #709",XAG
XAH,"Recombinant lineage of BA.2 and BA.1, lineage in Slovenia and other countries, from #755",XAH
XAJ,"Recombinant lineage of BA.2.12.1 and BA.4, predominantly in England, from #826",XAJ
XAK,"Recombinant lineage of BA.1 and BA.2, Germany lineage, from #823",XAK
XAL,"Recombinant lineage of BA.1 and BA.2, Germany lineage, from #757",XAL
XAM,"Recombinant lineage of BA.1.1 and BA.2.9, lineage mainly found in Panama and USA, from #759",XAM
XAN,"Recombinant lineage of BA.2 and BA.5.1, lineage found most often in Spain and Denmark, from #771",XAN
XAP,"Recombinant lineage of BA.2* and BA.1*, USA lineage, from #789",XAP
XAQ,"Recombinant lineage of BA.1* and BA.2*, lineage mainly found in Canada, from #798",XAQ
XAR,"Recombinant lineage of BA.1* and BA.2*, Reunion lineage, from #860",XAR
XAS,"Recombinant lineage of BA.5* and BA.2*, USA lineage, from #882",XAS
XAT,"Recombinant lineage of BA.2.3.13 and BA.1*, Japan lineage, from #885",XAT
XAU,"Recombinant lineage of BA.1.1* and BA.2.9*, predominantly in Spain, England and France, from #894",XAU
XAV,"Recombinant lineage of BA.2* and BA.5*, mainly France, USA, and Scotland lineage, from #911",XAV
XAW,"Recombinant lineage of BA.2* and AY.122, Russia lineage, from #895",XAW
XAY,"Recombinant lineage of BA.2 and AY.45, South Africa lineage, from #844",XAY
XAY.1,"South Africa/USA lineage with 4 AA substitutions including S:D253G, from #1208",XAY.1
XAY.1.1,"South Africa with S:R346T and ORF1a:K2108N, from #1255",XAY.1.1
XAY.1.1.1,"Europe, S:D1153Y, from #1569",XAY.1.1.1
GL.1,"Alias of XAY.1.1.1.1, Europe, S:D420N, C19441T, from #2032",XAY.1.1.1.1
GL.2,"Alias of XAY.1.1.1.2, ORF1a:S723P, South Korea/Japan/HongKong",XAY.1.1.1.2
GL.3,"Alias of XAY.1.1.1.3, ORF1a:P1640S, Germany",XAY.1.1.1.3
XAY.1.1.2,"Germany/South Africa, C14838T",XAY.1.1.2
XAY.1.1.3,"Germany/China/Luxembourg, C6040T, C8290T, T15153C",XAY.1.1.3
XAY.1.2,"Europe, ORF1a:T3646I",XAY.1.2
XAY.2,South Africa/Denmark/Israel lineage with ORF1a:Y3765C,XAY.2
XAY.2.1,"Denmark, N:T24A",XAY.2.1
XAY.2.2,"Denmark, ORF1a:N447S",XAY.2.2
XAY.2.3,"Denmark, ORF1a:A131V, from #1896",XAY.2.3
XAY.3,"South Africa/Mauritius/Switzerland/France, ORF1b:D1869Y",XAY.3
XAZ,"Recombinant lineage of BA.2.5, BA.5. and BA.2.5, predominantly found in France, Germany, Croatia, Denmark and USA, from #797",XAZ
XBA,"Recombinant lineage of perhaps AY.45 and perhaps BA.2 (with perhaps 5 breakpoints), South_Africa lineage, constellation 2, from #844",XBA
XBB,"Recombinant lineage of BJ.1 and BM.1.1.1 with breakpoint in S1, found in USA and Singapore, from #1058",XBB
XBB.1,"Mostly Bangladesh and Singapore, defined by S:G252V, from #1088",XBB.1
XBB.1.1,"Singapore/Denmark, defined by ORF1a:P309L",XBB.1.1
XBB.1.2,"Singapore, defined by S:S640F",XBB.1.2
XBB.1.3,"Singapore, India/Italy, defined by S:A484T, pre ORF8:8*",XBB.1.3
XBB.1.4,"Europe, S:T883I",XBB.1.4
XBB.1.4.1,"Mainly Denmark, Norway and Sweden, defined by S:S673G, from #1352",XBB.1.4.1
XBB.1.4.2,"S:486P, ORf1a:V3595F, Brazil, from #2031",XBB.1.4.2
XBB.1.5,"USA, S:F486P",XBB.1.5
XBB.1.5.1,"USA, S:T573I",XBB.1.5.1
HJ.1,"Alias of XBB.1.5.1.1, S:E324K, C4543T, USA",XBB.1.5.1.1
XBB.1.5.2,"USA, S:T284I, S:K147I",XBB.1.5.2
XBB.1.5.3,"USA, S:A411S",XBB.1.5.3
JK.1,"Alias of XBB.1.5.3.1, S:K304Q, USA, from #1798",XBB.1.5.3.1
XBB.1.5.4,"USA, S:T883I directly on XBB.1.5 polytomy",XBB.1.5.4
KM.1,"Alias of XBB.1.5.4.1, S:K478R, S:M177I, S:N185D,  N:A155V, ORF1a:T3696A, Guinea/Senegal",XBB.1.5.4.1
XBB.1.5.5,"USA, S:K1181I",XBB.1.5.5
XBB.1.5.6,"USA, S:V952I",XBB.1.5.6
XBB.1.5.7,"USA, ORF1b:V248F",XBB.1.5.7
EM.1,"Alias of XBB.1.5.7.1, UK, S:R214L",XBB.1.5.7.1
XBB.1.5.8,"USA, N:R10Q",XBB.1.5.8
XBB.1.5.9,"USA, N:S327L",XBB.1.5.9
XBB.1.5.10,"S:F456L (T22928C), USA-NC, from #1614",XBB.1.5.10
XBB.1.5.11,ORF1a:G401S,XBB.1.5.11
XBB.1.5.12,S:T323I,XBB.1.5.12
XBB.1.5.13,"T21880C, G28079T",XBB.1.5.13
EK.1,"Alias of XBB.1.5.13.1, S:K417S, Austria, from #1638",XBB.1.5.13.1
EK.2,"Alias of XBB.1.5.13.2, S:T259I, USA",XBB.1.5.13.2
EK.2.1,"Alias of XBB.1.5.13.2.1, S:478R, USA/Canada/Scotland",XBB.1.5.13.2.1
EK.3,"Alias of XBB.1.5.13.3, S:P251S, Scotland/England/Ireland, from #1684",XBB.1.5.13.3
EK.4,"Alias of XBB.1.5.13.4, S:Q675K, USA/France",XBB.1.5.13.4
XBB.1.5.14,"C2695T, Europe/US",XBB.1.5.14
EL.1,"Alias of XBB.1.5.14.1, S:Q675H, Europe, from #1631",XBB.1.5.14.1
XBB.1.5.15,"G15957T, USA",XBB.1.5.15
FD.1,"Alias of XBB.1.5.15.1, ORF7b:E3*, England/Canada",XBB.1.5.15.1
FD.1.1,"Alias of XBB.1.5.15.1.1, S:F456L (T22928C), Canada-QC",XBB.1.5.15.1.1
FD.2,"Alias of XBB.1.5.15.2, S:Q146K, ORF1a:G519S, USA, from #1600",XBB.1.5.15.2
FD.2.1,"Alias of XBB.1.5.15.2.1, ORF1a:D3022N, Peru",XBB.1.5.15.2.1
FD.3,"Alias of XBB.1.5.15.3, S:A348S, T8503C, USA/Finland/Japan",XBB.1.5.15.3
FD.4,"Alias of XBB.1.5.15.4, ORF1a:L4191F, USA",XBB.1.5.15.4
FD.4.1,"Alias of XBB.1.5.15.4.1, ORF1a:T4355I, ORF1b:I2634F",XBB.1.5.15.4.1
FD.5,"Alias of XBB.1.5.15.5, ORF10:A8V, Peru",XBB.1.5.15.5
FD.5.1,"Alias of XBB.1.5.15.5.1, S:F456L (T22928C), S:N185D, Peru, from sars-cov-2-variants/lineage-proposals#385",XBB.1.5.15.5.1
XBB.1.5.16,"T14766C, USA",XBB.1.5.16
FG.1,"Alias of XBB.1.5.16.1, S:T284I, S:R403K, S:L513F, USA, from #1751",XBB.1.5.16.1
FG.2,"Alias of XBB.1.5.16.2, S:D178N, USA/Europe",XBB.1.5.16.2
FG.3,"Alias of XBB.1.5.16.3, S:I934V, England/Wales",XBB.1.5.16.3
XBB.1.5.17,"C23635T, USA",XBB.1.5.17
FH.1,"Alias of XBB.1.5.17.1, S:T883I, C4633T, USA",XBB.1.5.17.1
XBB.1.5.18,"ORF1a:T2300I, England/Europe",XBB.1.5.18
XBB.1.5.19,"ORF1b:R172C, USA",XBB.1.5.19
XBB.1.5.20,"C9532T, USA",XBB.1.5.20
XBB.1.5.21,"ORF1a:K322R, C22945T, USA",XBB.1.5.21
GC.1,"Alias of XBB.1.5.21.1, S:T323I, Spain",XBB.1.5.21.1
GC.2,"Alias of XBB.1.5.21.2, S:A352S, USA",XBB.1.5.21.2
XBB.1.5.22,"ORF1a:E1498A, pre T17124C, Australia",XBB.1.5.22
XBB.1.5.23,"ORF1a:P4220L, pre T17124C",XBB.1.5.23
XBB.1.5.24,"C2710T, pre T17124C",XBB.1.5.24
GF.1,"Alias of XBB.1.5.24.1, S:E748V, C19524T, from #1921",XBB.1.5.24.1
XBB.1.5.25,"S:97T on T10204C branch, South Africa, from #1643",XBB.1.5.25
XBB.1.5.26,"920T, USA, from #1688",XBB.1.5.26
EU.1,"Alias of XBB.1.5.26.1, S:P521S, Germany/Netherlands, from #1688",XBB.1.5.26.1
EU.1.1,"Alias of XBB.1.5.26.1.1, S:I410V, Germany/Netherlands, from #1688",XBB.1.5.26.1.1
EU.1.1.1,"Alias of XBB.1.5.26.1.1.1, C21646T, Germany",XBB.1.5.26.1.1.1
EU.1.1.2,"Alias of XBB.1.5.26.1.1.2, S:A1070S, Germany/Finland/Denmark/Sweden",XBB.1.5.26.1.1.2
EU.1.1.3,"Alias of XBB.1.5.26.1.1.3, S:F157L, Europe, from sars-cov-2-variants/lineage-proposals#312",XBB.1.5.26.1.1.3
XBB.1.5.27,"S:K478R, on T11431C branch, USA",XBB.1.5.27
XBB.1.5.28,"S:K478R, on 17124C polytomy, USA",XBB.1.5.28
XBB.1.5.29,"S:A348V, USA-NE",XBB.1.5.29
XBB.1.5.30,"S:A348T, USA, from #1660",XBB.1.5.30
HM.1,"Alias of XBB.1.5.30.1, S:N481K, Canada/Australia, from sars-cov-2-variants/lineage-proposals#59",XBB.1.5.30.1
XBB.1.5.31,"T24976C, USA",XBB.1.5.31
XBB.1.5.32,"ORF1a:T2823I, USA",XBB.1.5.32
XBB.1.5.33,"G370A, USA",XBB.1.5.33
XBB.1.5.34,"ORF1a:T1754I, USA",XBB.1.5.34
XBB.1.5.35,"S:N978S, USA, from #1699",XBB.1.5.35
XBB.1.5.36,"C9442T, USA",XBB.1.5.36
XBB.1.5.37,"S:K1045R, Europe",XBB.1.5.37
XBB.1.5.38,"S:I666V, ORF1a:T403I",XBB.1.5.38
GG.1,"Alias of XBB.1.5.38.1 S:478R, Europe, from sars-cov-2-variants/lineage-proposals#48",XBB.1.5.38.1
XBB.1.5.39,"ORF1a:M3684T, USA/Canada",XBB.1.5.39
FT.1,"Alias of XBB.1.5.39.1, S:I197V, Canada, from #1745",XBB.1.5.39.1
FT.2,"Alias of XBB.1.5.39.2, S:K1045N, Canada-QC/USA-NY",XBB.1.5.39.2
FT.3,"Alias of XBB.1.5.39.3, S:Q52H, USA, from sars-cov-2-variants/lineage-proposals#266",XBB.1.5.39.3
FT.3.1,"Alias of XBB.1.5.39.3.1, S:K478R, S:D1168H, Canada/USA, from sars-cov-2-variants/lineage-proposals#266",XBB.1.5.39.3.1
FT.3.1.1,"Alias of XBB.1.5.39.3.1.1, S:A348S, USA, from #2140",XBB.1.5.39.3.1.1
FT.4,"Alias of XBB.1.5.39.4, S:E180Q, Germany",XBB.1.5.39.4
XBB.1.5.40,"S:478I, USA",XBB.1.5.40
XBB.1.5.41,"S:V772I, S:P521T, USA, from #1941",XBB.1.5.41
GU.1,"Alias of XBB.1.5.41.1, S:N481S, USA/Canada",XBB.1.5.41.1
XBB.1.5.42,"S:E281D, Asia/USA, from #1933",XBB.1.5.42
GR.1,"Alias of XBB.1.5.42.1, S:445S, Vietnam, from #1966",XBB.1.5.42.1
XBB.1.5.43,"C18501T, pre T17124C, Singapore/Malaysia/Indonesia",XBB.1.5.43
XBB.1.5.44,"S:K356T, S:T572I, USA, from #1907",XBB.1.5.44
HC.1,"Alias of XBB.1.5.44.1, S:P631S, USA, from sars-cov-2-variants/lineage-proposals#106",XBB.1.5.44.1
HC.2,"Alias of XBB.1.5.44.2, S:F157L, Canada, from #2202",XBB.1.5.44.2
HC.3,"Alias of XBB.1.5.44.3, S:P793S, USA",XBB.1.5.44.3
HC.4,"Alias of XBB.1.5.44.4, S:D1084H, ORF1a:A1352V, UK/Canada",XBB.1.5.44.4
XBB.1.5.45,"S:478R, C27425T, G28079T, pre T17124C, India-GJ/MH, from #1792",XBB.1.5.45
XBB.1.5.46,"C5770T, C15279T, Germany/France",XBB.1.5.46
GB.1,"Alias of XBB.1.5.46.1, S:L518V, France, from #1969",XBB.1.5.46.1
GB.2,"Alias of XBB.1.5.46.2, S:478R, England/China, from #1891",XBB.1.5.46.2
XBB.1.5.47,"C1912T, USA/England",XBB.1.5.47
FZ.1,"Alias of XBB.1.5.47.1, S:E583D, England/Scotland",XBB.1.5.47.1
FZ.1.1,"Alias of XBB.1.5.47.1.1, S:L858I, England/Scotland",XBB.1.5.47.1.1
FZ.2,"Alias of XBB.1.5.47.2, S:Q836R, USA",XBB.1.5.47.2
XBB.1.5.48,"A24730T, USA/Canada/England",XBB.1.5.48
GV.1,"Alias of XBB.1.5.48.1, S:478R",XBB.1.5.48.1
XBB.1.5.49,"T6886C, USA",XBB.1.5.49
HT.1,"Alias of XBB.1.5.49.1, S:148T, T4798C, Mexico",XBB.1.5.49.1
HT.2,"Alias of XBB.1.5.49.2, S:T51I",XBB.1.5.49.2
XBB.1.5.50,"S:621S, N:T49I, USA/Canada",XBB.1.5.50
XBB.1.5.51,"ORF1a:D3009A, USA",XBB.1.5.51
XBB.1.5.52,C3589T,XBB.1.5.52
XBB.1.5.53,"S:F140I, S:L582F, S:R403K, South Africa, from #1804",XBB.1.5.53
JB.1,"Alias of XBB.1.5.53.1, S:N148T, South Africa",XBB.1.5.53.1
JB.1.1,"Alias of XBB.1.5.53.1.1, S:K478R, South Africa",XBB.1.5.53.1.1
JB.2,"Alias of XBB.1.5.53.2, S:K478R, South Africa/USA, from sars-cov-2-variants/lineage-proposals#209",XBB.1.5.53.2
JB.2.1,"Alias of XBB.1.5.53.2.1, S:H245Y, S:E554D, South Africa, from sars-cov-2-variants/lineage-proposals#209",XBB.1.5.53.2.1
XBB.1.5.54,"C14358T,C20016T,C29311T, Central/Eastern Europe",XBB.1.5.54
XBB.1.5.55,"ORF1a:T3356I, USA/Canada",XBB.1.5.55
HP.1,"Alias of XBB.1.5.55.1, N:L13F, USA/Mexico, from sars-cov-2-variants/lineage-proposals#277",XBB.1.5.55.1
HP.1.1,"Alias of XBB.1.5.55.1.1, S:478R, Mexico, from sars-cov-2-variants/lineage-proposals#277",XBB.1.5.55.1.1
XBB.1.5.56,"S:A852S, USA",XBB.1.5.56
XBB.1.5.57,"A20379G, C28312T, pre-T17124C, probable Spike-donor of XBL, from #1973",XBB.1.5.57
XBB.1.5.58,"S:704L, ORF1b:V1607I, ORF6:D6G, pre T17124C, Guinea, from #1860",XBB.1.5.58
XBB.1.5.59,"S:F456L (T22928C), ORF1a:S2822P, England, from #1949",XBB.1.5.59
XBB.1.5.60,"S:M177I, ORF1a:T2106I, S:Q146K, Netherlands/Germany",XBB.1.5.60
XBB.1.5.61,"T11536C, USA",XBB.1.5.61
XBB.1.5.62,C29095T,XBB.1.5.62
XBB.1.5.63,"C346T, Germany/Mauritius",XBB.1.5.63
XBB.1.5.64,"G8137A, C29708T, South Korea",XBB.1.5.64
XBB.1.5.65,"C583T, Germany",XBB.1.5.65
XBB.1.5.66,"ORF1a:G519S, USA",XBB.1.5.66
XBB.1.5.67,"C21691T, USA",XBB.1.5.67
XBB.1.5.68,"S:P521T, ORF3a:L71I, C18501T, USA",XBB.1.5.68
HZ.1,"Alias of XBB.1.5.68.1, S:K478R, 23266T, USA, from sars-cov-2-variants/lineage-proposals#514",XBB.1.5.68.1
HZ.2,"Alias of XBB.1.5.68.2, ORF1a:H3580Y, USA",XBB.1.5.68.2
HZ.3,"Alias of XBB.1.5.68.3, ORF1a:I3693T, USA",XBB.1.5.68.3
XBB.1.5.69,"ORF1a:V2943I,C22513T, USA",XBB.1.5.69
XBB.1.5.70,"S:L455F (G22927T), S:F456L (T22928C), ORF1a:A4068S, Brazil, from #1982",XBB.1.5.70
GK.1,"Alias of XBB.1.5.70.1, S:S704L, Brazil, from #2025",XBB.1.5.70.1
GK.1.1,"Alias of XBB.1.5.70.1.1, S:T573I, Brazil",XBB.1.5.70.1.1
GK.1.1.1,"Alias of XBB.1.5.70.1.1.1, C28432T",XBB.1.5.70.1.1.1
GK.1.2,"Alias of XBB.1.5.70.1.2, S:N185D, Brazil, from #2093",XBB.1.5.70.1.2
GK.1.2.1,"Alias of XBB.1.5.70.1.2.1, S:A475V, ORF1a:D147G, ORF1a:D2592Y, ORF1a:T4175I, ORF1b:N1426K, Brazil/Colombia, from #2314",XBB.1.5.70.1.2.1
GK.1.3,"Alias of XBB.1.5.70.1.3, ORF1a:E633A, ORF1b:D1130G, USA/Canada, from sars-cov-2-variants/lineage-proposals#179",XBB.1.5.70.1.3
GK.1.4,"Alias of XBB.1.5.70.1.4, S:478R, S:98F, Brazil, from sars-cov-2-variants/lineage-proposals#504",XBB.1.5.70.1.4
GK.1.5,"Alias of XBB.1.5.70.1.5, S:F186L, ORF1a:T1597I, Brazil",XBB.1.5.70.1.5
GK.1.6,"Alias of XBB.1.5.70.1.6, ORF3a:V50I, Colombia, from sars-cov-2-variants/lineage-proposals#643",XBB.1.5.70.1.6
GK.1.6.1,"Alias of XBB.1.5.70.1.6.1, S:A475V, ORF1a:I114V, Colombia, from sars-cov-2-variants/lineage-proposals#643",XBB.1.5.70.1.6.1
GK.1.7,"Alias of XBB.1.5.70.1.7, S:F186L, T11695C, Europe",XBB.1.5.70.1.7
GK.1.8,"Alias of XBB.1.5.70.1.8, S:E554K, S:A475V, Brazil, from sars-cov-2-variants/lineage-proposals#643",XBB.1.5.70.1.8
GK.1.8.1,"Alias of XBB.1.5.70.1.8.1, S:K187I, S:A222P, Brazil/Paraguay, from sars-cov-2-variants/lineage-proposals#1127",XBB.1.5.70.1.8.1
GK.1.9,"Alias of XBB.1.5.70.1.9, C17010T, USA",XBB.1.5.70.1.9
GK.1.10,"Alias of XBB.1.5.70.1.10, ORF1a:I573V, ORF1a:T4129I, ORF9b:T95M, Brazil, from #2375",XBB.1.5.70.1.10
GK.1.10.1,"Alias of XBB.1.5.70.1.10.1, S:A475V, C29668T, Brazil, from #2479",XBB.1.5.70.1.10.1
KN.1,"Alias of XBB.1.5.70.1.10.1.1, S:Y200C, Brazil, from #2479",XBB.1.5.70.1.10.1.1
KN.1.1,"Alias of XBB.1.5.70.1.10.1.1.1, S:N450D, Brazil, from #2479",XBB.1.5.70.1.10.1.1.1
GK.1.11,"Alias of XBB.1.5.70.1.11, S:A475V, ORF1a:P309L, Brazil, from sars-cov-2-variants/lineage-proposals#643",XBB.1.5.70.1.11
GK.1.11.1,"Alias of XBB.1.5.70.1.11.1, S:I68V, Brazil",XBB.1.5.70.1.11.1
GK.2,"Alias of XBB.1.5.70.2, S:V511I, from sars-cov-2-variants/lineage-proposals#300",XBB.1.5.70.2
GK.2.1,"Alias of XBB.1.5.70.2.1, ORF1a:L624I, ORF1a:L3641S, ORF1b:S763C",XBB.1.5.70.2.1
GK.2.1.1,"Alias of XBB.1.5.70.2.1.1, S:P1162S, from sars-cov-2-variants/lineage-proposals#716",XBB.1.5.70.2.1.1
GK.2.2,"Alias of XBB.1.5.70.2.2, S:E554D, from sars-cov-2-variants/lineage-proposals#470",XBB.1.5.70.2.2
GK.2.3,"Alias of XBB.1.5.70.2.3, S:K356T, England, from sars-cov-2-variants/lineage-proposals#813",XBB.1.5.70.2.3
GK.2.4,"Alias of XBB.1.5.70.2.4, S:K356T, USA-NY, from sars-cov-2-variants/lineage-proposals#823",XBB.1.5.70.2.4
GK.3,"Alias of XBB.1.5.70.3, ORF1a:A876S, Brazil/USA/Canada",XBB.1.5.70.3
GK.3.1,"Alias of XBB.1.5.70.3.1, S:A475V, USA, from sars-cov-2-variants/lineage-proposals#643",XBB.1.5.70.3.1
GK.3.2,"Alias of XBB.1.5.70.3.2, S:T572I, USA, from #2272",XBB.1.5.70.3.2
GK.4,"Alias of XBB.1.5.70.4, S:A475V, ORF1a:T2859I, ORF1ab:T4711I, from #2276",XBB.1.5.70.4
GK.5,"Alias of XBB.1.5.70.5, S:G181V, Brazil, from sars-cov-2-variants/lineage-proposals#736",XBB.1.5.70.5
GK.5.1,"Alias of XBB.1.5.70.5.1, S:E180K, from sars-cov-2-variants/lineage-proposals#736",XBB.1.5.70.5.1
GK.6,"Alias of XBB.1.5.70.6, S:N556K, S:E583A, from sars-cov-2-variants/lineage-proposals#715",XBB.1.5.70.6
GK.7,"Alias of XBB.1.5.70.7, N:D3G, from sars-cov-2-variants/lineage-proposals#907",XBB.1.5.70.7
GK.8,"Alias of XBB.1.5.70.8, ORF6:E55Q, Brazil, from sars-cov-2-variants/lineage-proposals#909",XBB.1.5.70.8
GK.8.1,"Alias of XBB.1.5.70.8.1, S:N185I, S:A475V, from sars-cov-2-variants/lineage-proposals#909",XBB.1.5.70.8.1
GK.9,"Alias of XBB.1.5.70.9, S:T307S, Brazil",XBB.1.5.70.9
GK.10,"Alias of XBB.1.5.70.10, S:E554G, Brazil, from sars-cov-2-variants/lineage-proposals#761",XBB.1.5.70.10
GK.11,"Alias of XBB.1.5.70.11, S:T883I, Brazil",XBB.1.5.70.11
GK.12,"Alias of XBB.1.5.70.12, S:T76I, S:N450D, Brazil",XBB.1.5.70.12
XBB.1.5.71,"S:V511I, Spain",XBB.1.5.71
XBB.1.5.72,"S:F456L (T22928C), ORF1a:G445S, T9823C, T10204C, South America",XBB.1.5.72
XBB.1.5.73,"T28271C, USA/Peru",XBB.1.5.73
GN.1,"Alias of XBB.1.5.73.1, S:F456L (T22928C), Peru/Costa Rica",XBB.1.5.73.1
GN.1.1,"Alias of XBB.1.5.73.1.1, ORF1b:A1643V, Peru",XBB.1.5.73.1.1
GN.1.2,"Alias of XBB.1.5.73.1.2, S:Q321L",XBB.1.5.73.1.2
GN.1.3,"Alias of XBB.1.5.73.1.3, S:L455F (G22927T), from sars-cov-2-variants/lineage-proposals#816",XBB.1.5.73.1.3
GN.1.4,"Alias of XBB.1.5.73.1.4, S:G181V, Peru, from #2349",XBB.1.5.73.1.4
GN.2,"Alias of XBB.1.5.73.2, ORF3a:A99G, Peru",XBB.1.5.73.2
GN.3,"Alias of XBB.1.5.73.3, C27143T, Peru",XBB.1.5.73.3
GN.4,"Alias of XBB.1.5.73.4, ORF1a:Q3966L, Peru",XBB.1.5.73.4
GN.5,"Alias of XBB.1.5.73.5, ORF1a:L1110I, ORF1a:S4135F, Peru",XBB.1.5.73.5
XBB.1.5.74,"S:K462R, ORF1b:V728I, Peru, from #1998",XBB.1.5.74
XBB.1.5.75,"C3695T, Peru/France",XBB.1.5.75
XBB.1.5.76,"ORF1a:T3696A, Chile",XBB.1.5.76
XBB.1.5.77,"T18732C, Colombia/USA",XBB.1.5.77
HR.1,"Alias of XBB.1.5.77.1, S:478R, N:I292V, Costa Rica/USA, from sars-cov-2-variants/lineage-proposals#323",XBB.1.5.77.1
HR.1.1,"Alias of XBB.1.5.77.1.1, S:K304N, Costa Rica, from #2372",XBB.1.5.77.1.1
XBB.1.5.78,"ORF1a:N460D, Mexico",XBB.1.5.78
XBB.1.5.79,"N:Q260L, Mexico/USA",XBB.1.5.79
XBB.1.5.80,"A16812G, C21812T, USA/Romania",XBB.1.5.80
XBB.1.5.81,"S:478R, G4657A, South Africa",XBB.1.5.81
XBB.1.5.82,"S:K444R, Sweden/Reunion",XBB.1.5.82
XBB.1.5.83,"A10624G, South Africa",XBB.1.5.83
XBB.1.5.84,"S:M177I, South Africa",XBB.1.5.84
XBB.1.5.85,"S:L176F, S:478R, Trinidad and Tobago/Hong Kong",XBB.1.5.85
XBB.1.5.86,"ORF1a:G2868S, Brazil",XBB.1.5.86
HA.1,"Alias of XBB.1.5.86.1, S:F456L (T22930A), Brazil/Canada",XBB.1.5.86.1
HA.2,"Alias of XBB.1.5.86.2, S:P521S, Brazil",XBB.1.5.86.2
XBB.1.5.87,"S:478R, ORF1a:E1633K, ORF1a:M1588K, C9763T, C20946T, pre T17124C, Indonesia",XBB.1.5.87
XBB.1.5.88,"C2299T, South Africa",XBB.1.5.88
XBB.1.5.89,"S:478R, S:554A, Canada/Italy/France, from sars-cov-2-variants/lineage-proposals#175",XBB.1.5.89
XBB.1.5.90,"S:P621S, ORF1ab:S6713L, Belgium/France, from #1849",XBB.1.5.90
XBB.1.5.91,"S:P621S, USA",XBB.1.5.91
XBB.1.5.92,"ORF1a:T1168I, Ecuador",XBB.1.5.92
HQ.1,"Alias of XBB.1.5.92.1, S:E554K, Ecuador, from sars-cov-2-variants/lineage-proposals#170",XBB.1.5.92.1
XBB.1.5.93,"C337T, C19186T, USA, from sars-cov-2-variants/lineage-proposals#363",XBB.1.5.93
HD.1,"Alias of XBB.1.5.93.1, S:T346I, USA/Dominican Republic, from sars-cov-2-variants/lineage-proposals#363",XBB.1.5.93.1
HD.1.1,"Alias of XBB.1.5.93.1.1, S:K356T, Dominican Republic, from sars-cov-2-variants/lineage-proposals#363",XBB.1.5.93.1.1
XBB.1.5.94,"S:Q613H, T25461C, France",XBB.1.5.94
XBB.1.5.95,ORF1a:A1851V,XBB.1.5.95
HS.1,"Alias of XBB.1.5.95.1, S:478R, Mexico",XBB.1.5.95.1
HS.1.1,"Alias of XBB.1.5.95.1.1, S:F456L (T22928C), USA, from #2237",XBB.1.5.95.1.1
XBB.1.5.96,C28603T,XBB.1.5.96
XBB.1.5.97,"S:T941S, C7834T, New Zealand/Australia",XBB.1.5.97
XBB.1.5.98,"S:E554K, ORF8:V32L, Ghana",XBB.1.5.98
XBB.1.5.99,"ORF1a:V1122A, ORF1a:T2121I, Slovakia/Austria",XBB.1.5.99
XBB.1.5.100,"S:V1122M, USA/Mexico",XBB.1.5.100
HY.1,"Alias of XBB.1.5.100.1, S:478R, USA/Mexico, from sars-cov-2-variants/lineage-proposals#453",XBB.1.5.100.1
XBB.1.5.101,"ORF7a:E3Q, C14877T, Scandinavia/Poland/Vietnam",XBB.1.5.101
XBB.1.5.102,"C6896T, C14085T, C19488T, Brazil-Amazonas",XBB.1.5.102
JD.1,"Alias of XBB.1.5.102.1, S:L455F (G22927T), S:F456L (T22928C), A14634G, T28282C, Brazil, from #2071",XBB.1.5.102.1
JD.1.1,"Alias of XBB.1.5.102.1.1, S:A475V, Brazil/USA/Spain, from #2174",XBB.1.5.102.1.1
JD.1.1.1,"Alias of XBB.1.5.102.1.1.1, S:Y248H, from sars-cov-2-variants/lineage-proposals#864",XBB.1.5.102.1.1.1
JD.1.1.2,"Alias of XBB.1.5.102.1.1.2, S:E583D, Ireland/UK, from sars-cov-2-variants/lineage-proposals#754",XBB.1.5.102.1.1.2
JD.1.1.3,"Alias of XBB.1.5.102.1.1.3, S:T470N, ORF1a:V1584M, France/Denmark, from sars-cov-2-variants/lineage-proposals#896",XBB.1.5.102.1.1.3
JD.1.1.4,"Alias of XBB.1.5.102.1.1.4, S:E554G, Australia, from #2380",XBB.1.5.102.1.1.4
JD.1.1.5,"Alias of XBB.1.5.102.1.1.5, S:Q677R, USA/Canada, from sars-cov-2-variants/lineage-proposals#1079",XBB.1.5.102.1.1.5
JD.1.1.6,"Alias of XBB.1.5.102.1.1.6, S:M153V, Brazil",XBB.1.5.102.1.1.6
JD.1.1.7,"Alias of XBB.1.5.102.1.1.7, ORF1b:R2257S",XBB.1.5.102.1.1.7
JD.1.1.8,"Alias of XBB.1.5.102.1.1.8, ORF1a:N1094K, without C19185T, Brazil",XBB.1.5.102.1.1.8
KK.1,"Alias of XBB.1.5.102.1.1.8.1, S:D1153H, Brazil/USA, from sars-cov-2-variants/lineage-proposals#1210",XBB.1.5.102.1.1.8.1
KK.2,"Alias of XBB.1.5.102.1.1.8.2, S:N481K, Brazil, from sars-cov-2-variants/lineage-proposals#1277",XBB.1.5.102.1.1.8.2
JD.1.2,"Alias of XBB.1.5.102.1.2, S:P1162S, Brazil, from sars-cov-2-variants/lineage-proposals#136",XBB.1.5.102.1.2
JD.1.2.1,"Alias of XBB.1.5.102.1.2.1, S:E554Q, from sars-cov-2-variants/lineage-proposals#870",XBB.1.5.102.1.2.1
JD.1.2.2,"Alias of XBB.1.5.102.1.2.2, S:A1078T, Brazil",XBB.1.5.102.1.2.2
JD.2,"Alias of XBB.1.5.102.2, ORF1b:H2388Y, G4255A, Brazil",XBB.1.5.102.2
JD.2.1,"Alias of XBB.1.5.102.2.1, S:E554K, Brazil",XBB.1.5.102.2.1
XBB.1.5.103,"S:F456L (T22928C), S:180/184del, S:N185D, ORF1a:T1437I, ORF7b:C41W, T21357C, Argentina, from #2192",XBB.1.5.103
KA.1,"Alias of XBB.1.5.103.1, S:E554K, Argentina/France/Spain, from sars-cov-2-variants/lineage-proposals#822",XBB.1.5.103.1
XBB.1.5.104,"S:K304Q, USA, from #1798",XBB.1.5.104
XBB.1.5.105,"S:K304N, USA/Europe",XBB.1.5.105
XBB.1.5.106,"S:A623V, ORF1a:V28I, ORF1a:R3542H, Guatemala, from #2270",XBB.1.5.106
XBB.1.5.107,"C24130T, Argentina/Uruguay/Bolivia",XBB.1.5.107
JZ.1,"Alias of XBB.1.5.107.1, S:F456L (T22928C), Argentina/Brazil, from sars-cov-2-variants/lineage-proposals#224",XBB.1.5.107.1
XBB.1.5.108,"S:F456L (T22930A), S:K304N , from sars-cov-2-variants/lineage-proposals#550",XBB.1.5.108
XBB.1.5.109,"S:F456L (T22928C), ORF1a:T654A, from #2262",XBB.1.5.109
XBB.1.5.110,"ORF1aT4129I, Mexico",XBB.1.5.110
XBB.1.6,"USA, S:L216F, S:H146K, from #1428",XBB.1.6
XBB.1.7,"USA-NY, S:V608I",XBB.1.7
XBB.1.8,"Denmark, S:186insSGG, C3241T, from #1455",XBB.1.8
XBB.1.9,"ORF1a:G1819S, ORF1a:T4175I, on ORF9b:I5T branch",XBB.1.9
XBB.1.9.1,"S:F486P (after C11956T), Indonesia/Singapore/Malaysia/England",XBB.1.9.1
FL.1,"Alias of XBB.1.9.1.1, S:701V, ORF1a:G993S, from #1808",XBB.1.9.1.1
FL.1.1,"Alias of XBB.1.9.1.1.1, ORF1b:Q2635P, USA/Australia",XBB.1.9.1.1.1
FL.1.1.1,"Alias of XBB.1.9.1.1.1.1, S:A688S, Australia/Mauritius",XBB.1.9.1.1.1.1
FL.1.2,"Alias of XBB.1.9.1.1.2, ORF1a:T4311I, South Korea/Italy/Spain",XBB.1.9.1.1.2
FL.1.3,"Alias of XBB.1.9.1.1.3, ORF1a:T1881I, ORF1b:M606I, South Korea",XBB.1.9.1.1.3
FL.1.4,"Alias of XBB.1.9.1.1.4, S:478R, S:Q1208H, Vietnam, from #1985",XBB.1.9.1.1.4
FL.1.5,"Alias of XBB.1.9.1.1.5, S:F456L (T22928C), ORF1b:K2557R, from #2036",XBB.1.9.1.1.5
FL.1.5.1,"Alias of XBB.1.9.1.1.5.1, S:478R, from #2036",XBB.1.9.1.1.5.1
HN.1,"Alias of XBB.1.9.1.1.5.1.1, S:A67S, Dominican Republic, from sars-cov-2-variants/lineage-proposals#408",XBB.1.9.1.1.5.1.1
HN.2,"Alias of XBB.1.9.1.1.5.1.2, ORF1b:P223S, from sars-cov-2-variants/lineage-proposals#676",XBB.1.9.1.1.5.1.2
HN.2.1,"Alias of XBB.1.9.1.1.5.1.2.1, S:Q836R, from sars-cov-2-variants/lineage-proposals#676",XBB.1.9.1.1.5.1.2.1
HN.3,"Alias of XBB.1.9.1.1.5.1.3, S:S494P",XBB.1.9.1.1.5.1.3
HN.3.1,"Alias of XBB.1.9.1.1.5.1.3.1, S:D253G, from sars-cov-2-variants/lineage-proposals#383",XBB.1.9.1.1.5.1.3.1
HN.4,"Alias of XBB.1.9.1.1.5.1.4, ORF1a:T403I",XBB.1.9.1.1.5.1.4
HN.4.1,"Alias of XBB.1.9.1.1.5.1.4.1, S:A1020S, from sars-cov-2-variants/lineage-proposals#1054",XBB.1.9.1.1.5.1.4.1
HN.4.1.1,"Alias of XBB.1.9.1.1.5.1.4.1.1, S:I68T, S:L452R, S:E554K, New Zealand/Canada, from sars-cov-2-variants/lineage-proposals#1054",XBB.1.9.1.1.5.1.4.1.1
HN.4.2,"Alias of XBB.1.9.1.1.5.1.4.2, S:Q14H, Georgia/Russia, from sars-cov-2-variants/lineage-proposals#971",XBB.1.9.1.1.5.1.4.2
HN.5,"Alias of XBB.1.9.1.1.5.1.5, S:E554K, from sars-cov-2-variants/lineage-proposals#936",XBB.1.9.1.1.5.1.5
HN.6,"Alias of XBB.1.9.1.1.5.1.6, ORF1a:D1933A",XBB.1.9.1.1.5.1.6
HN.7,"Alias of XBB.1.9.1.1.5.1.7, C6388T, T20028C, C20115T, Europe",XBB.1.9.1.1.5.1.7
HN.8,"Alias of XBB.1.9.1.1.5.1.8, S:ins248KRD, ORF1a:E2042D, not requiring S:494P, Haiti/USA, from #2438",XBB.1.9.1.1.5.1.8
FL.1.5.2,"Alias of XBB.1.9.1.1.5.2, S:N481K, S:H681R, England/France/Denmark, from sars-cov-2-variants/lineage-proposals#614",XBB.1.9.1.1.5.2
KC.1,"Alias of XBB.1.9.1.1.5.2.1, S:S490P, ORF1a:T4129I, ORF1a:S723F, Europe, from sars-cov-2-variants/lineage-proposals#614",XBB.1.9.1.1.5.2.1
KC.1.1,"Alias of XBB.1.9.1.1.5.2.1.1, S:V1228L, England",XBB.1.9.1.1.5.2.1.1
FL.1.6,"Alias of XBB.1.9.1.1.6, S:N481K, S:Q1208H, from sars-cov-2-variants/lineage-proposals#59",XBB.1.9.1.1.6
FL.1.7,"Alias of XBB.1.9.1.1.7, S:478R, S:C1235F, Indonesia, from #1985",XBB.1.9.1.1.7
FL.1.8,"Alias of XBB.1.9.1.1.8, S:K478R, S:P521T, M:I8V, Russia, from sars-cov-2-variants/lineage-proposals#1058",XBB.1.9.1.1.8
FL.2,"Alias of XBB.1.9.1.2, T4579A",XBB.1.9.1.2
FL.2.1,"Alias of XBB.1.9.1.2.1, C10228T, Germany, global",XBB.1.9.1.2.1
FL.2.2,"Alias of XBB.1.9.1.2.2, S:T478R, Indonesia, from #1927",XBB.1.9.1.2.2
FL.2.2.1,"Alias of XBB.1.9.1.2.2.1, S:T307I, Indonesia, from #2027",XBB.1.9.1.2.2.1
FL.2.3,"Alias of XBB.1.9.1.2.3, ORF1b:K1383R, China, from #2016",XBB.1.9.1.2.3
FL.2.3.1,"Alias of XBB.1.9.1.2.3.1, S:K356T, China",XBB.1.9.1.2.3.1
FL.2.4,"Alias of XBB.1.9.1.2.4, ORF8:S67F, China",XBB.1.9.1.2.4
FL.2.5,"Alias of XBB.1.9.1.2.5, S:Q314E, from sars-cov-2-variants/lineage-proposals#342",XBB.1.9.1.2.5
FL.2.6,"Alias of XBB.1.9.1.2.6, S:N641K, from #2180",XBB.1.9.1.2.6
FL.2.7,"Alias of XBB.1.9.1.2.7, ORF1a:A2618T, from sars-cov-2-variants/lineage-proposals#552",XBB.1.9.1.2.7
FL.2.7.1,"Alias of XBB.1.9.1.2.7.1, S:K478R on ORF1a:V3718F branch, South Africa, from sars-cov-2-variants/lineage-proposals#552",XBB.1.9.1.2.7.1
FL.3,"Alias of XBB.1.9.1.3, T1753C, England",XBB.1.9.1.3
FL.3.1,"Alias of XBB.1.9.1.3.1, ORF1a:T2264I, England",XBB.1.9.1.3.1
FL.3.2,"Alias of XBB.1.9.1.3.2, T8830C, England/Spain",XBB.1.9.1.3.2
FL.3.3,"Alias of XBB.1.9.1.3.3, ORF1a:A4285V,ORF1a:V2998I,ORF1a:E772K, England",XBB.1.9.1.3.3
FL.3.4,"Alias of XBB.1.9.1.3.4, G10642C, T26232C, England",XBB.1.9.1.3.4
FL.4,"Alias of XBB.1.9.1.4, ORF1b:V1092F",XBB.1.9.1.4
FL.4.1,"Alias of XBB.1.9.1.4.1, S:N450I",XBB.1.9.1.4.1
FL.4.1.1,"Alias of XBB.1.9.1.4.1.1, S:K478R, ORF1a:I2286T, Indonesia/Australia, from sars-cov-2-variants/lineage-proposals#107",XBB.1.9.1.4.1.1
FL.4.2,"Alias of XBB.1.9.1.4.2, ORF1a:T951I, China",XBB.1.9.1.4.2
FL.4.3,"Alias of XBB.1.9.1.4.3, S:A766S, G7393T, Myanmar, from sars-cov-2-variants/lineage-proposals#153",XBB.1.9.1.4.3
FL.4.4,"Alias of XBB.1.9.1.4.4, ORF1a:T1542I, T24544C, S:478T (reversion), Indonesia",XBB.1.9.1.4.4
FL.4.5,"Alias of XBB.1.9.1.4.5, ORF8:S67F, ORF1a:D1228G, C23635T, from #2018",XBB.1.9.1.4.5
FL.4.6,"Alias of XBB.1.9.1.4.6, T5098C, C13965T, Australia/China",XBB.1.9.1.4.6
FL.4.7,"Alias of XBB.1.9.1.4.7, S:L452R, Singapore, from sars-cov-2-variants/lineage-proposals#92",XBB.1.9.1.4.7
FL.4.8,"Alias of XBB.1.9.1.4.8, S:478R, Indonesia, from #2024",XBB.1.9.1.4.8
FL.4.9,"Alias of XBB.1.9.1.4.9, S:S254P, ORF3a:D173G, from #2081",XBB.1.9.1.4.9
FL.4.10,"Alias of XBB.1.9.1.4.10, S:V1129I, China, from #2087",XBB.1.9.1.4.10
FL.4.11,"Alias of XBB.1.9.1.4.11, S:D1259Y, N:T334I, China/Japan，from #2074",XBB.1.9.1.4.11
FL.5,"Alias of XBB.1.9.1.5, N:T362I",XBB.1.9.1.5
FL.5.1,"Alias of XBB.1.9.1.5.1, S:M177T, from #2041",XBB.1.9.1.5.1
FL.6,"Alias of XBB.1.9.1.6, ORF1a:I849V, Bahrain/Egypt/Oman/Austria",XBB.1.9.1.6
FL.7,"Alias of XBB.1.9.1.7, S:T51I",XBB.1.9.1.7
FL.8,"Alias of XBB.1.9.1.8, ORF3a:I62F, Europe",XBB.1.9.1.8
FL.9,"Alias of XBB.1.9.1.9, C23707T, T29691C, England",XBB.1.9.1.9
FL.10,"Alias of XBB.1.9.1.10, ORF1a:C657Y, from sars-cov-2-variants/lineage-proposals#28",XBB.1.9.1.10
FL.10.1,"Alias of XBB.1.9.1.10.1, S:E554K, C4234T, 220bp deletion in ORF8, South Korea, from #2040",XBB.1.9.1.10.1
FL.10.2,"Alias of XBB.1.9.1.10.2, S:K356T, S:T523N, Canada/USA, from #2220",XBB.1.9.1.10.2
FL.10.3,"Alias of XBB.1.9.1.10.3, S:G181R",XBB.1.9.1.10.3
FL.11,"Alias of XBB.1.9.1.11, ORF1a:L349F, France/French Guiana, from #1947",XBB.1.9.1.11
FL.12,"Alias of XBB.1.9.1.12, ORF1a:C2210F",XBB.1.9.1.12
FL.13,"Alias of XBB.1.9.1.13, G4354A",XBB.1.9.1.13
FL.13.1,"Alias of XBB.1.9.1.13.1, S:A411S, ORF1a:P80S, China, from #1996",XBB.1.9.1.13.1
FL.13.2,"Alias of XBB.1.9.1.13.2, S:K356T, China, from #2073",XBB.1.9.1.13.2
FL.13.2.1,"Alias of XBB.1.9.1.13.2.1, S:D178H, South Korea",XBB.1.9.1.13.2.1
FL.13.3,"Alias of XBB.1.9.1.13.3, T19110C",XBB.1.9.1.13.3
FL.13.3.1,"Alias of XBB.1.9.1.13.3.1, S:E154Q, England",XBB.1.9.1.13.3.1
FL.13.4,"Alias of XBB.1.9.1.13.4, S:K182E, S:F456L (T22928C), Pakistan, from sars-cov-2-variants/lineage-proposals#638",XBB.1.9.1.13.4
FL.13.4.1,"Alias of XBB.1.9.1.13.4.1, S:Q14H, S:A484K, from sars-cov-2-variants/lineage-proposals#638",XBB.1.9.1.13.4.1
FL.13.5,"Alias of XBB.1.9.1.13.5, S:F456L (T22928C), ORF1a:T1000I, ORF1a:L2527M, Chile/Argentina, from sars-cov-2-variants/lineage-proposals#692",XBB.1.9.1.13.5
FL.14,"Alias of XBB.1.9.1.14, S:V1122M, C29311T, C22978T, Russia/Finland",XBB.1.9.1.14
FL.15,"Alias of XBB.1.9.1.15, S:F456L (T22928C), ORF1a:E637K, Vietnam/China/South Korea, from #1994",XBB.1.9.1.15
FL.15.1,"Alias of XBB.1.9.1.15.1, S:L455F (G22927T), ORF1a:T2007I, on ORF1a:S2185N branch, from #2293",XBB.1.9.1.15.1
FL.15.1.1,"Alias of XBB.1.9.1.15.1.1, S:A475V, Canada/Romania/Belgium, from sars-cov-2-variants/lineage-proposals#646",XBB.1.9.1.15.1.1
KF.1,"Alias of XBB.1.9.1.15.1.1.1, S:P251H, Australia/Canada, from sars-cov-2-variants/lineage-proposals#890",XBB.1.9.1.15.1.1.1
KF.2,"Alias of XBB.1.9.1.15.1.1.2, S:E183D, England/Australia/New Zealand, from sars-cov-2-variants/lineage-proposals#1111",XBB.1.9.1.15.1.1.2
FL.15.2,"Alias of XBB.1.9.1.15.2, S:Q14H, C1684T, China, from sars-cov-2-variants/lineage-proposals#578",XBB.1.9.1.15.2
FL.15.3,"Alias of XBB.1.9.1.15.3, S:G181V, North America",XBB.1.9.1.15.3
FL.15.4,"Alias of XBB.1.9.1.15.4, S:Q14H, on G6819A branch, from #2359",XBB.1.9.1.15.4
FL.16,"Alias of XBB.1.9.1.16, S:D215V, C3511T, China, from #2001",XBB.1.9.1.16
FL.17,"Alias of XBB.1.9.1.17, T3898C, C28333T",XBB.1.9.1.17
FL.17.1,"Alias of XBB.1.9.1.17.1, S:N74H, South Korea",XBB.1.9.1.17.1
FL.17.2,"Alias of XBB.1.9.1.17.2, S:L452R, ORF7a:V104L, from sars-cov-2-variants/lineage-proposals#53",XBB.1.9.1.17.2
FL.18,"Alias of XBB.1.9.1.18, ORF1a:T2007I",XBB.1.9.1.18
FL.18.1,"Alias of XBB.1.9.1.18.1, N:T166I, A27507C, from #2019",XBB.1.9.1.18.1
FL.18.1.1,"Alias of XBB.1.9.1.18.1.1, S:Y200C, S:478R, Australia/Indonesia, from #2019",XBB.1.9.1.18.1.1
FL.19,"Alias of XBB.1.9.1.19, T2377C, C17502T, T24505G, South Korea",XBB.1.9.1.19
FL.19.1,"Alias of XBB.1.9.1.19.1, S:F456L (T22928C), ORF1b:A1877V, Spain/Italy/Puerto Rico, from #2138",XBB.1.9.1.19.1
FL.20,"Alias of XBB.1.9.1.20, S:F456L (T22928C), S:Q52H, Spain, from #2072",XBB.1.9.1.20
FL.20.1,"Alias of XBB.1.9.1.20.1, S:L455W, Northern Ireland/England, from #2145",XBB.1.9.1.20.1
FL.20.2,"Alias of XBB.1.9.1.20.2, S:478R, from sars-cov-2-variants/lineage-proposals#571",XBB.1.9.1.20.2
FL.21,"Alias of XBB.1.9.1.21, A10564T",XBB.1.9.1.21
FL.21.1,"Alias of XBB.1.9.1.21.1, S:D1084N, South Korea, from #2143",XBB.1.9.1.21.1
FL.21.2,"Alias of XBB.1.9.1.21.2, ORF1a:V1019F, ORF1a:I2873M, China, from sars-cov-2-variants/lineage-proposals#187",XBB.1.9.1.21.2
FL.22,"Alias of XBB.1.9.1.22, ORF1b:I1416V, T24184C",XBB.1.9.1.22
FL.23,"Alias of XBB.1.9.1.23, ORF1b:V1132I, Philippines",XBB.1.9.1.23
FL.23.1,"Alias of XBB.1.9.1.23.1, ORF1a:A2584V, C23185T, C8311T",XBB.1.9.1.23.1
FL.23.2,"Alias of XBB.1.9.1.23.2, S:S494P, ORF1a:P2256S, Philippines, from sars-cov-2-variants/lineage-proposals#381",XBB.1.9.1.23.2
FL.23.2.1,"Alias of XBB.1.9.1.23.2.1, S:P521T, Philippines",XBB.1.9.1.23.2.1
FL.24,"Alias of XBB.1.9.1.24, S:Q613H, S:A688V, from sars-cov-2-variants/lineage-proposals#284",XBB.1.9.1.24
FL.24.1,"Alias of XBB.1.9.1.24.1, S:478R, T9139C, C24919T, Russia, from sars-cov-2-variants/lineage-proposals#789",XBB.1.9.1.24.1
FL.25,"Alias of XBB.1.9.1.25, S:E554K, USA/England, from #2040",XBB.1.9.1.25
FL.26,"Alias of XBB.1.9.1.26, C22264T",XBB.1.9.1.26
FL.26.1,"Alias of XBB.1.9.1.26.1, S:493L, Sweden",XBB.1.9.1.26.1
FL.27,"Alias of XBB.1.9.1.27, ORF1a:V3747I",XBB.1.9.1.27
FL.28,"Alias of XBB.1.9.1.28, S:K478R, ORF1a:S1520F, ORF3a:R68I, Spain",XBB.1.9.1.28
FL.29,"Alias of XBB.1.9.1.29, S:490S, ORF1b:I2331V, from #2030",XBB.1.9.1.29
FL.30,"Alias of XBB.1.9.1.30, S:484K, Greece, from #2206",XBB.1.9.1.30
FL.30.1,"Alias of XBB.1.9.1.30.1, S:A852S, Greece",XBB.1.9.1.30.1
FL.31,"Alias of XBB.1.9.1.31, ORF1b:M657I",XBB.1.9.1.31
FL.31.1,"Alias of XBB.1.9.1.31.1, S:478R, S:D80H, S:Q613H, Morocco/Europe/US/Canada, from sars-cov-2-variants/lineage-proposals#836",XBB.1.9.1.31.1
FL.32,"Alias of XBB.1.9.1.32, S:E554Q, S:V6L, from sars-cov-2-variants/lineage-proposals#719",XBB.1.9.1.32
FL.32.1,"Alias of XBB.1.9.1.32.1, S:F456L (T22928C), USA, from sars-cov-2-variants/lineage-proposals#719",XBB.1.9.1.32.1
FL.33,"Alias of XBB.1.9.1.33, ORF1b:A1377V",XBB.1.9.1.33
FL.33.1,"Alias of XBB.1.9.1.33.1, S:478R, Georgia, from sars-cov-2-variants/lineage-proposals#828",XBB.1.9.1.33.1
FL.34,"Alias of XBB.1.9.1.34, S:D1118Y",XBB.1.9.1.34
FL.35,"Alias of XBB.1.9.1.35, ORF8:S103L, South Africa",XBB.1.9.1.35
FL.35.1,"Alias of XBB.1.9.1.35.1, S:478R, South Africa",XBB.1.9.1.35.1
FL.36,"Alias of XBB.1.9.1.36, S:76I, S:190S, S:356T, S:572I, S:899S, S:1070T, England/US/Denmark, sars-cov-2-variants/lineage-proposals#805",XBB.1.9.1.36
FL.37,"Alias of XBB.1.9.1.37, C547T, C29614T",XBB.1.9.1.37
FL.38,"Alias of XBB.1.9.1.38, S:K478R, S:Q613H, C25482T, Russia, from sars-cov-2-variants/lineage-proposals#1001",XBB.1.9.1.38
FL.39,"Alias of XBB.1.9.1.39, ORF1a:E633K, Russia",XBB.1.9.1.39
FL.39.1,"Alias of XBB.1.9.1.39.1, S:K478R, S:P521S, Russia",XBB.1.9.1.39.1
FL.40,"Alias of XBB.1.9.1.40, ORF1a:I3758V, Russia",XBB.1.9.1.40
XBB.1.9.2,"S:F486P (after A27507C, A16878T), Indonesia/Singapore, from #1602",XBB.1.9.2
EG.1,"Alias of XBB.1.9.2.1, S:Q613H on N:L219F branch, from #1664 and jmcbroome/auto-pango-designation#193",XBB.1.9.2.1
EG.1.1,"Alias of XBB.1.9.2.1.1, S:V70F and ORF1a:T403I, Luxembourg/Belgium/France",XBB.1.9.2.1.1
EG.1.2,"Alias of XBB.1.9.2.1.2, ORF7b:H42Y, mostly Austria, from #1711",XBB.1.9.2.1.2
EG.1.3,"Alias of XBB.1.9.2.1.3, C3784T, A6613G, Europe",XBB.1.9.2.1.3
EG.1.4,"Alias of XBB.1.9.2.1.4, ORF1a:S2500F, Europe",XBB.1.9.2.1.4
EG.1.4.1,"Alias of XBB.1.9.2.1.4.1, S:P217L, South Korea",XBB.1.9.2.1.4.1
EG.1.5,"Alias of XBB.1.9.2.1.5, S:S98F, Europe",XBB.1.9.2.1.5
EG.1.6,"Alias of XBB.1.9.2.1.6, G26235T",XBB.1.9.2.1.6
EG.1.7,"Alias of XBB.1.9.2.1.7, S:E156V, Europe",XBB.1.9.2.1.7
EG.1.8,"Alias of XBB.1.9.2.1.8, S:S640F, ORF1b:D161G, ORF1b:P2321L, China",XBB.1.9.2.1.8
EG.2,"Alias of XBB.1.9.2.2, S:478R, Indonesia",XBB.1.9.2.2
EG.2.1,"Alias of XBB.1.9.2.2.1, S:F456L (T22930A), S:V327I, Indonesia",XBB.1.9.2.2.1
EG.2.2,"Alias of XBB.1.9.2.2.2, S:K304N, Indonesia/Japan, from sars-cov-2-variants/lineage-proposals#517",XBB.1.9.2.2.2
EG.2.3,"Alias of XBB.1.9.2.2.3, S:I742V, Indonesia/Singapore, from sars-cov-2-variants/lineage-proposals#587",XBB.1.9.2.2.3
EG.2.4,"Alias of XBB.1.9.2.2.4, S:K356T, ORF1a:G2265D, Singapore, from sars-cov-2-variants/lineage-proposals#586",XBB.1.9.2.2.4
EG.2.5,"Alias of XBB.1.9.2.2.4, S:Q675H, Indonesia, from sars-cov-2-variants/lineage-proposals#445",XBB.1.9.2.2.5
EG.3,"Alias of XBB.1.9.2.3, ORF1a:L2778F on N:L219F branch",XBB.1.9.2.3
EG.4,"Alias of XBB.1.9.2.4, C28651T",XBB.1.9.2.4
EG.4.1,"Alias of XBB.1.9.2.4.1, S:I870V, N:A119S",XBB.1.9.2.4.1
EG.4.2,"Alias of XBB.1.9.2.4.2, S:A623V, T14652C, China, from sars-cov-2-variants/lineage-proposals#46",XBB.1.9.2.4.2
EG.4.3,"Alias of XBB.1.9.2.4.3, S:Q613H (G23401C)",XBB.1.9.2.4.3
EG.4.4,"Alias of XBB.1.9.2.4.4, ORF1a:Y1465C, ORF1b:H873Y, Germany/Austria",XBB.1.9.2.4.4
EG.4.5,"Alias of XBB.1.9.2.4.5, S:478R, Indonesia/France",XBB.1.9.2.4.5
EG.5,"Alias of XBB.1.9.2.5, S:F456L (T22930A), ORF1a:A690V, ORF1a:A3143V, Indonesia, from #1918",XBB.1.9.2.5
EG.5.1,"Alias of XBB.1.9.2.5.1, S:Q52H",XBB.1.9.2.5.1
EG.5.1.1,"Alias of XBB.1.9.2.5.1.1, China, from #2020",XBB.1.9.2.5.1.1
HK.1,"Alias of XBB.1.9.2.5.1.1.1, S:G257V, China, from sars-cov-2-variants/lineage-proposals#359",XBB.1.9.2.5.1.1.1
HK.1.2,"Alias of XBB.1.9.2.5.1.1.1.2, S:L455F (G22927C), S:T307I, China/New Zealand , from sars-cov-2-variants/lineage-proposals#631",XBB.1.9.2.5.1.1.1.2
HK.2,"Alias of XBB.1.9.2.5.1.1.2, S:Q14H, China, from sars-cov-2-variants/lineage-proposals#432",XBB.1.9.2.5.1.1.2
HK.2.1,"Alias of XBB.1.9.2.5.1.1.2.1, S:L455F (G22927T), Singapore, from sars-cov-2-variants/lineage-proposals#537",XBB.1.9.2.5.1.1.2.1
HK.3,"Alias of XBB.1.9.2.5.1.1.3, S:L455F (G22927T), China, from sars-cov-2-variants/lineage-proposals#414",XBB.1.9.2.5.1.1.3
HK.3.1,"Alias of XBB.1.9.2.5.1.1.3.1, S:F157L, China, from #2193",XBB.1.9.2.5.1.1.3.1
HK.3.2,"Alias of XBB.1.9.2.5.1.1.3.2, S:Q14K, C853T, China，from sars-cov-2-variants/lineage-proposals#730",XBB.1.9.2.5.1.1.3.2
HK.3.2.1,"Alias of XBB.1.9.2.5.1.1.3.2.1, S:Q677H, Canada, from #2362",XBB.1.9.2.5.1.1.3.2.1
HK.3.2.2,"Alias of XBB.1.9.2.5.1.1.3.2.2, ORF8:M1L, S:N185D, China/Australia, from sars-cov-2-variants/lineage-proposals#867",XBB.1.9.2.5.1.1.3.2.2
HK.3.3,"Alias of XBB.1.9.2.5.1.1.3.3, S:S256L, N:P364L, China/Singapore, from sars-cov-2-variants/lineage-proposals#744",XBB.1.9.2.5.1.1.3.3
HK.3.4,"Alias of XBB.1.9.2.5.1.1.3.4, S:P809S, from sars-cov-2-variants/lineage-proposals#764",XBB.1.9.2.5.1.1.3.4
HK.3.5,"Alias of XBB.1.9.2.5.1.1.3.5, S:P174S, Singapore, from sars-cov-2-variants/lineage-proposals#865",XBB.1.9.2.5.1.1.3.5
HK.3.6,"Alias of XBB.1.9.2.5.1.1.3.6, S:G181R, China, from sars-cov-2-variants/lineage-proposals#809",XBB.1.9.2.5.1.1.3.6
HK.3.7,"Alias of XBB.1.9.2.5.1.1.3.7, S:V171I, Singapore/China, from sars-cov-2-variants/lineage-proposals#793",XBB.1.9.2.5.1.1.3.7
HK.3.8,"Alias of XBB.1.9.2.5.1.1.3.8, S:E554K, China/Sweden, from #2377",XBB.1.9.2.5.1.1.3.8
HK.3.9,"Alias of XBB.1.9.2.5.1.1.3.9, S:T732I, Australia, from sars-cov-2-variants/lineage-proposals#1092",XBB.1.9.2.5.1.1.3.9
HK.3.10,"Alias of XBB.1.9.2.5.1.1.3.10, S:A1078S, from sars-cov-2-variants/lineage-proposals#1055",XBB.1.9.2.5.1.1.3.10
HK.3.11,"Alias of XBB.1.9.2.5.1.1.3.11, S:F186S, China",XBB.1.9.2.5.1.1.3.11
HK.3.12,"Alias of XBB.1.9.2.5.1.1.3.12, S:A688T, USA, from sars-cov-2-variants/lineage-proposals#886",XBB.1.9.2.5.1.1.3.12
HK.3.13,"Alias of XBB.1.9.2.5.1.1.3.13, S:Q14R, China, from sars-cov-2-variants/lineage-proposals#601",XBB.1.9.2.5.1.1.3.13
HK.3.14,"Alias of XBB.1.9.2.5.1.1.3.14, S:A475V, ORF1b:2378T, England/Australia, from sars-cov-2-variants/lineage-proposals#978",XBB.1.9.2.5.1.1.3.14
HK.4,"Alias of XBB.1.9.2.5.1.1.4, S:T883I, China",XBB.1.9.2.5.1.1.4
HK.5,"Alias of XBB.1.9.2.5.1.1.5, S:Q677H, China",XBB.1.9.2.5.1.1.5
HK.6,"Alias of XBB.1.9.2.5.1.1.6, S:D253G, ORF1a:A1923T, on T14988C branch UK/USA, from #2184",XBB.1.9.2.5.1.1.6
HK.7,"Alias of XBB.1.9.2.5.1.1.7, S:N148T, China",XBB.1.9.2.5.1.1.7
HK.8,"Alias of XBB.1.9.2.5.1.1.8, S:L455F (G22927T), on C11779T branch, China, from #2230",XBB.1.9.2.5.1.1.8
HK.8.1,"Alias of XBB.1.9.2.5.1.1.8.1, S:D1153Y, China, from #2356",XBB.1.9.2.5.1.1.8.1
HK.9,"Alias of XBB.1.9.2.5.1.1.9, S:R190K, on C11779T branch, England, from sars-cov-2-variants/lineage-proposals#564",XBB.1.9.2.5.1.1.9
HK.11,"Alias of XBB.1.9.2.5.1.1.11, S:G184S, China/England/SouthKorea, from #2255",XBB.1.9.2.5.1.1.11
HK.11.1,"Alias of XBB.1.9.2.5.1.1.11.1, S:L455F (G22927T), from sars-cov-2-variants/lineage-proposals#537",XBB.1.9.2.5.1.1.11.1
HK.12,"Alias of XBB.1.9.2.5.1.1.12, S:K356T, China/Singapore",XBB.1.9.2.5.1.1.12
HK.13,"Alias of XBB.1.9.2.5.1.1.13, S:L455F (G22927C), China, from sars-cov-2-variants/lineage-proposals#537",XBB.1.9.2.5.1.1.13
HK.13.1,"Alias of XBB.1.9.2.5.1.1.13.1, C13378T, A24604G",XBB.1.9.2.5.1.1.13.1
HK.13.2,"Alias of XBB.1.9.2.5.1.1.13.2, S:F797L, S:D1153H, from sars-cov-2-variants/lineage-proposals#943",XBB.1.9.2.5.1.1.13.2
HK.13.2.1,"Alias of XBB.1.9.2.5.1.1.13.2.1, S:T250I, N:T379I, Greece, from #2480",XBB.1.9.2.5.1.1.13.2.1
HK.14,"Alias of XBB.1.9.2.5.1.1.14, S:L455F (G22927C), on C11779T branch, China, from sars-cov-2-variants/lineage-proposals#537",XBB.1.9.2.5.1.1.14
HK.15,"Alias of XBB.1.9.2.5.1.1.15, S:A262T, on C11779T branch, from sars-cov-2-variants/lineage-proposals#588",XBB.1.9.2.5.1.1.15
HK.16,"Alias of XBB.1.9.2.5.1.1.16, N:P67S, S:A684V, S:V1264L(G25352T), from sars-cov-2-variants/lineage-proposals#841",XBB.1.9.2.5.1.1.16
HK.17,"Alias of XBB.1.9.2.5.1.1.17, S:S494P, China",XBB.1.9.2.5.1.1.17
HK.18,"Alias of XBB.1.9.2.5.1.1.18, S:L452R, from sars-cov-2-variants/lineage-proposals#800",XBB.1.9.2.5.1.1.18
HK.19,"Alias of XBB.1.9.2.5.1.1.19, S:F157L",XBB.1.9.2.5.1.1.19
HK.20,"Alias of XBB.1.9.2.5.1.1.20, S:L455F (G22927T), on ORF1a:P2144S branch, China, from sars-cov-2-variants/lineage-proposals#537",XBB.1.9.2.5.1.1.20
HK.20.1,"Alias of XBB.1.9.2.5.1.1.20.1, S:G482R, from sars-cov-2-variants/lineage-proposals#537",XBB.1.9.2.5.1.1.20.1
HK.21,"Alias of XBB.1.9.2.5.1.1.21, S:T470N, S:796H, from #2367",XBB.1.9.2.5.1.1.21
HK.22,"Alias of XBB.1.9.2.5.1.1.22, S:L452Q, S:L455F (G22927T), Australia/China, from #2357",XBB.1.9.2.5.1.1.22
HK.23,"Alias of XBB.1.9.2.5.1.1.23, ORF8:A65V",XBB.1.9.2.5.1.1.23
HK.23.1,"Alias of XBB.1.9.2.5.1.1.23.1, S:L455F (G22927T), ORF1a:T2906N, from sars-cov-2-variants/lineage-proposals#537",XBB.1.9.2.5.1.1.23.1
HK.23.1.1,"Alias of XBB.1.9.2.5.1.1.23.1.1, S:A348S, China/Canada, from sars-cov-2-variants/lineage-proposals#537",XBB.1.9.2.5.1.1.23.1.1
HK.24,"Alias of XBB.1.9.2.5.1.1.24, S:E654K",XBB.1.9.2.5.1.1.24
HK.24.1,"Alias of XBB.1.9.2.5.1.1.24.1, S:L455F (G22927T), Australia, from sars-cov-2-variants/lineage-proposals#537",XBB.1.9.2.5.1.1.24.1
HK.25,"Alias of XBB.1.9.2.5.1.1.25, S:K356T, S:H681R, N:P365L, and 10 more nucs, Germany/Austria/France/US, from #2327 and sars-cov-2-variants/lineage-proposals#986",XBB.1.9.2.5.1.1.25
HK.26,"Alias of XBB.1.9.2.5.1.1.26, S:L455F (G22927T), ORF3a:L52I, on 14988C branch, Finland, from sars-cov-2-variants/lineage-proposals#763",XBB.1.9.2.5.1.1.26
HK.26.1,"Alias of XBB.1.9.2.5.1.1.26.1, S:A475V, Finland, formerly HK.3.11, from sars-cov-2-variants/lineage-proposals#763",XBB.1.9.2.5.1.1.26.1
HK.27,"Alias of XBB.1.9.2.5.1.1.27, ORF1a:T1589I, China",XBB.1.9.2.5.1.1.27
HK.27.1,"Alias of XBB.1.9.2.5.1.1.27.1, S:L455F (G22927T), China, from sars-cov-2-variants/lineage-proposals#525",XBB.1.9.2.5.1.1.27.1
HK.27.1.1,"Alias of XBB.1.9.2.5.1.1.27.1.1, S:Q14H, China",XBB.1.9.2.5.1.1.27.1.1
HK.28,"Alias of XBB.1.9.2.5.1.1.28, C19170T, China",XBB.1.9.2.5.1.1.28
HK.29,"Alias of XBB.1.9.2.5.1.1.29, ORF1a:G2509D, North America",XBB.1.9.2.5.1.1.29
HK.30,"Alias of XBB.1.9.2.5.1.1.30, T26609C, China",XBB.1.9.2.5.1.1.30
HK.31,"Alias of XBB.1.9.2.5.1.1.31, ORF1a:G604S",XBB.1.9.2.5.1.1.31
HK.32,"Alias of XBB.1.9.2.5.1.1.32, S:Q14R, ORF1a:S2193F, China, from sars-cov-2-variants/lineage-proposals#601",XBB.1.9.2.5.1.1.32
HK.33,"Alias of XBB.1.9.2.5.1.1.33, S:L455F (G22927T) on C2644T branch, North America, from sars-cov-2-variants/lineage-proposals#537",XBB.1.9.2.5.1.1.33
HK.34,"Alias of XBB.1.9.2.5.1.1.34, S:F186S, ORF1a:V3660M, on C2644T branch, Singapore, from sars-cov-2-variants/lineage-proposals#905",XBB.1.9.2.5.1.1.34
HK.34.1,"Alias of XBB.1.9.2.5.1.1.34.1, S:K356T, Singapore, from sars-cov-2-variants/lineage-proposals#1048",XBB.1.9.2.5.1.1.34.1
EG.5.1.2,"Alias of XBB.1.9.2.5.1.2, Japan, ORF1b:V1644I, from sars-cov-2-variants/lineage-proposals#301",XBB.1.9.2.5.1.2
EG.5.1.3,"Alias of XBB.1.9.2.5.1.3, ORF1a:R542C, C22570T, from sars-cov-2-variants/lineage-proposals#222",XBB.1.9.2.5.1.3
JG.1,"Alias of XBB.1.9.2.5.1.3.1, S:T732I, France, from #2218",XBB.1.9.2.5.1.3.1
JG.2,"Alias of XBB.1.9.2.5.1.3.2, S:G75V, Europe, from #2249",XBB.1.9.2.5.1.3.2
JG.3,"Alias of XBB.1.9.2.5.1.3.3, S:L455F (G22927T), S:S704L, Europe, from #2231",XBB.1.9.2.5.1.3.3
JG.3.1,"Alias of XBB.1.9.2.5.1.3.3.1, S:T307I, from sars-cov-2-variants/lineage-proposals#829",XBB.1.9.2.5.1.3.3.1
JG.3.2,"Alias of XBB.1.9.2.5.1.3.3.2, S:N450D, Canada, from #2376",XBB.1.9.2.5.1.3.3.2
JG.3.3,"Alias of XBB.1.9.2.5.1.3.3.3, S:A83S, Belgium, from #2363",XBB.1.9.2.5.1.3.3.3
JG.3.4,"Alias of XBB.1.9.2.5.1.3.3.4, S:478R, USA, from sars-cov-2-variants/lineage-proposals#1081",XBB.1.9.2.5.1.3.3.4
JG.4,"Alias of XBB.1.9.2.5.1.3.4, C1684T, Europe",XBB.1.9.2.5.1.3.4
EG.5.1.4,"Alias of XBB.1.9.2.5.1.4, ORF1b:K2557R, from #2117",XBB.1.9.2.5.1.4
JJ.1,"Alias of XBB.1.9.2.5.1.4.1, S:L455F (G22927T), ORF3a:I47V, China/Japan, from #2208",XBB.1.9.2.5.1.4.1
EG.5.1.5,"Alias of XBB.1.9.2.5.1.5, ORF1a:L3293I, ORF1b:T1274I, ORF1b:L2349V, Portugal",XBB.1.9.2.5.1.5
EG.5.1.6,"Alias of XBB.1.9.2.5.1.6, S:F157L, ORF1a:S1857L, USA, from sars-cov-2-variants/lineage-proposals#394",XBB.1.9.2.5.1.6
HV.1,"Alias of XBB.1.9.2.5.1.6.1, S:L452R, USA",XBB.1.9.2.5.1.6.1
HV.1.1,"Alias of XBB.1.9.2.5.1.6.1.1, S:K444T, on ORF1a:T4083M branch, USA, from sars-cov-2-variants/lineage-proposals#866",XBB.1.9.2.5.1.6.1.1
HV.1.2,"Alias of XBB.1.9.2.5.1.6.1.2, S:S514F, on ORF1a:T4083M branch, USA, from sars-cov-2-variants/lineage-proposals#957",XBB.1.9.2.5.1.6.1.2
HV.1.3,"Alias of XBB.1.9.2.5.1.6.1.3, S:493L, USA, from sars-cov-2-variants/lineage-proposals#924",XBB.1.9.2.5.1.6.1.3
HV.1.4,"Alias of XBB.1.9.2.5.1.6.1.4, S:A1078S, USA, from sars-cov-2-variants/lineage-proposals#957",XBB.1.9.2.5.1.6.1.4
HV.1.5,"Alias of XBB.1.9.2.5.1.6.1.5, S:L1265F, USA/Canada, from sars-cov-2-variants/lineage-proposals#957",XBB.1.9.2.5.1.6.1.5
HV.1.6,"Alias of XBB.1.9.2.5.1.6.1.6, ORF1a:T1794I, ORF1a:P2018S, Canada/USA",XBB.1.9.2.5.1.6.1.6
HV.1.6.1,"Alias of XBB.1.9.2.5.1.6.1.6.1, S:S704L, Canada, from sars-cov-2-variants/lineage-proposals#957",XBB.1.9.2.5.1.6.1.6.1
KL.1,"Alias of XBB.1.9.2.5.1.6.1.6.1.1, S:K444N, Canada, from sars-cov-2-variants/lineage-proposals#1174",XBB.1.9.2.5.1.6.1.6.1.1
KL.1.1,"Alias of XBB.1.9.2.5.1.6.1.6.1.1.1, S:H1101Y, Canada",XBB.1.9.2.5.1.6.1.6.1.1.1
HV.1.7,"Alias of XBB.1.9.2.5.1.6.1.7, S:S221L, Canada, from sars-cov-2-variants/lineage-proposals#957",XBB.1.9.2.5.1.6.1.7
HV.1.8,"Alias of XBB.1.9.2.5.1.6.1.8, S:T208M, USA, from #2432",XBB.1.9.2.5.1.6.1.8
HV.1.9,"Alias of XBB.1.9.2.5.1.6.1.9, S:N211I, S:T1117I, New Zealand, from sars-cov-2-variants/lineage-proposals#957",XBB.1.9.2.5.1.6.1.9
HV.1.10,"Alias of XBB.1.9.2.5.1.6.1.10, S:R452W, USA, from sars-cov-2-variants/lineage-proposals#1044",XBB.1.9.2.5.1.6.1.10
HV.1.11,"Alias of XBB.1.9.2.5.1.6.1.11, S:N450D, USA",XBB.1.9.2.5.1.6.1.11
HV.2,"Alias of XBB.1.9.2.5.1.6.2, S:L455F (G22927T), Canada, from sars-cov-2-variants/lineage-proposals#537",XBB.1.9.2.5.1.6.2
EG.5.1.7,"Alias of XBB.1.9.2.5.1.7, S:K278N",XBB.1.9.2.5.1.7
EG.5.1.8,"Alias of XBB.1.9.2.5.1.8, S:L455F (G22927T), China, on C29762T branch, from sars-cov-2-variants/lineage-proposals#537",XBB.1.9.2.5.1.8
KB.1,"Alias of XBB.1.9.2.5.1.8.1, S:E654V, China, from #2347",XBB.1.9.2.5.1.8.1
KB.2,"Alias of XBB.1.9.2.5.1.8.2, S:R214H",XBB.1.9.2.5.1.8.2
KB.3,"Alias of XBB.1.9.2.5.1.8.2, S:A83T, from sars-cov-2-variants/lineage-proposals#1052",XBB.1.9.2.5.1.8.3
KB.4,"Alias of XBB.1.9.2.5.1.8.2, S:T95I, from sars-cov-2-variants/lineage-proposals#891",XBB.1.9.2.5.1.8.4
EG.5.1.9,"Alias of XBB.1.9.2.5.1.9, S:L176F (on ORF1a:D982G branch)",XBB.1.9.2.5.1.9
EG.5.1.10,"Alias of XBB.1.9.2.5.1.10, ORF1a:I3758V, Portugal/Spain",XBB.1.9.2.5.1.10
EG.5.1.11,"Alias of XBB.1.9.2.5.1.11, S:K182Q, Indonesia",XBB.1.9.2.5.1.11
JR.1,"Alias of XBB.1.9.2.5.1.11.1, S:478R, ORF3a:Y91C, Indonesia",XBB.1.9.2.5.1.11.1
JR.1.1,"Alias of XBB.1.9.2.5.1.11.1.1, S:L455F (G22927C), from sars-cov-2-variants/lineage-proposals#537",XBB.1.9.2.5.1.11.1.1
JR.1.1.1,"Alias of XBB.1.9.2.5.1.11.1.1.1, S:K356Q, Thailand, from sars-cov-2-variants/lineage-proposals#1015",XBB.1.9.2.5.1.11.1.1.1
EG.5.1.12,"Alias of XBB.1.9.2.5.1.12, T26972C, C28909T",XBB.1.9.2.5.1.12
EG.5.1.13,"Alias of XBB.1.9.2.5.1.13, C12439T",XBB.1.9.2.5.1.13
EG.5.1.14,"Alias of XBB.1.9.2.5.1.14, C16017T, C19524T",XBB.1.9.2.5.1.14
EG.5.1.15,"Alias of XBB.1.9.2.5.1.15, ORF1a:T753I",XBB.1.9.2.5.1.15
EG.5.1.16,"Alias of XBB.1.9.2.5.1.16, ORF1b:A2431V, from sars-cov-2-variants/lineage-proposals#899",XBB.1.9.2.5.1.16
EG.5.1.17,"Alias of XBB.1.9.2.5.1.17, S:L455F (G22927C), China, from sars-cov-2-variants/lineage-proposals#537",XBB.1.9.2.5.1.17
EG.5.1.18,"Alias of XBB.1.9.2.5.1.18, ORF1a:G3002S, ORF3a:S220I",XBB.1.9.2.5.1.18
EG.5.1.19,"Alias of XBB.1.9.2.5.1.19, S:L455F (G22927T), ORF1b:K1383R, ORF3a:M260K, from sars-cov-2-variants/lineage-proposals#537",XBB.1.9.2.5.1.19
EG.5.2,"Alias of XBB.1.9.2.5.2, N:L161F",XBB.1.9.2.5.2
EG.5.2.1,"Alias of XBB.1.9.2.5.2.1, S:S704L, USA, from sars-cov-2-variants/lineage-proposals#189",XBB.1.9.2.5.2.1
EG.5.2.2,"Alias of XBB.1.9.2.5.2.2, ORF1b:T239I, China",XBB.1.9.2.5.2.2
EG.5.2.3,"Alias of XBB.1.9.2.5.2.3, S:S704L, S:N1178D, Austria/USA, from sars-cov-2-variants/lineage-proposals#353",XBB.1.9.2.5.2.3
EG.5.2.4,"Alias of XBB.1.9.2.5.2.4, S:K679R, on ORF3a:I118V branch, from sars-cov-2-variants/lineage-proposals#770",XBB.1.9.2.5.2.4
EG.6,"Alias of XBB.1.9.2.6, C1684T, Israel",XBB.1.9.2.6
EG.6.1,"Alias of XBB.1.9.2.6.1, S:F456L (T22928C), Israel/Japan/Canada, from #1950",XBB.1.9.2.6.1
EG.6.1.1,"Alias of XBB.1.9.2.6.1.1, S:484K, S:L242I, from sars-cov-2-variants/lineage-proposals#546",XBB.1.9.2.6.1.1
EG.6.1.2,"Alias of XBB.1.9.2.6.1.2, S:V705I, Israel, from sars-cov-2-variants/lineage-proposals#826",XBB.1.9.2.6.1.2
EG.7,"Alias of XBB.1.9.2.7, S:R403K, S:L513F, ORF1a:N2531S, Germany/England, from sars-cov-2-variants/lineage-proposals#56",XBB.1.9.2.7
EG.8,"Alias of XBB.1.9.2.8, ORF1a:S2303F, Europe",XBB.1.9.2.8
EG.9,"Alias of XBB.1.9.2.9, S:403K, ORF1a:T1474I, ORF1b:N969S, from sars-cov-2-variants/lineage-proposals#280",XBB.1.9.2.9
EG.9.1,"Alias of XBB.1.9.2.9.1, S:A344T, C13767T, from sars-cov-2-variants/lineage-proposals#57",XBB.1.9.2.9.1
EG.10,"Alias of XBB.1.9.2.10, S:A344T, S:R403K, Germany/Austria, from sars-cov-2-variants/lineage-proposals#346",XBB.1.9.2.10
EG.10.1,"Alias of XBB.1.9.2.10.1, S:S494P, S:A701V, from sars-cov-2-variants/lineage-proposals#346",XBB.1.9.2.10.1
EG.10.1.1,"Alias of XBB.1.9.2.10.1.1, ORF1a:V2703L, ORF1a:V3683I, ORF1b:P1570S",XBB.1.9.2.10.1.1
EG.11,"Alias of XBB.1.9.2.11, S:E554K, A26319G, Malaysia, from sars-cov-2-variants/lineage-proposals#523",XBB.1.9.2.11
EG.12,"Alias of XBB.1.9.2.12, S:E554K, N:R195T, ORF1a:T4159I, Oman/Austria/Brunei/India",XBB.1.9.2.12
EG.13,"Alias of XBB.1.9.2.13, ORF1a:K798N",XBB.1.9.2.13
EG.14,"Alias of XBB.1.9.2.14, ORF1b:K1383R, from #2274",XBB.1.9.2.14
XBB.1.9.3,"ORF1b:G2005S, ORF1b:G1568C, Europe, from jmcbroome/auto-pango-designation#193",XBB.1.9.3
GD.1,"Alias of XBB.1.9.3.1, S:Y453F, Mexico/USA, from #1897",XBB.1.9.3.1
GD.2,"Alias of XBB.1.9.3.2, S:L212S, Philippines",XBB.1.9.3.2
GD.3,"Alias of XBB.1.9.3.3, S:F59L, Russia",XBB.1.9.3.3
XBB.1.9.4,"28603T, Europe",XBB.1.9.4
XBB.1.9.5,"ORF1a:D629E, Russia",XBB.1.9.5
XBB.1.9.6,"S:403K, S:570T, Indonesia",XBB.1.9.6
XBB.1.9.7,"S:486P, S:478R, ORF1a:P1018T, Indonesia",XBB.1.9.7
XBB.1.10,"USA/Japan, S:A852V, S:R403K, pre ORF8:8*",XBB.1.10
XBB.1.11,"Indonesia/Malaysia/Singapore/USA, C13968A and G16377A, from #1490",XBB.1.11
XBB.1.11.1,"Indonesia/Malaysia/Singapore, S:S486P, from #1490",XBB.1.11.1
FP.1,"Alias of XBB.1.11.1.1, A6616G, C21642T, following ORF1a:T2016I, Singapore, from #1847",XBB.1.11.1.1
FP.2,"Alias of XBB.1.11.1.2, S:F186S, ORF1a:V3078I, Indonesia/Malaysia/Singapore, from sars-cov-2-variants/lineage-proposals#31",XBB.1.11.1.2
FP.2.1,"Alias of XBB.1.11.1.2.1, S:478R, ORF1a:I693T, ORF1a:T951A, ORF3a:W149C, Indonesia, from #2012",XBB.1.11.1.2.1
FP.2.1.1,"Alias of XBB.1.11.1.2.1.1, S:L452Q, USA/Austria, from sars-cov-2-variants/lineage-proposals#329",XBB.1.11.1.2.1.1
FP.2.1.2,"Alias of XBB.1.11.1.2.1.2, S:P521S, Indonesia",XBB.1.11.1.2.1.2
FP.3,"Alias of XBB.1.11.1.3, S:478R, Indonesia/Malaysia, from #2021",XBB.1.11.1.3
FP.4,"Alias of XBB.1.11.1.4, C3241T, C2536T, Vietnam/South Korea/Japan",XBB.1.11.1.4
XBB.1.12,"Spain/Sweden/Germany, S:Y453F, ORF1a:S216F, ORF1a:A2832V",XBB.1.12
XBB.1.12.1,"S:Q613H, S:E1202Q, Argentina/Chile/Spain, from sars-cov-2-variants/lineage-proposals#336",XBB.1.12.1
XBB.1.13,"S:S490P, from #1487",XBB.1.13
XBB.1.13.1,"S:Q564E, S:N856K, Czechia",XBB.1.13.1
XBB.1.14,"S:G75V, S:E554K",XBB.1.14
XBB.1.14.1,"S:N148T, N:A211S, Russia",XBB.1.14.1
XBB.1.15,"ORF1a:A540V on ORF8:G8* polytomy, Colombia, USA, Guatemala, and Mexico. Automatically inferred by https://github.com/jmcbroome/autolin.",XBB.1.15
XBB.1.15.1,"S:486P, A19464G, C9803T, Brazil/Chile/USA",XBB.1.15.1
XBB.1.16,"Defined by S:E180V, S:478R, found in India, USA, Singapore, and Europe, from #1723",XBB.1.16
XBB.1.16.1,"Defined by S:T547I, from #1772",XBB.1.16.1
FU.1,"Alias of XBB.1.16.1.1, T3802C",XBB.1.16.1.1
FU.1.1,"Alias of XBB.1.16.1.1.1, S:K1266R",XBB.1.16.1.1.1
FU.1.1.1,"Alias of XBB.1.16.1.1.1.1, S:N74S, USA",XBB.1.16.1.1.1.1
FU.2,"Alias of XBB.1.16.1.2, C8692T",XBB.1.16.1.2
FU.2.1,"Alias of XBB.1.16.1.2.1, S:E619Q, Vietnam",XBB.1.16.1.2.1
FU.3,"Alias of XBB.1.16.1.3, C11665T, India-RJ",XBB.1.16.1.3
FU.3.1,"Alias of XBB.1.16.1.3.1, S:G184S",XBB.1.16.1.3.1
FU.4,"Alias of XBB.1.16.1.4, S:Y453F, T29410C, from #1832",XBB.1.16.1.4
FU.5,"Alias of XBB.1.16.1.5, S:K97E, ORF1a:R542C, Bangladesh, from #2137",XBB.1.16.1.5
XBB.1.16.2,"Defined by ORF3a:V13L, ORF1a:P926H, India, from #1802",XBB.1.16.2
GY.1,"Alias of XBB.1.16.2.1, S:L84I, ORF1a:A4068S, China, from #2066",XBB.1.16.2.1
GY.1.1,"Alias of XBB.1.16.2.1.1, S:L455F (G22927T), S:F456L (T22928C), China, from sars-cov-2-variants/lineage-proposals#804",XBB.1.16.2.1.1
GY.1.1.1,"Alias of XBB.1.16.2.1.1.1, S:A475V, Thailand, from sars-cov-2-variants/lineage-proposals#804",XBB.1.16.2.1.1.1
GY.2,"Alias of XBB.1.16.2.2, S:T883I",XBB.1.16.2.2
GY.2.1,"Alias of XBB.1.16.2.2.1, S:S255F, South Korea",XBB.1.16.2.2.1
GY.3,"Alias of XBB.1.16.2.3, S:M177I, Thailand",XBB.1.16.2.3
GY.4,"Alias of XBB.1.16.2.4, S:N450K, C29095T, Laos, from sars-cov-2-variants/lineage-proposals#345",XBB.1.16.2.4
GY.5,"Alias of XBB.1.16.2.5, G9190C",XBB.1.16.2.5
GY.6,"Alias of XBB.1.16.2.6, ORF1a:V1765I, from sars-cov-2-variants/lineage-proposals#308",XBB.1.16.2.6
GY.7,"Alias of XBB.1.16.2.7, ORF1a:G3617C, G5515T, Thailand/Laos",XBB.1.16.2.7
GY.8,"Alias of XBB.1.16.2.8, S:F456L (T22928C), C25452T, Japan, from #2148",XBB.1.16.2.8
GY.9,"Alias of XBB.1.16.2.9, S:F186S, Europe",XBB.1.16.2.9
XBB.1.16.3,"Defined by A2893C, India",XBB.1.16.3
XBB.1.16.4,"Defined by S:T678I, India, from #1903",XBB.1.16.4
XBB.1.16.5,"Defined by T9991C,C16332T, India, from #1983",XBB.1.16.5
XBB.1.16.6,"S:F456L (T22930A), A12397G, USA/Canada/China/Malaysia",XBB.1.16.6
JF.1,"Alias of XBB.1.16.6.1, S:L455F (G22927T), USA, from #2207",XBB.1.16.6.1
JF.1.1,"Alias of XBB.1.16.6.1.1, ORF1a:S2030L",XBB.1.16.6.1.1
JF.1.1.1,"Alias of XBB.1.16.6.1.1.1, S:A475V, ORF1a:P2005S, Canada, from sars-cov-2-variants/lineage-proposals#643",XBB.1.16.6.1.1.1
JF.1.1.2,"Alias of XBB.1.16.6.1.1.2, S:V1264L(G25352T)",XBB.1.16.6.1.1.2
JF.2,"Alias of XBB.1.16.6.2, S:Q675H, USA/Wales, from sars-cov-2-variants/lineage-proposals#457",XBB.1.16.6.2
JF.3,"Alias of XBB.1.16.6.3, S:Q14H, S:L455F (G22927T), S:S810L, USA/Australia, from sars-cov-2-variants/lineage-proposals#976",XBB.1.16.6.3
JF.4,"Alias of XBB.1.16.6.4, ORF1a:S212L, ORF8:A15V",XBB.1.16.6.4
XBB.1.16.7,"S:T732I after T12214C, Singapore/Japan/SouthKorea",XBB.1.16.7
XBB.1.16.8,"S:T732I after C28531T, India/USA/China/Australia",XBB.1.16.8
XBB.1.16.9,"S:F456L (T22930G), ORF1a:S2500F, Canada/Sweden/SouthKorea/USA",XBB.1.16.9
XBB.1.16.10,"N:G25D, from #1984",XBB.1.16.10
XBB.1.16.11,"S:P521T, India",XBB.1.16.11
XBB.1.16.12,"S:Q52H, South Korea",XBB.1.16.12
XBB.1.16.13,"ORF1a:G519S, ORF1a:G1101D, India",XBB.1.16.13
HF.1,"Alias of XBB.1.16.13.1, S:K304N, South Korea/Japan, from #2083",XBB.1.16.13.1
HF.1.1,"Alias of XBB.1.16.13.1.1, S:H1101Y, on N:A35T branch, South Korea/USA/Canada, from sars-cov-2-variants/lineage-proposals#521",XBB.1.16.13.1.1
HF.1.2,"Alias of XBB.1.16.13.1.2, S:A688V, on ORF1a:P1158S branch, USA",XBB.1.16.13.1.2
XBB.1.16.14,"S:L452Q, after A11782G, India/France/Canada, from sars-cov-2-variants/lineage-proposals#329",XBB.1.16.14
XBB.1.16.15,"S:K147N, S:P521S, T10756C, T14067C, on C27513T branch, from #2092",XBB.1.16.15
JM.1,"Alias of XBB.1.16.15.1, S:Q52H, England/Wales, from sars-cov-2-variants/lineage-proposals#569",XBB.1.16.15.1
JM.2,"Alias of XBB.1.16.15.2, S:R78S, Europe/North America",XBB.1.16.15.2
XBB.1.16.16,"S:Q613H, S:S412N, India-GJ/USA/Pakistan, from sars-cov-2-variants/lineage-proposals#54",XBB.1.16.16
XBB.1.16.17,"S:E554K, mainly in NZ, from sars-cov-2-variants/lineage-proposals#354",XBB.1.16.17
XBB.1.16.18,"ORF7a:T39I, from sars-cov-2-variants/lineage-proposals#276",XBB.1.16.18
XBB.1.16.19,ORF1b:V839I,XBB.1.16.19
XBB.1.16.20,ORF7b:S31L,XBB.1.16.20
XBB.1.16.21,ORF1a:V4072I,XBB.1.16.21
XBB.1.16.22,"ORF3a:E242Q, from #1893",XBB.1.16.22
XBB.1.16.23,"S:K304Q, India/USA/Japan/Singapore, from #2187",XBB.1.16.23
XBB.1.16.24,"S:K182E, S:V551I, S:E554K, on A25410G branch, India, from #2223",XBB.1.16.24
XBB.1.16.25,"ORF1a:K510E, C16611T, A29221G",XBB.1.16.25
XBB.1.16.26,"S:L455F (G22927T), S:F456L (T22928C), China, from sars-cov-2-variants/lineage-proposals#685",XBB.1.16.26
XBB.1.16.27,"S:F456L (T22928C), S:E554K, ORF1a:A3889T, France, from #2345",XBB.1.16.27
XBB.1.16.28,"S:V1230A, S:Q613H, S:Q675K, Russia, from sars-cov-2-variants/lineage-proposals#1000",XBB.1.16.28
XBB.1.16.29,"S:T883I, on C7765T branch, TrinidadTobago, from sars-cov-2-variants/lineage-proposals#524",XBB.1.16.29
XBB.1.16.30,"S:E554Q, on C7765T branch, USA/Germany, from sars-cov-2-variants/lineage-proposals#554",XBB.1.16.30
XBB.1.16.31,"T9004C, on C7765T branch",XBB.1.16.31
XBB.1.16.32,"S:S490P, South Africa/USA",XBB.1.16.32
KJ.1,"Alias of XBB.1.16.32.1, S:T573I, ORF1a:P1659L, South Africa",XBB.1.16.32.1
XBB.1.17,"Defined by T27995C and ORF1a:L469F, from #1712",XBB.1.17
XBB.1.17.1,"Defined by S:215H, S:S486P, from #1712",XBB.1.17.1
GA.1,"Alias of XBB.1.17.1.1, ORF1a:G728C",XBB.1.17.1.1
GA.2,"Alias of XBB.1.17.1.2, ORF3a:I179F, T6640C, Africa",XBB.1.17.1.2
GA.2.1,"Alias of XBB.1.17.1.2.1, S:E554K",XBB.1.17.1.2.1
GA.2.1.1,"Alias of XBB.1.17.1.2.1.1, S:N450D, S:K478R",XBB.1.17.1.2.1.1
GA.3,"Alias of XBB.1.17.1.3, ORF1b:A186V, Ghana",XBB.1.17.1.3
GA.4,"Alias of XBB.1.17.1.4, S:K356T, ORF1a:N1080D, ORF1a:S2553F, Nigeria, from sars-cov-2-variants/lineage-proposals#265",XBB.1.17.1.4
GA.4.1,"Alias of XBB.1.17.1.4.1, S:K478R, S:S704L, S:E554K, USA/Qatar, from sars-cov-2-variants/lineage-proposals#661",XBB.1.17.1.4.1
GA.4.1.1,"Alias of XBB.1.17.1.4.1.1, S:Q675H",XBB.1.17.1.4.1.1
GA.4.1.2,"Alias of XBB.1.17.1.4.1.2, S:T572I, England",XBB.1.17.1.4.1.2
GA.4.1.3,"Alias of XBB.1.17.1.4.1.3, S:185insLAG, S:F186D, N:K370N, ORF1a:V1339I, from sars-cov-2-variants/lineage-proposals#968",XBB.1.17.1.4.1.3
GA.4.2,"Alias of XBB.1.17.1.4.2, S:K558N, S:G1124S, England/Italy",XBB.1.17.1.4.2
GA.4.3,"Alias of XBB.1.17.1.4.3, S:F186L, S:L585F, Greece/Romania, from sars-cov-2-variants/lineage-proposals#908",XBB.1.17.1.4.3
GA.5,"Alias of XBB.1.17.1.5, T23797C",XBB.1.17.1.5
GA.6,"Alias of XBB.1.17.1.6, ORF1a:I2138V, G8785A, Ghana",XBB.1.17.1.6
GA.6.1,"Alias of XBB.1.17.1.6.1, S:478R, A19767G, C29642T",XBB.1.17.1.6.1
GA.7,"Alias of XBB.1.17.1.7, ORF1a:T1429I, Cote d'Ivoire",XBB.1.17.1.7
GA.7.1,"Alias of XBB.1.17.1.7.1, S:P521S, S:N148T, S:S494P, S:Q218R, from sars-cov-2-variants/lineage-proposals#755",XBB.1.17.1.7.1
GA.7.2,"Alias of XBB.1.17.1.7.2, S:H245Y",XBB.1.17.1.7.2
GA.8,"Alias of XBB.1.17.1.8, C3619T, C27389T, Congo",XBB.1.17.1.8
GA.8.1,"Alias of XBB.1.17.1.8.1, S:K182E, S:S494P, S:E554K, France/Belgium",XBB.1.17.1.8.1
GA.9,"Alias of XBB.1.17.1.9, ORF3a:K67N,T7534C,C29719A",XBB.1.17.1.9
GA.10,"Alias of XBB.1.17.1.10, ORF1a:V4520I, Mali",XBB.1.17.1.10
GA.10.1,"Alias of XBB.1.17.1.10.1, S:L455F (G22927T), S:F456L (T22928C), S:K478R, ORF1a:A776V, ORF1a:F1214S, ORF1b:K1947R, from sars-cov-2-variants/lineage-proposals#919",XBB.1.17.1.10.1
XBB.1.17.2,"Defined by ORF1a:A698S, Russia, from #1712",XBB.1.17.2
XBB.1.18,"Defined by A8001G, Brazil",XBB.1.18
XBB.1.18.1,"Defined by S:F486P, Brazil",XBB.1.18.1
FE.1,"Alias of XBB.1.18.1.1, S:F456L (T22928C), Brazil/Chile",XBB.1.18.1.1
FE.1.1,"Alias of XBB.1.18.1.1.1, ORF8:S67F, T4579A",XBB.1.18.1.1.1
FE.1.1.1,"Alias of XBB.1.18.1.1.1.1, ORF1a:T999I, North America",XBB.1.18.1.1.1.1
HE.1,"Alias of XBB.1.18.1.1.1.1.1, S:V622I, ORF8:A55V, USA/Puerto Rico, from #2067",XBB.1.18.1.1.1.1.1
HE.2,"Alias of XBB.1.18.1.1.1.1.2, S:H1058Y, USA",XBB.1.18.1.1.1.1.2
FE.1.1.2,"Alias of XBB.1.18.1.1.1.2, S:K1086R, Brazil/USA",XBB.1.18.1.1.1.2
FE.1.1.3,"Alias of XBB.1.18.1.1.1.3, A24775G, on G28371T (N:G33V, ORF9b:V30L) branch, China",XBB.1.18.1.1.1.3
FE.1.1.4,"Alias of XBB.1.18.1.1.1.4, A4336G, T24073C, Brazil",XBB.1.18.1.1.1.4
FE.1.1.5,"Alias of XBB.1.18.1.1.1.5, S:E554K, Brazil, from sars-cov-2-variants/lineage-proposals#556",XBB.1.18.1.1.1.5
FE.1.2,"Alias of XBB.1.18.1.1.2, A5488G",XBB.1.18.1.1.2
XBB.1.19,"Defined by S:486P, A10042G, T21363C, on C541T, pre ORF8:8* branch, Pakistan, from #1680",XBB.1.19
XBB.1.19.1,"Defined by S:E554K, Pakistan, from #1765",XBB.1.19.1
GW.1,"Alias of XBB.1.19.1.1, ORF1a:D264N, N:M322V, China, from sars-cov-2-variants/lineage-proposals#157",XBB.1.19.1.1
GW.1.1,"Alias of XBB.1.19.1.1.1, S:F456L (T22928C), China/Japan/Singapore, from sars-cov-2-variants/lineage-proposals#355",XBB.1.19.1.1.1
GW.2,"Alias of XBB.1.19.1.2, S:D936G, USA",XBB.1.19.1.2
GW.3,"Alias of XBB.1.19.1.3, ORF1a:S100N, ORF1a:N3537S",XBB.1.19.1.3
GW.4,"Alias of XBB.1.19.1.4, ORF1a:M3280I",XBB.1.19.1.4
GW.5,"Alias of XBB.1.19.1.5, S:L455F (G22927T), S:F456L (T22928C), S:K478I, Pakistan, from #2142",XBB.1.19.1.5
GW.5.1,"Alias of XBB.1.19.1.5.1, ORF3a:W149C, Pakistan",XBB.1.19.1.5.1
GW.5.1.1,"Alias of XBB.1.19.1.5.1.1, S:A475V, S:F79S, Pakistan, from #2277",XBB.1.19.1.5.1.1
KE.1,"Alias of XBB.1.19.1.5.1.1.1, S:F186S, England/Wales",XBB.1.19.1.5.1.1.1
KE.2,"Alias of XBB.1.19.1.5.1.1.2, S:S704L, UK, from sars-cov-2-variants/lineage-proposals#945",XBB.1.19.1.5.1.1.2
KE.3,"Alias of XBB.1.19.1.5.1.1.3, ORF1a:L3641S, ORF1a:T5131I, ORF7a:M1K, UK",XBB.1.19.1.5.1.1.3
GW.5.2,"Alias of XBB.1.19.1.5.2, N:T379I",XBB.1.19.1.5.2
GW.5.3,"Alias of XBB.1.19.1.5.3, T20310C, C28519T, from sars-cov-2-variants/lineage-proposals#815",XBB.1.19.1.5.3
GW.5.3.1,"Alias of XBB.1.19.1.5.3.1, S:A475V, S:G184A, from sars-cov-2-variants/lineage-proposals#815",XBB.1.19.1.5.3.1
XBB.1.19.2,"Defined by S:P521S, Pakistan, from sars-cov-2-variants/lineage-proposals#233",XBB.1.19.2
XBB.1.20,"Defined by ORF3a:A72V, ORF1a:P4312T on C541T, pre ORF8:8* branch, Malaysia",XBB.1.20
XBB.1.21,"Defined by S:486A, ORF1a:K1247R, Turkey, from #1646",XBB.1.21
XBB.1.22,"Defined by S:486P, on ORF9b:I5T branch, from #1704",XBB.1.22
XBB.1.22.1,"Defined by S:Y200C, from #1704",XBB.1.22.1
FY.1,"Alias of XBB.1.22.1.1, Defined by ORF1b:D1782N",XBB.1.22.1.1
FY.1.1,"Alias of XBB.1.22.1.1.1, S:A83S, Malaysia/Japan",XBB.1.22.1.1.1
FY.1.2,"Alias of XBB.1.22.1.1.2, S:T572I, ORF1b:P218L, Europe",XBB.1.22.1.1.2
FY.1.2.1,"Alias of XBB.1.22.1.1.2.1, S:W64L, from sars-cov-2-variants/lineage-proposals#863",XBB.1.22.1.1.2.1
FY.1.2.2,"Alias of XBB.1.22.1.1.2.2, S:V1129I",XBB.1.22.1.1.2.2
FY.1.2.3,"Alias of XBB.1.22.1.1.2.3, S:D215H",XBB.1.22.1.1.2.3
FY.1.3,"Alias of XBB.1.22.1.1.3, S:E583D, South Korea",XBB.1.22.1.1.3
FY.1.4,"Alias of XBB.1.22.1.1.4, S:478R, S:D1084G, USA, from sars-cov-2-variants/lineage-proposals#165",XBB.1.22.1.1.4
FY.1.4.1,"Alias of XBB.1.22.1.1.4.1, S:I569T, S:N185S, USA",XBB.1.22.1.1.4.1
FY.2,"Alias of XBB.1.22.1.2, S:I197T, ORF1b:S997P, Indonesia, from #1859",XBB.1.22.1.2
FY.2.1,"Alias of XBB.1.22.1.2.1, S:A684V, from #2080",XBB.1.22.1.2.1
FY.3,"Alias of XBB.1.22.1.3, ORF1a:E750K, C23191T, China",XBB.1.22.1.3
FY.3.1,"Alias of XBB.1.22.1.3.1, S:I210T, China, from #2009",XBB.1.22.1.3.1
FY.3.2,"Alias of XBB.1.22.1.3.2, ORF1a:E3764G, China, from #2000",XBB.1.22.1.3.2
FY.3.3,"Alias of XBB.1.22.1.3.3, ORF3a:V48F, China",XBB.1.22.1.3.3
FY.4,"Alias of XBB.1.22.1.4, S:Y451H, A8374G, C25517T, Kenya, from #1979",XBB.1.22.1.4
FY.4.1,"Alias of XBB.1.22.1.4.1, S:S494P, Kenya, from #1979",XBB.1.22.1.4.1
FY.4.1.1,"Alias of XBB.1.22.1.4.1.1, S:S704L, from sars-cov-2-variants/lineage-proposals#302",XBB.1.22.1.4.1.1
FY.4.1.2,"Alias of XBB.1.22.1.4.1.2, ORF1a:S2926F, Kenya",XBB.1.22.1.4.1.2
FY.4.2,"Alias of XBB.1.22.1.4.2, ORF1a:Y2171F, ORF1b:V2287I, Kenya/USA/Japan, from sars-cov-2-variants/lineage-proposals#487",XBB.1.22.1.4.2
FY.5,"Alias of XBB.1.22.1.5, S:478R, Indonesia, from #1965",XBB.1.22.1.5
FY.5.1,"Alias of XBB.1.22.1.5.1, S:T572I, from sars-cov-2-variants/lineage-proposals#929",XBB.1.22.1.5.1
FY.5.1.1,"Alias of XBB.1.22.1.5.1.1, S:M153I, S:F186S, S:S247N, from sars-cov-2-variants/lineage-proposals#790",XBB.1.22.1.5.1.1
FY.5.2,"Alias of XBB.1.22.1.5.2, S:L176F, Indonesia, on A6019G branch, from sars-cov-2-variants/lineage-proposals#267",XBB.1.22.1.5.2
FY.5.3,"Alias of XBB.1.22.1.5.3, S:A222V, Singapore/Japan, on A6019G branch",XBB.1.22.1.5.3
FY.5.4,"Alias of XBB.1.22.1.5.4, S:T572I, ORF1a:D3009N, ORF1a:Y4077C on A6019G branch, from sars-cov-2-variants/lineage-proposals#929",XBB.1.22.1.5.4
FY.5.5,"Alias of XBB.1.22.1.5.5, ORF1a:M2796I",XBB.1.22.1.5.5
FY.5.5.1,"Alias of XBB.1.22.1.5.5.1, S:T572I, from sars-cov-2-variants/lineage-proposals#929",XBB.1.22.1.5.5.1
FY.6,"Alias of XBB.1.22.1.6, ORF1a:A591V",XBB.1.22.1.6
FY.6.1,"Alias of XBB.1.22.1.6.1, S:S939F, Japan",XBB.1.22.1.6.1
FY.6.2,"Alias of XBB.1.22.1.6.2, ORF1a:A3143V, ins_S:216:SLQGN, Japan, from sars-cov-2-variants/lineage-proposals#637",XBB.1.22.1.6.2
FY.7,"Alias of XBB.1.22.1.7, S:G769A, S:D1168E, from sars-cov-2-variants/lineage-proposals#257",XBB.1.22.1.7
FY.8,"Alias of XBB.1.22.1.8, S:T572I, from sars-cov-2-variants/lineage-proposals#635",XBB.1.22.1.8
FY.8.1,"Alias of XBB.1.22.1.8.1, S:478R, T4579A, from sars-cov-2-variants/lineage-proposals#1002",XBB.1.22.1.8.1
FY.8.1.1,"Alias of XBB.1.22.1.8.1.1, S:P521Q, ORF1b:V1149L, from sars-cov-2-variants/lineage-proposals#1002",XBB.1.22.1.8.1.1
FY.9,"Alias of XBB.1.22.1.9, S:Q675K, ORF1a:D220E, ORF1a:C667Y, Indonesia from #2053",XBB.1.22.1.9
XBB.1.22.2,"Defined by ORF1a:L3829F, C15237T",XBB.1.22.2
HU.1,"Alias of XBB.1.22.2.1, S:K529N, France, from #2136",XBB.1.22.2.1
HU.1.1,"Alias of XBB.1.22.2.1.1, S:E471Q, S:Y28H, France/USA, from #2136",XBB.1.22.2.1.1
HU.2,"Alias of XBB.1.22.2.2, S:T76I, ORF1a:R24H, ORF1b:A1428V, Australia/New Zealand, from sars-cov-2-variants/lineage-proposals#364",XBB.1.22.2.2
XBB.1.22.3,"Defined by ORF1a:P3504L, ORF1b:H1838N, Japan",XBB.1.22.3
XBB.1.23,"Defined by E:S68F, on ORF9b:I5T branch, South East Asia",XBB.1.23
XBB.1.24,"Defined by S:F486P, on T13704C branch, South East Asia, from #1654",XBB.1.24
XBB.1.24.1,"S:L518Q, Singapore",XBB.1.24.1
XBB.1.24.2,"S:R158S, after ORF1a:K261N, N:A35T, Singapore/Malaysia",XBB.1.24.2
XBB.1.24.3,"S:S256L, after ORF1a:K261N, Malaysia/Japan",XBB.1.24.3
XBB.1.25,"Defined by C673T, G487T, on ORF9b:I5T branch",XBB.1.25
XBB.1.26,"Defined by T10663C, on ORF9b:I5T branch, Canada",XBB.1.26
XBB.1.27,"Defined by S:478R, S:A890V, Mexico/USA/India, from #1654",XBB.1.27
XBB.1.28,"Defined by S:403K, Europe, from #1757",XBB.1.28
XBB.1.28.1,"Defined by S:356T, Indonesia, global",XBB.1.28.1
FW.1,"Alias of XBB.1.28.1.1, S:A701V, Indonesia, Europe",XBB.1.28.1.1
FW.1.1,"Alias of XBB.1.28.1.1.1, S:N148T, UK",XBB.1.28.1.1.1
FW.1.1.1,"Alias of XBB.1.28.1.1.1.1, S:A684T, ORF1a:S2285F, ORF1a:K3353R, UK, from sars-cov-2-variants/lineage-proposals#1242",XBB.1.28.1.1.1.1
FW.2,"Alias of XBB.1.28.1.2, ORF1a:G2258C, France",XBB.1.28.1.2
FW.3,"Alias of XBB.1.28.1.3, ORF1a:D2627N",XBB.1.28.1.3
XBB.1.29,"Defined by ORF1a:L3829F, S:A292S, Europe",XBB.1.29
XBB.1.30,"Defined by ORF1b:K2557R, South East Asia",XBB.1.30
XBB.1.31,"Defined by S:453F and S:478R, Indonesia/Singapore, from #1837",XBB.1.31
XBB.1.31.1,"S:E554K, Indonesia, from sars-cov-2-variants/lineage-proposals#141",XBB.1.31.1
XBB.1.31.2,"ORF1a:A1049V, Indonesia",XBB.1.31.2
XBB.1.32,"Defined by ORF1a:E148D, Philippines, from #1827",XBB.1.32
XBB.1.32.1,"S:Y453F, ORF1a:L642F, ORF1b:L2497I, Philippines/Thailand, from #1908",XBB.1.32.1
XBB.1.33,"Defined by S:A376Trev, on ORF1b:L1061I, A27965G, pre ORF8:8* branch, found mainly in Italy, from #1879",XBB.1.33
XBB.1.34,"S:486P, S:681R, N:A50V, Uganda/Sudan, from #1621",XBB.1.34
XBB.1.34.1,"S:E554K, ORF1b:P970L",XBB.1.34.1
XBB.1.34.2,"S:K182I, ORF8:C90F, ORF1a:G989C",XBB.1.34.2
HB.1,"Alias of XBB.1.34.2.1, S:F456L (T22928C), USA/China/Canada, from sars-cov-2-variants/lineage-proposals#217",XBB.1.34.2.1
XBB.1.35,"ORF1a:V89A, Indonesia",XBB.1.35
XBB.1.36,"Defined by S:S490P, found mainly in Malaysia, Indonesia and Singapore, from #1781",XBB.1.36
XBB.1.37,"Defined by A5371G, Indonesia/Russia, from #1929",XBB.1.37
XBB.1.37.1,"Defined by S:486P, A1846G, G7459T, T27285C, Russia/South Korea, from #1929",XBB.1.37.1
XBB.1.38,"Defined by S:T732I, Russia",XBB.1.38
XBB.1.38.1,"S:T883I, Russia",XBB.1.38.1
XBB.1.39,"ORF1a:V2866M, Singapore/Malaysia",XBB.1.39
XBB.1.40,"S:Y453F, ORF1a:G519S, ORF1a:L2609F, ORF3a:P104S, Malaysia",XBB.1.40
XBB.1.41,"S:L335S, S:R403K, S:486P, possibly common in Central/West Africa, from #1997",XBB.1.41
XBB.1.41.1,"S:478R, Africa, from sars-cov-2-variants/lineage-proposals#150",XBB.1.41.1
JC.1,"Alias of XBB.1.41.1.1, S:K77R, Japan/Hawaii",XBB.1.41.1.1
JC.2,"Alias of XBB.1.41.1.2, S:D339R, ORF1a:V1056L, Greece, from sars-cov-2-variants/lineage-proposals#961",XBB.1.41.1.2
JC.3,"Alias of XBB.1.41.1.3, S:N703I, South Africa",XBB.1.41.1.3
JC.4,"Alias of XBB.1.41.1.4, S:N148S",XBB.1.41.1.4
JC.5,"Alias of XBB.1.41.1.5, ORF1a:P1220L, N:H300Y, from sars-cov-2-variants/lineage-proposals#629",XBB.1.41.1.5
JC.5.1,"Alias of XBB.1.41.1.5.1, S:Q173K, USA",XBB.1.41.1.5.1
JC.6,"Alias of XBB.1.41.1.6, S:I1227V, South Africa",XBB.1.41.1.6
XBB.1.41.2,"S:S494P, USA, from sars-cov-2-variants/lineage-proposals#389",XBB.1.41.2
XBB.1.41.3,"C17850T, C25276T, C29416G, Africa",XBB.1.41.3
JW.1,"Alias of XBB.1.41.3.1, S:K478R, ORF1a:L397F, South Africa/DRC",XBB.1.41.3.1
JW.1.1,"Alias of XBB.1.41.3.1.1, S:Q14K, South Africa",XBB.1.41.3.1.1
XBB.1.42,"S:486P, S:Q613H, on ORF1a:T4175I branch with XBB.1.9, Indonesia/Malaysia/China, from #1954",XBB.1.42
XBB.1.42.1,"S:478R, from sars-cov-2-variants/lineage-proposals#198",XBB.1.42.1
XBB.1.42.2,"C6040T, G9049A",XBB.1.42.2
HL.1,"Alias of XBB.1.42.2.1, S:E583D, from sars-cov-2-variants/lineage-proposals#352",XBB.1.42.2.1
HL.2,"Alias of XBB.1.42.2.2, S:S929N, China",XBB.1.42.2.2
XBB.1.43,"G11071A, Indonesia, from #2015",XBB.1.43
XBB.1.43.1,"S:486P, ORF1a:A2621V, A20713C, from #2015",XBB.1.43.1
XBB.1.44,"S:T747I, Russia",XBB.1.44
XBB.1.44.1,"S:486P, ORF3a:S195F, Russia/China, from #2043",XBB.1.44.1
XBB.1.45,"T21000C, USA/Singapore/Malaysia",XBB.1.45
XBB.1.45.1,"S:486P, A3139G, A19137G, C28291T, USA/Portugal, from #1937",XBB.1.45.1
XBB.1.46,"ORF1a:C1114F, Singapore/Malaysia",XBB.1.46
XBB.1.47,"ORF1a:T1761I, ORF1a:C2180Y, ORF1a:I2854V, Philippines/Singapore/Japan",XBB.1.47
XBB.1.47.1,"S:486P, S:A260V, S:V1122G, Japan/USA/Australia/Germany",XBB.1.47.1
XBB.1.48,"S:L455F (G22927T), S:F456L (T22928C), C2509T, on C541T, pre ORF8:8* branch, Pakistan, from #1681",XBB.1.48
XBB.1.49,"S:346S, S:486P, on ORF1b:L1061I, A27965G, pre ORF8:8* branch with XBB.1.33, Somalia, from sars-cov-2-variants/lineage-proposals#208",XBB.1.49
XBB.2,"Defined by S:D253G, from #1173",XBB.2
XBB.2.1,"Defined by S:N764R (C23853G), two step mutation on top of C23854A (S:N764K defining of all Omicrons)",XBB.2.1
XBB.2.2,Defined by S:Q613H,XBB.2.2
XBB.2.3,"Defined by S:P521S and S:S486P, India/Indonesia/Singapore/USA, from #1603 and #1535",XBB.2.3
XBB.2.3.1,"S:D80Y, England/Sweden/India, from #1775",XBB.2.3.1
XBB.2.3.2,"S:G184V, ORF1a:R2159W, India, from #1776",XBB.2.3.2
HH.1,"Alias of XBB.2.3.2.1, ORF1a:T2977I, T20697C",XBB.2.3.2.1
HH.1.1,"Alias of XBB.2.3.2.1.1, S:G181A, from sars-cov-2-variants/lineage-proposals#183",XBB.2.3.2.1.1
HH.2,"Alias of XBB.2.3.2.2, ORF1a:D48Y",XBB.2.3.2.2
HH.2.1,"Alias of XBB.2.3.2.2.1, S:K478R, England/France, from sars-cov-2-variants/lineage-proposals#236",XBB.2.3.2.2.1
HH.3,"Alias of XBB.2.3.2.3, S:D1260Y, Japan",XBB.2.3.2.3
HH.4,"Alias of XBB.2.3.2.4, S:A845S, India",XBB.2.3.2.4
HH.5,"Alias of XBB.2.3.2.5, S:K147N, India, from sars-cov-2-variants/lineage-proposals#438",XBB.2.3.2.5
HH.6,"Alias of XBB.2.3.2.6, S:K478R, ORF1a:D935E, India, from sars-cov-2-variants/lineage-proposals#236",XBB.2.3.2.6
HH.7,"Alias of XBB.2.3.2.7, ORF1a:T1788M, India from #1962",XBB.2.3.2.7
HH.8,"Alias of XBB.2.3.2.8, S:Q607R",XBB.2.3.2.8
HH.8.1,"Alias of XBB.2.3.2.8.1, S:K478R, from sars-cov-2-variants/lineage-proposals#236",XBB.2.3.2.8.1
XBB.2.3.3,"S:182N, India/USA, from #1810",XBB.2.3.3
GJ.1,"Alias of XBB.2.3.3.1, found mainly in China and USA, from #2005",XBB.2.3.3.1
GJ.1.1,"Alias of XBB.2.3.3.1.1, S:A222V, N:R319H, ORF1a:V1915I, from sars-cov-2-variants/lineage-proposals#109",XBB.2.3.3.1.1
GJ.1.2,"Alias of XBB.2.3.3.1.2, ORF1b:V1110I, from #2059",XBB.2.3.3.1.2
GJ.1.2.1,"Alias of XBB.2.3.3.1.2.1, S:N450D, Singapore/Thailand/South Korea/USA/Spain, from sars-cov-2-variants/lineage-proposals#446",XBB.2.3.3.1.2.1
JE.1,"Alias of XBB.2.3.3.1.2.1.1, S:478R, Singapore/SouthKorea/USA, from sars-cov-2-variants/lineage-proposals#597",XBB.2.3.3.1.2.1.1
JE.1.1,"Alias of XBB.2.3.3.1.2.1.1.1, S:Q52R, from sars-cov-2-variants/lineage-proposals#827",XBB.2.3.3.1.2.1.1.1
JE.1.1.1,"Alias of XBB.2.3.3.1.2.1.1.1.1, S:V1122A, from #2390",XBB.2.3.3.1.2.1.1.1.1
KH.1,"Alias of XBB.2.3.3.1.2.1.1.1.1.1, S:E554K, on N:L13F, ORF1a:R135S (reversion) branch, from #2390",XBB.2.3.3.1.2.1.1.1.1.1
GJ.1.2.2,"Alias of XBB.2.3.3.1.2.2, S:478R, Europe/USA/Australia",XBB.2.3.3.1.2.2
GJ.1.2.3,"Alias of XBB.2.3.3.1.2.3, S:T76I, Japan, on ORF1b:S997P branch",XBB.2.3.3.1.2.3
GJ.1.2.4,"Alias of XBB.2.3.3.1.2.4, S:S255F, on ORF1a:H919Y branch, Japan/USA/South Korea",XBB.2.3.3.1.2.4
GJ.1.2.5,"Alias of XBB.2.3.3.1.2.5, S:I834V, Singapore/South Korea/USA，on ORF1b:S997P branch, from sars-cov-2-variants/lineage-proposals#628",XBB.2.3.3.1.2.5
GJ.1.2.6,"Alias of XBB.2.3.3.1.2.6, S:478R, on ORF1b:S997P branch, from sars-cov-2-variants/lineage-proposals#726",XBB.2.3.3.1.2.6
GJ.1.2.7,"Alias of XBB.2.3.3.1.2.7, S:478R, T6511C, on ORF1a:H919Y branch, from sars-cov-2-variants/lineage-proposals#726",XBB.2.3.3.1.2.7
GJ.1.2.8,"Alias of XBB.2.3.3.1.2.8, S:T747I, USA",XBB.2.3.3.1.2.8
GJ.2,"Alias of XBB.2.3.3.2, S:I1114S, Europe",XBB.2.3.3.2
GJ.3,"Alias of XBB.2.3.3.3, ORF1a:P971S, ORF1b:V2371L",XBB.2.3.3.3
GJ.4,"Alias of XBB.2.3.3.4, S:M153I, from #1902",XBB.2.3.3.4
GJ.5,"Alias of XBB.2.3.3.5, S:478R, A11794G, C13138T, from sars-cov-2-variants/lineage-proposals#429",XBB.2.3.3.5
GJ.5.1,"Alias of XBB.2.3.3.5.1, S:S255F, ORF1a:A540V, ORF1a:A3963V, from sars-cov-2-variants/lineage-proposals#429",XBB.2.3.3.5.1
GJ.6,"Alias of XBB.2.3.3.6, S:F456L (T22930A), M:G6S, India, from sars-cov-2-variants/lineage-proposals#675",XBB.2.3.3.6
GJ.7,"Alias of XBB.2.3.3.7, S:E183K, Australia/NewZealand, from sars-cov-2-variants/lineage-proposals#439",XBB.2.3.3.7
XBB.2.3.4,"S:478Q, India, from #1822",XBB.2.3.4
GZ.1,"Alias of XBB.2.3.4.1, S:F186L, India-GJ",XBB.2.3.4.1
XBB.2.3.5,"S:K478N, found mainly in USA and India, from #1846",XBB.2.3.5
XBB.2.3.6,"N:T166I, mainly Singapore",XBB.2.3.6
GM.1,"Alias of XBB.2.3.6.1, S:P621S, Singapore",XBB.2.3.6.1
GM.2,"Alias of XBB.2.3.6.2, S:G181R, Singapore",XBB.2.3.6.2
GM.3,"Alias of XBB.2.3.6.3, ORF1a:R4017K, Singapore",XBB.2.3.6.3
GM.3.1,"Alias of XBB.2.3.6.3.1, S:N388K, Japan, from sars-cov-2-variants/lineage-proposals#450",XBB.2.3.6.3.1
XBB.2.3.7,ORF1a:T4087I,XBB.2.3.7
XBB.2.3.8,"C2013T, T16389C, S:478R, Singapore/SouthKorea, from #1866",XBB.2.3.8
HG.1,"Alias of XBB.2.3.8.1, S:S98F, South Korea",XBB.2.3.8.1
HG.1.1,"Alias of XBB.2.3.8.1.1, S:A1190S, South Korea",XBB.2.3.8.1.1
HG.2,"Alias of XBB.2.3.8.2, S:T259I, South Korea/USA, from sars-cov-2-variants/lineage-proposals#652",XBB.2.3.8.2
HG.3,"Alias of XBB.2.3.8.3, S:S255F, South Korea",XBB.2.3.8.3
XBB.2.3.9,"S:S98F, C18744T, C19200T, India",XBB.2.3.9
XBB.2.3.10,"T5947C, India",XBB.2.3.10
GE.1,"Alias of XBB.2.3.10.1, S:K478R, from #1866",XBB.2.3.10.1
GE.1.1,"Alias of XBB.2.3.10.1.1, S:E554K, Bangladesh/Singapore, from sars-cov-2-variants/lineage-proposals#367",XBB.2.3.10.1.1
GE.1.2,"Alias of XBB.2.3.10.1.2, S:N148T, Kenya, from sars-cov-2-variants/lineage-proposals#200",XBB.2.3.10.1.2
GE.1.2.1,"Alias of XBB.2.3.10.1.2.1, S:478T, S:A376S, ORF7a-ORF8 possibly completely deleted, from sars-cov-2-variants/lineage-proposals#1103",XBB.2.3.10.1.2.1
KT.1,"Alias of XBB.2.3.10.1.2.1.1, S:K77R, US/UK",XBB.2.3.10.1.2.1.1
KT.1.1,"Alias of XBB.2.3.10.1.2.1.1.1, C683T, G15957A, USA",XBB.2.3.10.1.2.1.1.1
KT.1.2,"Alias of XBB.2.3.10.1.2.1.1.2, ORF1b:N2328S, C583T",XBB.2.3.10.1.2.1.1.2
GE.1.2.2,"Alias of XBB.2.3.10.1.2.2, S:S408N, ORF1b:A517V, ORF1b:D1899E, ORF7a-ORF8 possibly completed deleted, Kenya, from sars-cov-2-variants/lineage-proposals#1340",XBB.2.3.10.1.2.2
GE.1.3,"Alias of XBB.2.3.10.1.3, S:T732I, from sars-cov-2-variants/lineage-proposals#102",XBB.2.3.10.1.3
GE.1.4,"Alias of XBB.2.3.10.1.4, ORF1a:P3359S",XBB.2.3.10.1.4
GE.1.5,"Alias of XBB.2.3.10.1.5, G6352A, C11653T, T16242A",XBB.2.3.10.1.5
GE.1.6,"Alias of XBB.2.3.10.1.6, S:L118I",XBB.2.3.10.1.6
XBB.2.3.11,"S:K478R, India, from #1866",XBB.2.3.11
GS.1,"Alias of XBB.2.3.11.1, S:213D, C4582T, C25075T, Australia, from #2023",XBB.2.3.11.1
GS.2,"Alias of XBB.2.3.11.2, S:T470N, Singapore/Brunei, from sars-cov-2-variants/lineage-proposals#93",XBB.2.3.11.2
GS.3,"Alias of XBB.2.3.11.3, S:R190S, USA/UK, from sars-cov-2-variants/lineage-proposals#669",XBB.2.3.11.3
GS.4,"Alias of XBB.2.3.11.4, M:A104V, ORF1a:A181T, France, from sars-cov-2-variants/lineage-proposals#668",XBB.2.3.11.4
GS.4.1,"Alias of XBB.2.3.11.4.1, S:N185D, ORF3a:G172C, France, from sars-cov-2-variants/lineage-proposals#668",XBB.2.3.11.4.1
GS.4.1.1,"Alias of XBB.2.3.11.4.1.1, S:P561S, France",XBB.2.3.11.4.1.1
GS.5,"Alias of XBB.2.3.11.5, M:A104V, S:Q218H, from sars-cov-2-variants/lineage-proposals#768",XBB.2.3.11.5
GS.6,"Alias of XBB.2.3.11.6, S:A845S, Wales",XBB.2.3.11.6
GS.7,"Alias of XBB.2.3.11.7, ORF1a:L204I, C14925T",XBB.2.3.11.7
GS.7.1,"Alias of XBB.2.3.11.7.1, S:E180Q, Tunisia",XBB.2.3.11.7.1
GS.8,"Alias of XBB.2.3.11.8, ORF3a:I179V, Vietnam",XBB.2.3.11.8
XBB.2.3.12,"S:S494P, from #2029",XBB.2.3.12
JU.1,"Alias of XBB.2.3.12.1, S:N148T, S:Q218R, S:N450D, Georgia/Russia",XBB.2.3.12.1
XBB.2.3.13,"ORF1a:T1822I, Spain",XBB.2.3.13
JA.1,"Alias of XBB.2.3.13.1, S:F456L (T22928C), Spain/England/France, from sars-cov-2-variants/lineage-proposals#240",XBB.2.3.13.1
XBB.2.3.14,ORF1a:Q998H,XBB.2.3.14
XBB.2.3.15,"ORF1a:I4308V, from sars-cov-2-variants/lineage-proposals#722",XBB.2.3.15
JS.1,"Alias of XBB.2.3.15.1, S:S256T",XBB.2.3.15.1
JS.2,"Alias of XBB.2.3.15.2, S:T323I, from sars-cov-2-variants/lineage-proposals#722",XBB.2.3.15.2
XBB.2.3.16,"S:K478N, USA",XBB.2.3.16
XBB.2.3.17,"S:N450D, USA",XBB.2.3.17
XBB.2.3.18,"S:F456L (T22930A), S:N450D, S:1231A, India, from sars-cov-2-variants/lineage-proposals#738",XBB.2.3.18
XBB.2.3.19,"S:G184V, ORF1a:P1786L, India",XBB.2.3.19
JY.1,"Alias of XBB.2.3.19.1, S:E654K, S:K478T (rev), India, from sars-cov-2-variants/lineage-proposals#731",XBB.2.3.19.1
JY.1.1,"Alias of XBB.2.3.19.1.1, S:T1117K",XBB.2.3.19.1.1
XBB.2.3.20,"N:A267S, S:210del, Bangladesh, from sars-cov-2-variants/lineage-proposals#328",XBB.2.3.20
XBB.2.3.21,"S:T883I, ORF1a:D3042N, 670T reversion, Japan, from sars-cov-2-variants/lineage-proposals#281",XBB.2.3.21
XBB.2.3.22,"S:S937T, ORF8:K94T, Romania/Bulgaria",XBB.2.3.22
XBB.2.4,"Defined by S:S486P, Spain/Denmark/Germany, from #1603 and #1518",XBB.2.4
XBB.2.5,"S:Q613H, from jmcbroome/auto-pango-designation#193",XBB.2.5
XBB.2.6,"Mostly Peru, C5144T, T5731A",XBB.2.6
XBB.2.6.1,"S:P521S, Peru, from #1869",XBB.2.6.1
GH.1,"Alias of XBB.2.6.1.1, ORF9b:P51Q, T6895C, T9148C, A15192C, Peru, from #1869",XBB.2.6.1.1
XBB.2.6.2,"S:T19L, Peru",XBB.2.6.2
XBB.2.6.3,"S:T883I, C25587T, Peru",XBB.2.6.3
XBB.2.7,"ORF1a:R3662H, parent of lineage proposed in #1725",XBB.2.7
XBB.2.7.1,"S:Y453F, S:K478Q, Singapore, from #1725",XBB.2.7.1
XBB.2.8,"C6968T, Brunei",XBB.2.8
XBB.2.9,"Defined by ORF1a:V2027I and S:F486P, found mainly in Russia, from #1877",XBB.2.9
XBB.2.10,"S:Q52H, Latvia/Poland",XBB.2.10
XBB.2.11,C18129T,XBB.2.11
XBB.2.11.1,"C4084T, C9559T, T16521C, USA",XBB.2.11.1
XBB.2.12,"S:Q613H (G23401C), C4090T, T24194C, India",XBB.2.12
XBB.3,"ORF1b:I1988V, on ORF1a:D82G branch",XBB.3
XBB.3.1,"S:Q677R, after T1993C, India-TN/Singapore, from #1241",XBB.3.1
XBB.3.2,S:M177T,XBB.3.2
XBB.3.3,"S:V1122L, after T1993C, USA",XBB.3.3
XBB.3.4,S:E990D,XBB.3.4
XBB.3.5,"ORF1a:T4083M, Mozambique, from #1778",XBB.3.5
XBB.4,"S:K444R, on ORF1a:D82G branch, from #1239",XBB.4
XBB.4.1,"England/Austria, S:L5F, S:T470N",XBB.4.1
XBB.5,"S:A653V, after G5518A, on ORF1a:D82G branch, India-TN, Singapore, Australia",XBB.5
XBB.6,"C14178T, on ORF1a:D82G branch, USA/India/England",XBB.6
XBB.6.1,"S:F486P, USA, from #1459",XBB.6.1
XBB.7,"S:Q613H, after G5518A, on ORF1a:D82G branch, Malaysia",XBB.7
XBB.8,"T14574C, on ORF1a:D82G branch, India/Malaysia/Brunei",XBB.8
XBB.8.1,"S:486P, ORF1a:K634N, ORF1a:K3353R, Malaysia",XBB.8.1
XBB.8.2,"S:486P, ORF1a:A2529V, Reunion/Mayotte/Mauritius, from #1995",XBB.8.2
XBB.9,"N:T49I, on ORF1a:D82G branch, Philippines",XBB.9
XBC,"Recombinant lineage of BA.2 and B.1.617.2(21I), predominantly in Philippines, from #1100",XBC
XBC.1,"Mostly Philippines, South Korea, USA, Singapore, defined by S:L452M, from #1130",XBC.1
XBC.1.1,"Mostly Australia, ORF1a:I3619T, ORF8:V114L",XBC.1.1
XBC.1.1.1,"Australia, S:G476S",XBC.1.1.1
XBC.1.1.2,"ORF7b:L32F, Australia",XBC.1.1.2
XBC.1.2,"Philippines/Netherlands/Denmark, T11269C",XBC.1.2
XBC.1.2.1,"Denmark, ORF1b:T132I",XBC.1.2.1
XBC.1.3,"Philippines/Australia, C25614T",XBC.1.3
XBC.1.3.1,"ORF1a:Q455K, ORF1a:T4174I, ORF1a:V2061A, ORF1b:S759N, Australia/New Zealand, from sars-cov-2-variants/lineage-proposals#542",XBC.1.3.1
KD.1,"Alias of XBC.1.3.1.1, S:R346S, Australia, from sars-cov-2-variants/lineage-proposals#673",XBC.1.3.1.1
KD.2,"Alias of XBC.1.3.1.2, ORF1a:M3661L, ORF1a:M3934I, Australia/New Zealand",XBC.1.3.1.2
KD.3,"Alias of XBC.1.3.1.3, C10519T, C19524T, New Zealand",XBC.1.3.1.3
KD.4,"Alias of XBC.1.3.1.4, ORF1a:K394R, ORF1a:L730F, ORF1a:T965I, Australia/Japan",XBC.1.3.1.4
XBC.1.4,"Australia, S:G184S, from #1622",XBC.1.4
XBC.1.5,"Philippines/South Korea/Japan, ORF1a:T708I after A10042C, from #1671",XBC.1.5
XBC.1.6,"S:346S, S:M452R, found in Australia, from #1755",XBC.1.6
XBC.1.6.1,"ORF8:P36L, Australia",XBC.1.6.1
GT.1,"Alias of XBC.1.6.1.1, S:I105V, C28333T, Australia",XBC.1.6.1.1
XBC.1.6.2,"ORF1a:D827N, Australia",XBC.1.6.2
XBC.1.6.3,"N:A173V, Australia",XBC.1.6.3
HW.1,"Alias of XBC.1.6.3.1, ORF1a:T1597I, ORF1a:A2123V, Australia, from sars-cov-2-variants/lineage-proposals#71",XBC.1.6.3.1
HW.1.1,"Alias of XBC.1.6.3.1.1, S:N460H, T16242A, C22120T, USA/Ireland, from sars-cov-2-variants/lineage-proposals#452",XBC.1.6.3.1.1
HW.1.2,"Alias of XBC.1.6.3.1.2, G15957A, Australia",XBC.1.6.3.1.2
HW.1.3,"Alias of XBC.1.6.3.1.3, N:T391I, Australia",XBC.1.6.3.1.3
XBC.1.6.4,"ORF1a:V1117I, T20286C, Australia",XBC.1.6.4
XBC.1.6.5,"ORF7a:Q90*, C1594T, C15601T, Australia, from sars-cov-2-variants/lineage-proposals#479",XBC.1.6.5
XBC.1.6.6,"T8707C, C26735T, Australia",XBC.1.6.6
JT.1,"Alias of XBC.1.6.6.1, S:V445A, from sars-cov-2-variants/lineage-proposals#203",XBC.1.6.6.1
XBC.1.7,"S:478R, S:444T, Philippines/Australia/Hong Kong, from sars-cov-2-variants/lineage-proposals#110",XBC.1.7
XBC.1.7.1,"S:N185S, Philiippines",XBC.1.7.1
XBC.1.7.2,"S:T299I, Australia",XBC.1.7.2
XBC.2,"Mostly Philippines, defined by S:K97R",XBC.2
XBC.2.1,"S:K444T, Australia, from #1538",XBC.2.1
XBD,"Recombinant lineage of BA.2.75.2 and BF.5, India and world, from #1137",XBD
XBE,"Recombinant lineage of BA.5.2 and BE.4.1, predominantly in USA and England, from #1246",XBE
XBF,"Recombinant lineage of BA.5.2* and CJ.1, Australia, from #1259",XBF
XBF.1,"Australia/England, S:S939F",XBF.1
XBF.1.1,"England, S:P621S, from #1651",XBF.1.1
XBF.2,"Australia, ORF8:V62A",XBF.2
XBF.3,"Australia, ORF1a:V274I",XBF.3
XBF.4,"Europe, ORF1a:H417Y, from jmcbroome/auto-pango-designation#193",XBF.4
XBF.5,"Australia, C2455T",XBF.5
XBF.6,"Australia, ORF1a:V3986A",XBF.6
XBF.7,"Global, N:T379I (not on ORF1a:K120N branch)",XBF.7
XBF.7.1,S:T323I,XBF.7.1
XBF.8,"Australia, T9931C, C12970T",XBF.8
XBF.8.1,"Australia, S:P621S, from #1651",XBF.8.1
XBF.9,"Europe, ORF1b:S1003G",XBF.9
XBF.10,"Australia, S:M153I",XBF.10
XBG,"Recombinant lineage of BA.2.76 and BA.5.2, predominantly in UK, from #896",XBG
XBH,"Recombinant lineage of BA.2.3.17 and BA.2.75.2, predominantly in Brunei, from #1229",XBH
XBJ,"Recombinant lineage of BA.2.3.20 and BA.5.2, possibly Philippines, from #1268",XBJ
XBJ.1,"A16011G, from #1591",XBJ.1
XBJ.1.1,"S:G485D, N:R195K, from #1591",XBJ.1.1
XBJ.2,"C22006T, Europe",XBJ.2
XBJ.3,"ORF1a:K2928N, Europe",XBJ.3
XBJ.4,"S:G485D, Japan/Thailand",XBJ.4
XBK,"Recombinant lineage of BA.5.2 and CJ.1, Denmark/Europe, from #1418",XBK
XBK.1,"S:P1162S, from #1551 and jmcbroome/auto-pango-designation#193",XBK.1
XBL,"Recombinant lineage of XBB.1.5.57-BA.2.75* (short segment from ~1k-~5k)-XBB.1.5.57, Malaysia, from #1532",XBL
XBL.1,"S:V635I, T2461C",XBL.1
XBL.2,A1393G,XBL.2
XBL.3,"C11824T, G14400T",XBL.3
XBL.3.1,"S:I726V, C10252T, G29702A, Singapore/South Korea/Thailand, from sars-cov-2-variants/lineage-proposals#44",XBL.3.1
XBM,"Recombinant lineage of BA.2.76 and BF.3, India/USA/Canada, from #1441",XBM
XBN,"Recombinant lineage of BA.2.75 and XBB.3, mainly found in USA, from #1296",XBN
XBP,"Recombinant lineage of BA.2.75* and BQ.1*, predominantly in England and Canada, from #1393",XBP
XBQ,"Recombinant lineage of BA.5.2 and CJ.1, defined by ORF1b:M454I, England and Canada, from #1440 and autolin",XBQ
XBR,"Recombinant lineage of BA.2.75* and BQ.1 (with S:R346T), England, Canada, USA, from #1637",XBR
XBS,"Recombinant lineage of BA.2.75* and BQ.1 (with S:R346T), England, from #1567",XBS
XBT,"Recombinant lineage of BA.5.2.34, BA.2.75, BA.5.2.34, Germany, from #1576",XBT
XBU,"Recombinant lineage of BA.2.75.3, BQ.1, BA.2.75.3, from #1425",XBU
XBV,"Recombinant lineage of CR.1, XBB.1, from #1460",XBV
XBW,"Recombinant lineage of XBB.1.5, BQ.1.14, from #1505",XBW
XBY,"Recombinant lineage of BR.2.1, XBF, from #1669",XBY
XBZ,"Recombinant lineage of BA.5.2* and EF.1.3, predominantly in Denmark, Germany and Austria, from #1666",XBZ
XCA,"Recombinant lineage of BA.2.75* and BQ.1*, predominantly in UK, from #1752",XCA
XCB,"Recombinant lineage of BF.31.1 and BQ.1.10*, predominantly in Chile, from #1668",XCB
XCC,"Recombinant lineage of CH.1.1.1 and XBB.1.9.1, predominantly Pakistan, Australia, from #1876",XCC
XCD,"Recombinant lineage of XBB.1* and BQ.1.1.25*, with S:R214H, S:478I, Indonesia, from #2042",XCD
XCE,"Recombinant lineage of BQ.1* and FY.1 (XBB.1.22.1.1), Indonesia, South Korea, France, from sars-cov-2-variants/lineage-proposals#123",XCE
XCF,"Recombinant lineage of XBB* and FE.1 (XBB.1.18.1.1), possibly South America, from sars-cov-2-variants/lineage-proposals#2",XCF
XCF.1,"S:F157L, USA, from sars-cov-2-variants/lineage-proposals#274",XCF.1
XCF.2,"S:S929I, Canada",XCF.2
XCF.3,S:R78M,XCF.3
XCG,"Recombinant lineage of BA.5.2* and XBB.1, Mexico",XCG
XCH,"Recombinant lineage of GK.1.3 and XBB.1.9 (or XBB.1.16), GK.1.3 Spike with ORF9b:I5T from donor, from #2173",XCH
XCH.1,"S:T573I, from #2173",XCH.1
XCJ,"Recombinant lineage of GM.2 with a little FP.1 (XBB.1.11.1.1) sandwich inserted in ORF1ab, from sars-cov-2-variants/lineage-proposals#609",XCJ
XCK,"Recombinant lineage of FL.1.5.1 (5' up to and including S:701) and BQ.1.2.2, from #2215",XCK
XCL,"Recombinant lineage of XBB (possibly XBB.1.5.68 or FY.4) from 5' up to 12468-15754, GK.2.1 onwards, Europe, from #2227",XCL
XCM,"Recombinant lineage of XBB.2.3 and DV.7.1 (breakpoint between 22017-22031), Spain/Italy, from sars-cov-2-variants/lineage-proposals#674",XCM
XCN,"Recombinant lineage of FR.1.1 and EG.5.1.1 (breakpoint between 22630-22663), China (Anhui/Shanghai), from sars-cov-2-variants/lineage-proposals#842",XCN
XCP,"Recombinant lineage of EG.5.1.10 and JD.1.1 (breakpoint between 14190-14633), France/Denmark/England, from sars-cov-2-variants/lineage-proposals#772",XCP
XCQ,"Recombinant lineage of XBB.2.3 and XBB.1.5 (breakpoint between 23123-27431), Guatemala, from #2289",XCQ
XCR,"Recombinant lineage of GK.1.1.1 and FU.1.1.1 (breakpoint between 23674-24372), USA, from #2323",XCR
XCS,"Recombinant lineage of GK.1.9 and XBB.1.16.25 (breakpoint between 223674-25044), USA, from #2311",XCS
XCT,"Recombinant lineage of JG.4, DV.7.1, JG.4 (breakpoints at 18430-19885 and 25960-27506), Europe, from sars-cov-2-variants/lineage-proposals#811",XCT
XCT.1,"S:S704L, from #2358",XCT.1
XCU,"Recombinant lineage of XBC.1.7.1 and FL.23.2.1 (breakpoint 22329-22577), Philippines, from sars-cov-2-variants/lineage-proposals#935",XCU
XCV,"Recombinant lineage of XBB.1.16.19, EG.5.1.3, XBB.1.16.19 (breakpoints 9694-11749 and 22996-27064), USA/Canada, from #2210",XCV
XCW,"Recombinant lineage of XBB.2.3.20, XBB.1.16.15 (breakpoint 22996-27430), India/USA from #2260",XCW
XCY,"Recombinant lineage of EG.5.1.3, GK.4 (or GK.3.1) (breakpoint 21719-22569), France, from sars-cov-2-variants/lineage-proposals#887",XCY
XCZ,"Recombinant lineage of EG.5.1.1, GK.1.1 (breakpoint 18492-21718), France/Italy/England, from sars-cov-2-variants/lineage-proposals#839",XCZ
XDA,"Recombinant lineage of XBB.1.16, HN.5 (breakpoint 22102-22927), from sars-cov-2-variants/lineage-proposals#862",XDA
XDA.1,"S:L176F, from sars-cov-2-variants/lineage-proposals#1031",XDA.1
XDB,"Recombinant lineage of XBB.1.16.19, non-XBB.1.16/EG.5/XBB.2.3 XBB (breakpoint ~28000, depending on donor), Indonesia, from sars-cov-2-variants/lineage-proposals#969",XDB
XDC,"Recombinant lineage of HK.3, XBB.1.16 (breakpoint 22996-27506), China/Singapore, from sars-cov-2-variants/lineage-proposals#902",XDC
XDD,"Recombinant lineage of EG.5.1.1, JN.1, EG.5.1.1 (breakpoints at 6541-7842 and 25416-26270), USA/France/Spain, from sars-cov-2-variants/lineage-proposals#1024",XDD
XDD.1,"S:S704L, from sars-cov-2-variants/lineage-proposals#1203",XDD.1
XDD.1.1,"S:I584V, from sars-cov-2-variants/lineage-proposals#1203",XDD.1.1
XDD.1.1.1,"S:R346T, from sars-cov-2-variants/lineage-proposals#1450",XDD.1.1.1
XDD.2,"S:T307I, from sars-cov-2-variants/lineage-proposals#1176",XDD.2
XDD.3,"S:T572I, S:F456L (T22928C), G12268A, T17574G, France/Europe",XDD.3
XDE,"Recombinant lineage of GW.5.1 and FL.13.4 (breakpoint at 24034-24046), Pakistan, from #2352",XDE
XDF,"Recombinant lineage of XBB* (with C335T) and EG.5.1.3 (breakpoint around 2335-9692), from sars-cov-2-variants/lineage-proposals#1088",XDF
XDG,"Recombinant lineage of FL.37 and EG.5.2.4 (breakpoint at 6729-9693), from #2348",XDG
XDH,"Recombinant lineage of BN.1.2.8 and XBB.1.9.1 (or XBB.1.22) (breakpoint between 22630-22663), Lithuania/Belarus, from sars-cov-2-variants/lineage-proposals#128",XDH
XDJ,"Recombinant lineage of XBB.1.16.6 and HK.3.1 (breakpoint between 14857 and 16877), France, from sars-cov-2-variants/lineage-proposals#997",XDJ
XDK,"Recombinant lineage of XBB.1.16.11 (likely) and JN.1.1.1 (breakpoint between 5315 and 6182), France, from #2415",XDK
XDK.1,"S:R346T, S:G213E, G11596A, from sars-cov-2-variants/lineage-proposals#1407",XDK.1
XDK.1.1,"S:K182R, S:E213G reversion, India, from sars-cov-2-variants/lineage-proposals#1490",XDK.1.1
XDK.1.2,"S:F456L (T22928C), from sars-cov-2-variants/lineage-proposals#1407",XDK.1.2
XDK.2,"S:K679R, T4996A, C11173T, A23598G, C27297T, from sars-cov-2-variants/lineage-proposals#1385",XDK.2
XDK.3,"S:F456L (T22928C), ORF1a:F3397L, from sars-cov-2-variants/lineage-proposals#1511",XDK.3
XDK.4,C25626T,XDK.4
XDK.4.1,"S:F456L, France/Luxembourg, from sars-cov-2-variants/lineage-proposals#1467",XDK.4.1
XDK.5,"S:F456L, C22388T, Spain from #2611",XDK.5
XDK.6,"S:F456L, S:R237K, S:Q1201K, England, from sars-cov-2-variants/lineage-proposals#1572",XDK.6
XDL,"Recombinant lineage of EG.5.1.1 and non-EG.5 (breakpoint between 25573-29624) with S:I1114T, most with S:L455F(G22927T), China, from #2351",XDL
XDM,"Recombinant lineage of XDA, GW.5, XDA (breakpoints between 22107-22926 and 24047-25838), from sars-cov-2-variants/lineage-proposals#1163",XDM
XDN,"Recombinant lineage of JN.1.1 and JD.1 (breakpoint between 24379 and 24989), from #2448",XDN
XDP,"Recombinant lineage of JN.1.4+T18453C and FL.15 (breakpoint between 26834 and 27809), from #2451",XDP
XDP.1,"S:E1092D, after ORF1a:L397P, ORF1a:H388Y, from sars-cov-2-variants/lineage-proposals#1358",XDP.1
XDP.2,"S:E309Q, Brazil/Canada, from sars-cov-2-variants/lineage-proposals#1432",XDP.2
XDP.3,"S:S255F, USA",XDP.3
XDQ,"Recombinant lineage of BA.2.86.1 and FL.15.1.1 (breakpoint between 23605 and 24377), most with T22846C, Vietnam/Japan/South Korea, from #2481",XDQ
XDQ.1,"S:A475V, Japan/South Korea, from #2497",XDQ.1
XDQ.1.1,"S:S60P, C1594T, Japan, from sars-cov-2-variants/lineage-proposals#1523",XDQ.1.1
XDQ.2,"S:N487D, Vietnam, from sars-cov-2-variants/lineage-proposals#1408",XDQ.2
XDQ.3,"S:681H, Indonesia, from sars-cov-2-variants/lineage-proposals#1508",XDQ.3
XDR,"Recombinant lineage of JD.1.1.1 and JN.1.1 (breakpoint between 11043 and 11726), Brazil, from #2477",XDR
XDR.1,"S:F59S, G6077T, A14031G, C26801T, Brazil/Peru, from sars-cov-2-variants/lineage-proposals#1542",XDR.1
XDR.1.1,"S:F456L, ORF1a:A2142V, ORF1b:A2480D, ORF8:E92K, from sars-cov-2-variants/lineage-proposals#1795",XDR.1.1
XDR.1.2,"ORF1a:L3754F, ORF1b:L1890F",XDR.1.2
XDS,"Recombinant lineage of EG.5.1.3, JN.3.2.1, EG.5.1.3 (breakpoints at 8294-8392 and 26834-27506), from sars-cov-2-variants/lineage-proposals#1267",XDS
XDT,"Recombinant lineage of BA.2.86.4, GK.1 (breakpoint between 23673-24378), Ireland/UK, from #2485",XDT
XDU,"Recombinant lineage of BA.2.86.1, XBB.1.16  (breakpoint between 11957-12729), Japan, from #2502",XDU
XDV,"Recombinant lineage of XDE, JN.1, XDE, JN.1 (breakpoints between 19327-21608, 27916-28296, 28959-29534), USA/China, from #2402",XDV
XDV.1,"S:F456L (T22930A), on C11572T branch, Hong Kong",XDV.1
XDV.1.1,"S:S60P, T4579A, T9208G, China, from sars-cov-2-variants/lineage-proposals#1820",XDV.1.1
XDV.1.2,"S:R346T, N:I292T, ORF1a:L3116F, China, from sars-cov-2-variants/lineage-proposals#1617",XDV.1.2
XDV.1.2.1,"S:K462R, ORF1a:L3829F, from sars-cov-2-variants/lineage-proposals#1617",XDV.1.2.1
XDV.1.3,"S:T572I, from sars-cov-2-variants/lineage-proposals#1597",XDV.1.3
XDV.1.4,S:I1114T,XDV.1.4
XDV.1.5,"S:G184S, S:K478I, China, from sars-cov-2-variants/lineage-proposals#1840",XDV.1.5
XDV.1.5.1,"ORF1a:H1141Y, ORF1a:A1473V, ORF3a:R134H, China",XDV.1.5.1
NB.1,"Alias of XDV.1.5.1.1, S:T22N, S:F59S, ORF1a:I2709V, ORF1a:P4197S, China, from sars-cov-2-variants/lineage-proposals#1840",XDV.1.5.1.1
NB.1.1,"Alias of XDV.1.5.1.1.1, S:I478T (rev), on ORF1b:D275Y branch, from sars-cov-2-variants/lineage-proposals#2280",XDV.1.5.1.1.1
NB.1.1.1,"Alias of XDV.1.5.1.1.1.1, N:A208S, ORF1a:A372V, ORF1a:A3610V, from sars-cov-2-variants/lineage-proposals#2789",XDV.1.5.1.1.1.1
QL.1,"Alias of XDV.1.5.1.1.1.1.1, S:A435S, ORF1a:H45Y, from sars-cov-2-variants/lineage-proposals#2789",XDV.1.5.1.1.1.1.1
NB.1.2,"Alias of XDV.1.5.1.1.2, S:V1264L(G25352T), China, from sars-cov-2-variants/lineage-proposals#2307",XDV.1.5.1.1.2
NB.1.2.1,"Alias of XDV.1.5.1.1.2.1, S:I478T, C6070T, T6673C, China, from sars-cov-2-variants/lineage-proposals#2307",XDV.1.5.1.1.2.1
NB.1.3,"Alias of XDV.1.5.1.1.3, G19824A, on ORF1b:D275Y branch",XDV.1.5.1.1.3
NB.1.3.1,"Alias of XDV.1.5.1.1.3.1, S:T572I, from sars-cov-2-variants/lineage-proposals#2299",XDV.1.5.1.1.3.1
NB.1.4,"Alias of XDV.1.5.1.1.4, C26801T, on ORF1b:D275Y branch",XDV.1.5.1.1.4
NB.1.5,"Alias of XDV.1.5.1.1.5, ORF1a:A117T",XDV.1.5.1.1.5
NB.1.5.1,"Alias of XDV.1.5.1.1.5.1, S:M177I, from sars-cov-2-variants/lineage-proposals#2380",XDV.1.5.1.1.5.1
QN.1,"Alias of XDV.1.5.1.1.5.1.1, S:R346T",XDV.1.5.1.1.5.1.1
NB.1.5.2,"Alias of XDV.1.5.1.1.5.2, S:H445P",XDV.1.5.1.1.5.2
NB.1.5.3,"Alias of XDV.1.5.1.1.5.3, S:I478T (rev)",XDV.1.5.1.1.5.3
NB.1.6,"Alias of XDV.1.5.1.1.6, S:R346T, from sars-cov-2-variants/lineage-proposals#2363",XDV.1.5.1.1.6
NB.1.6.1,"Alias of XDV.1.5.1.1.6.1, S:I478T (rev), from sars-cov-2-variants/lineage-proposals#2363",XDV.1.5.1.1.6.1
NB.1.7,"Alias of XDV.1.5.1.1.7, S:T572I, from sars-cov-2-variants/lineage-proposals#2418",XDV.1.5.1.1.7
NB.1.7.1,"Alias of XDV.1.5.1.1.7.1, S:D253Y, from sars-cov-2-variants/lineage-proposals#2418",XDV.1.5.1.1.7.1
NB.1.8,"Alias of XDV.1.5.1.1.8, S:Q493E, from sars-cov-2-variants/lineage-proposals#2431",XDV.1.5.1.1.8
NB.1.8.1,"Alias of XDV.1.5.1.1.8.1, S:A435S, from sars-cov-2-variants/lineage-proposals#2431",XDV.1.5.1.1.8.1
PQ.1,"Alias of XDV.1.5.1.1.8.1.1, ORF1b:S997P",XDV.1.5.1.1.8.1.1
PQ.1.1,"Alias of XDV.1.5.1.1.8.1.1.1, N:R204P, from sars-cov-2-variants/lineage-proposals#2620",XDV.1.5.1.1.8.1.1.1
PQ.1.2,"Alias of XDV.1.5.1.1.8.1.1.2, S:I478T (rev), from sars-cov-2-variants/lineage-proposals#2594",XDV.1.5.1.1.8.1.1.2
PQ.1.3,"Alias of XDV.1.5.1.1.8.1.1.3, ORF1a:T1754I",XDV.1.5.1.1.8.1.1.3
PQ.1.4,"Alias of XDV.1.5.1.1.8.1.1.4, S:T1117I, on ORF1b:V222I branch, from sars-cov-2-variants/lineage-proposals#2708",XDV.1.5.1.1.8.1.1.4
PQ.1.5,"Alias of XDV.1.5.1.1.8.1.1.5, ORF1a:A2345V, C25156T",XDV.1.5.1.1.8.1.1.5
PQ.1.6,"Alias of XDV.1.5.1.1.8.1.1.6, ORF1a:I2230T, on ORF1b:V222I branch",XDV.1.5.1.1.8.1.1.6
PQ.1.6.1,"Alias of XDV.1.5.1.1.8.1.1.6.1, S:I478T (rev), from sars-cov-2-variants/lineage-proposals#2889",XDV.1.5.1.1.8.1.1.6.1
PQ.2,"Alias of XDV.1.5.1.1.8.1.2, ORF3a:W193R, from sars-cov-2-variants/lineage-proposals#2559",XDV.1.5.1.1.8.1.2
PQ.2.1,"Alias of XDV.1.5.1.1.8.1.2.1, S:I478T (rev), from sars-cov-2-variants/lineage-proposals#2594",XDV.1.5.1.1.8.1.2.1
PQ.2.2,"Alias of XDV.1.5.1.1.8.1.2.2, S:H1088R, Malaysia, from sars-cov-2-variants/lineage-proposals#2705",XDV.1.5.1.1.8.1.2.2
PQ.2.3,"Alias of XDV.1.5.1.1.8.1.2.3, S:Q677H, T20310C, from sars-cov-2-variants/lineage-proposals#2776",XDV.1.5.1.1.8.1.2.3
PQ.2.4,"Alias of XDV.1.5.1.1.8.1.2.4, T2680C, T17449C, from sars-cov-2-variants/lineage-proposals#2597",XDV.1.5.1.1.8.1.2.4
PQ.2.4.1,"Alias of XDV.1.5.1.1.8.1.2.4.1, S:D111N, ORF1b:T1034A",XDV.1.5.1.1.8.1.2.4.1
PQ.2.4.2,"Alias of XDV.1.5.1.1.8.1.2.4.2, S:I478T (rev)",XDV.1.5.1.1.8.1.2.4.2
PQ.2.5,"Alias of XDV.1.5.1.1.8.1.2.5, ORF3a:I20T",XDV.1.5.1.1.8.1.2.5
PQ.2.5.1,"Alias of XDV.1.5.1.1.8.1.2.5.1, S:N532S",XDV.1.5.1.1.8.1.2.5.1
PQ.2.5.2,"Alias of XDV.1.5.1.1.8.1.2.5.2, C1912T",XDV.1.5.1.1.8.1.2.5.2
PQ.2.6,"Alias of XDV.1.5.1.1.8.1.2.6, S:S446T, N:A359S, ORF1a:A2850T, from sars-cov-2-variants/lineage-proposals#2685",XDV.1.5.1.1.8.1.2.6
PQ.2.7,"Alias of XDV.1.5.1.1.8.1.2.7, C28603T",XDV.1.5.1.1.8.1.2.7
PQ.2.7.1,"Alias of XDV.1.5.1.1.8.1.2.7.1, S:N148H, from sars-cov-2-variants/lineage-proposals#2825",XDV.1.5.1.1.8.1.2.7.1
PQ.2.8,"Alias of XDV.1.5.1.1.8.1.2.8, C8344T",XDV.1.5.1.1.8.1.2.8
PQ.2.8.1,"Alias of XDV.1.5.1.1.8.1.2.8.1, S:H445P, from sars-cov-2-variants/lineage-proposals#2803",XDV.1.5.1.1.8.1.2.8.1
PQ.2.9,"Alias of XDV.1.5.1.1.8.1.2.9, C18814T",XDV.1.5.1.1.8.1.2.9
PQ.3,"Alias of XDV.1.5.1.1.8.1.3, N:H300Y, N:G321S, from sars-cov-2-variants/lineage-proposals#2578",XDV.1.5.1.1.8.1.3
PQ.4,"Alias of XDV.1.5.1.1.8.1.4, C2842T",XDV.1.5.1.1.8.1.4
PQ.4.1,"Alias of XDV.1.5.1.1.8.1.4.1, S:T572I, S:K679N, from sars-cov-2-variants/lineage-proposals#2773",XDV.1.5.1.1.8.1.4.1
PQ.4.2,"Alias of XDV.1.5.1.1.8.1.4.2, S:A522P",XDV.1.5.1.1.8.1.4.2
PQ.4.3,"Alias of XDV.1.5.1.1.8.1.4.3, S:V193L",XDV.1.5.1.1.8.1.4.3
PQ.4.4,"Alias of XDV.1.5.1.1.8.1.4.4, ORF1a:Y3685C",XDV.1.5.1.1.8.1.4.4
PQ.4.5,"Alias of XDV.1.5.1.1.8.1.4.5, ORF1a:P971L",XDV.1.5.1.1.8.1.4.5
PQ.5,"Alias of XDV.1.5.1.1.8.1.5, ORF3a:L94F, from sars-cov-2-variants/lineage-proposals#2577",XDV.1.5.1.1.8.1.5
PQ.5.1,"Alias of XDV.1.5.1.1.8.1.5.1, ORF3a:A99S, ORF8:T87I, after ORF3a:P42L, from sars-cov-2-variants/lineage-proposals#2577",XDV.1.5.1.1.8.1.5.1
PQ.5.1.1,"Alias of XDV.1.5.1.1.8.1.5.1.1, S:K150N",XDV.1.5.1.1.8.1.5.1.1
PQ.5.1.2,"Alias of XDV.1.5.1.1.8.1.5.1.2, S:S967G, ORF1a:S1857A",XDV.1.5.1.1.8.1.5.1.2
PQ.6,"Alias of XDV.1.5.1.1.8.1.6, C15720T",XDV.1.5.1.1.8.1.6
PQ.7,"Alias of XDV.1.5.1.1.8.1.7, ORF1b:P309L",XDV.1.5.1.1.8.1.7
PQ.8,"Alias of XDV.1.5.1.1.8.1.8, C25836T",XDV.1.5.1.1.8.1.8
PQ.8.1,"Alias of XDV.1.5.1.1.8.1.8.1, S:I478T, from sars-cov-2-variants/lineage-proposals#2594",XDV.1.5.1.1.8.1.8.1
PQ.9,"Alias of XDV.1.5.1.1.8.1.9, T15843A, C22987T, China",XDV.1.5.1.1.8.1.9
PQ.9.1,"Alias of XDV.1.5.1.1.8.1.9.1, S:I478T (rev), from sars-cov-2-variants/lineage-proposals#2594",XDV.1.5.1.1.8.1.9.1
PQ.9.1.1,"Alias of XDV.1.5.1.1.8.1.9.1.1, S:R681H, S:F939L, from sars-cov-2-variants/lineage-proposals#2823",XDV.1.5.1.1.8.1.9.1.1
PQ.10,"Alias of XDV.1.5.1.1.8.1.10, T7492C",XDV.1.5.1.1.8.1.10
PQ.10.1,"Alias of XDV.1.5.1.1.8.1.10.1, S:I478T (rev), from sars-cov-2-variants/lineage-proposals#2594",XDV.1.5.1.1.8.1.10.1
PQ.10.1.1,"Alias of XDV.1.5.1.1.8.1.10.1.1, S:S221L",XDV.1.5.1.1.8.1.10.1.1
PQ.10.1.2,"Alias of XDV.1.5.1.1.8.1.10.1.2, S:P174S, from sars-cov-2-variants/lineage-proposals#2943",XDV.1.5.1.1.8.1.10.1.2
PQ.10.1.3,"Alias of XDV.1.5.1.1.8.1.10.1.3, ORF3a:A103S, New Zealand, from sars-cov-2-variants/lineage-proposals#2597",XDV.1.5.1.1.8.1.10.1.3
PQ.10.1.4,"Alias of XDV.1.5.1.1.8.1.10.1.4, ORF1a:G519C",XDV.1.5.1.1.8.1.10.1.4
PQ.11,"Alias of XDV.1.5.1.1.8.1.11, ORF1a:D1229G",XDV.1.5.1.1.8.1.11
PQ.12,"Alias of XDV.1.5.1.1.8.1.12, C13968T",XDV.1.5.1.1.8.1.12
PQ.13,"Alias of XDV.1.5.1.1.8.1.13, T13764C",XDV.1.5.1.1.8.1.13
PQ.13.1,"Alias of XDV.1.5.1.1.8.1.13.1, S:I478T (rev)",XDV.1.5.1.1.8.1.13.1
PQ.13.2,"Alias of XDV.1.5.1.1.8.1.13.2, S:S680F, ORF1a:L590F, ORF1a:G1100S, ORF1a:D2980N, from sars-cov-2-variants/lineage-proposals#2775",XDV.1.5.1.1.8.1.13.2
PQ.14,"Alias of XDV.1.5.1.1.8.1.14, C3619T",XDV.1.5.1.1.8.1.14
PQ.15,"Alias of XDV.1.5.1.1.8.1.15, ORF1a:T1773I",XDV.1.5.1.1.8.1.15
PQ.16,"Alias of XDV.1.5.1.1.8.1.16, C10156T",XDV.1.5.1.1.8.1.16
PQ.17,"Alias of XDV.1.5.1.1.8.1.17, S:I478T (rev) on polytomy, from sars-cov-2-variants/lineage-proposals#2594",XDV.1.5.1.1.8.1.17
PQ.17.1,"Alias of XDV.1.5.1.1.8.1.17.1, C7834T, C29708T",XDV.1.5.1.1.8.1.17.1
PQ.17.2,"Alias of XDV.1.5.1.1.8.1.17.2, ORF1a:A4257V",XDV.1.5.1.1.8.1.17.2
PQ.17.3,"Alias of XDV.1.5.1.1.8.1.17.3, S:S680F, from sars-cov-2-variants/lineage-proposals#2912",XDV.1.5.1.1.8.1.17.3
PQ.17.4,"Alias of XDV.1.5.1.1.8.1.17.4, S:R683Q, from sars-cov-2-variants/lineage-proposals#2953",XDV.1.5.1.1.8.1.17.4
PQ.18,"Alias of XDV.1.5.1.1.8.1.18, S:S680F, from sars-cov-2-variants/lineage-proposals#2706",XDV.1.5.1.1.8.1.18
PQ.19,"Alias of XDV.1.5.1.1.8.1.19, S:T51A, S:R346K, from sars-cov-2-variants/lineage-proposals#2633",XDV.1.5.1.1.8.1.19
PQ.20,"Alias of XDV.1.5.1.1.8.1.20, S:G181A, from sars-cov-2-variants/lineage-proposals#2696",XDV.1.5.1.1.8.1.20
PQ.21,"Alias of XDV.1.5.1.1.8.1.21, S:A234S, Malaysia/Singapore, from sars-cov-2-variants/lineage-proposals#2723",XDV.1.5.1.1.8.1.21
PQ.22,"Alias of XDV.1.5.1.1.8.1.22, S:R681H",XDV.1.5.1.1.8.1.22
PQ.23,"Alias of XDV.1.5.1.1.8.1.23, S:A688V",XDV.1.5.1.1.8.1.23
PQ.24,"Alias of XDV.1.5.1.1.8.1.24, S:I210T, from #3013",XDV.1.5.1.1.8.1.24
PQ.25,"Alias of XDV.1.5.1.1.8.1.25, S:I1114T, from sars-cov-2-variants/lineage-proposals#2668",XDV.1.5.1.1.8.1.25
PQ.25.1,"Alias of XDV.1.5.1.1.8.1.25.1, T29524C",XDV.1.5.1.1.8.1.25.1
PQ.25.2,"Alias of XDV.1.5.1.1.8.1.25.2, S:I478T (rev), ORF1a:L204F, ORF1b:P1570S",XDV.1.5.1.1.8.1.25.2
PQ.25.3,"Alias of XDV.1.5.1.1.8.1.25.3, C22498T",XDV.1.5.1.1.8.1.25.3
PQ.25.3.1,"Alias of XDV.1.5.1.1.8.1.25.3.1, S:T95I",XDV.1.5.1.1.8.1.25.3.1
PQ.26,"Alias of XDV.1.5.1.1.8.1.26, N:S23P",XDV.1.5.1.1.8.1.26
PQ.27,"Alias of XDV.1.5.1.1.8.1.27, S:D253V",XDV.1.5.1.1.8.1.27
PQ.28,"Alias of XDV.1.5.1.1.8.1.28, S:S98F, from sars-cov-2-variants/lineage-proposals#2755",XDV.1.5.1.1.8.1.28
PQ.29,"Alias of XDV.1.5.1.1.8.1.29, S:H445P, ORF1a:A859T, ORF1b:N734H, ORF1b:A1443T, from sars-cov-2-variants/lineage-proposals#2769",XDV.1.5.1.1.8.1.29
PQ.30,"Alias of XDV.1.5.1.1.8.1.30, ORF1a:A3697V, ORF3a:L101F, from sars-cov-2-variants/lineage-proposals#2597",XDV.1.5.1.1.8.1.30
PQ.31,"Alias of XDV.1.5.1.1.8.1.31, C19662T, C23896T",XDV.1.5.1.1.8.1.31
PQ.31.1,"Alias of XDV.1.5.1.1.8.1.31.1, S:I478T (rev)",XDV.1.5.1.1.8.1.31.1
PQ.32,"Alias of XDV.1.5.1.1.8.1.32, S:T572I, from sars-cov-2-variants/lineage-proposals#2640",XDV.1.5.1.1.8.1.32
PQ.33,"Alias of XDV.1.5.1.1.8.1.33, ORF1a:A687T, C11668T",XDV.1.5.1.1.8.1.33
PQ.34,"Alias of XDV.1.5.1.1.8.1.34, S:R683Q, from sars-cov-2-variants/lineage-proposals#2788",XDV.1.5.1.1.8.1.34
PQ.34.1,"Alias of XDV.1.5.1.1.8.1.34.1, S:T572I",XDV.1.5.1.1.8.1.34.1
PQ.35,"Alias of XDV.1.5.1.1.8.1.35, ORF3a:T151I, from sars-cov-2-variants/lineage-proposals#2597",XDV.1.5.1.1.8.1.35
PQ.36,"Alias of XDV.1.5.1.1.8.1.36, T13120C",XDV.1.5.1.1.8.1.36
PQ.37,"Alias of XDV.1.5.1.1.8.1.37, S:S680P, ORF1a:V2061F, M:L29F, from sars-cov-2-variants/lineage-proposals#2835",XDV.1.5.1.1.8.1.37
NB.1.9,"Alias of XDV.1.5.1.1.9, S:L176F, S:H445P, from sars-cov-2-variants/lineage-proposals#2460",XDV.1.5.1.1.9
NB.1.10,"Alias of XDV.1.5.1.1.10, S:S680F",XDV.1.5.1.1.10
NB.1.11,"Alias of XDV.1.5.1.1.11, S:A958S, N:A182S, ORF1a:R1163G, from sars-cov-2-variants/lineage-proposals#2321",XDV.1.5.1.1.11
NB.1.12,"Alias of XDV.1.5.1.1.12, S:H445P, ORf1a:L624F, ORF1a:A2690V, from sars-cov-2-variants/lineage-proposals#2575",XDV.1.5.1.1.12
NB.1.13,"Alias of XDV.1.5.1.1.13, S:H445P, ORF1a:T708I, ORf1a:V1211F",XDV.1.5.1.1.13
XDV.1.6,"S:K478T, S:A263T, ORF1a:V1783I, ORF1a:E1209D",XDV.1.6
XDV.1.7,"ORF1a:D2980N, C8950T, China",XDV.1.7
XDV.1.7.1,"S:T22N, S:V62F, C5173T, from sars-cov-2-variants/lineage-proposals#1966",XDV.1.7.1
PN.1,"Alias of XDV.1.7.1.1, S:K478T, ORF1a:L681F, ORF1a:A591V, from sars-cov-2-variants/lineage-proposals#2276",XDV.1.7.1.1
XDV.1.7.2,"N:T366I, ORF1a:F3604L, C28606T",XDV.1.7.2
XDV.1.7.3,"ORF1a:M3733V, S:W64L, on C5173T branch",XDV.1.7.3
XDV.1.7.4,"S:K478T (rev), ORF1a:L1797I",XDV.1.7.4
XDV.1.7.5,ORF1a:A516V,XDV.1.7.5
XDV.1.8,"T2551C, T9892G",XDV.1.8
XDV.1.9,ORF1a:T2197I,XDV.1.9
XDV.1.9.1,"S:A435S, from sars-cov-2-variants/lineage-proposals#1956",XDV.1.9.1
XDV.1.10,"ORF1a:T4175I, S:G181V, China, from sars-cov-2-variants/lineage-proposals#1849",XDV.1.10
XDV.1.11,T4057C,XDV.1.11
XDV.1.12,C25416T,XDV.1.12
XDW,"Recombinant lineage of JN.2 (T1030C branch), XDA (breakpoint between 23424-23603), Japan, from sars-cov-2-variants/lineage-proposals#1471",XDW
XDY,"Recombinant lineage of LB.1.2.1 and KP.3.2 (breakpoint between 22131-22599), Sweden/Spain, from sars-cov-2-variants/lineage-proposals#1559",XDY
XDY.1,"S:A435S, S:A1174T, N:R36Q, ORF7a:P34L, ORF9b:D33N, France, from sars-cov-2-variants/lineage-proposals#2014",XDY.1
XDY.1.1,"S:T572I, from sars-cov-2-variants/lineage-proposals#2014",XDY.1.1
XDY.2,"S:Q677H, S:R346T, from #2866",XDY.2
XDY.3,"S:A435S, ORF1a:T4129I, from sars-cov-2-variants/lineage-proposals#2281",XDY.3
XDY.3.1,"S:R346T, ORF1b:Y710C, from sars-cov-2-variants/lineage-proposals#2281",XDY.3.1
XDY.3.2,"C18657T, on G10870C branch",XDY.3.2
XDY.3.3,"ORF1a:I581V, on G10870C branch",XDY.3.3
XDY.4,"S:R346T, from sars-cov-2-variants/lineage-proposals#1784",XDY.4
XDY.5,G18756A,XDY.5
XDY.5.1,"S:T572I, USA",XDY.5.1
XDY.6,ORF3a:I35T,XDY.6
XDY.7,C6781T,XDY.7
XDY.8,C23086T,XDY.8
XDY.9,ORF7a:L96F,XDY.9
XDY.10,"ORF1a:C720F, ORF1a:A1679V",XDY.10
XDY.11,N:G18S,XDY.11
XDY.12,ORF1a:V1866I,XDY.12
XDY.12.1,S:A435S,XDY.12.1
XDY.12.1.1,S:K150E,XDY.12.1.1
XDZ,"Recombinant lineage of JG.3 and JN.1.1.10 (breakpoint between 11043-12788), Europe/North America, from sars-cov-2-variants/lineage-proposals#1356",XDZ
XEA,"Recombinant lineage of JN.1.63.1 and EG.5 (breakpoint between 27057-27915), East Asia",XEA
XEB,"Recombinant lineage of FL.15, JN.1.4+T18453C, FL.15 (breakpoints at 774-896 and 26834-27809), USA, from sars-cov-2-variants/lineage-proposals#1290",XEB
XEC,"Recombinant lineage of KS.1.1 (JN.1.13.1.1.1) and KP.3.3 (breakpoint 21738-22599), most with ORF1a:A599T, Europe (Germany), from #2717",XEC
XEC.1,"S:K182R, ORF1a:L4182F, France/Ireland/Canada, from sars-cov-2-variants/lineage-proposals#1869",XEC.1
XEC.2,"ORF1a:I1367L, lacking ORF1a:A599T, from sars-cov-2-variants/lineage-proposals#1908",XEC.2
XEC.2.1,"ORF1a:V3336F, from sars-cov-2-variants/lineage-proposals#2135",XEC.2.1
XEC.2.2,ORF1a:I280T,XEC.2.2
XEC.2.2.1,"S:T572I, from sars-cov-2-variants/lineage-proposals#2088",XEC.2.2.1
XEC.2.3,"N:T379I, T16476C, on T7168C branch, from sars-cov-2-variants/lineage-proposals#2104",XEC.2.3
XEC.2.3.1,"S:G181V, from sars-cov-2-variants/lineage-proposals#2104",XEC.2.3.1
XEC.2.4,"S:T572I, S:R681H, Australia",XEC.2.4
XEC.2.5,"S:R765L, from sars-cov-2-variants/lineage-proposals#2088",XEC.2.5
XEC.2.6,"N:S37P, ORF1b:M1677I",XEC.2.6
XEC.2.7,"N:S23P, ORF3a:S40L",XEC.2.7
XEC.2.8,"ORF1b:P1851S, on T7168C branch",XEC.2.8
XEC.2.9,"ORF1b:I1227M, on T7168C branch",XEC.2.9
XEC.2.10,"S:G75R, on T7168C branch, from sars-cov-2-variants/lineage-proposals#2088",XEC.2.10
XEC.3,"S:E1202Q, from sars-cov-2-variants/lineage-proposals#2088",XEC.3
XEC.4,"S:T572I, most with ORF1a:T2016I, from sars-cov-2-variants/lineage-proposals#2087",XEC.4
XEC.4.1,"T23584C, C27294T, C29353T, Australia",XEC.4.1
XEC.4.1.1,"C2716T, C12710T",XEC.4.1.1
PT.1,"Alias of XEC.4.1.1.1, S:A435S, from sars-cov-2-variants/lineage-proposals#2522",XEC.4.1.1.1
XEC.4.1.2,ORF1b:K82R,XEC.4.1.2
QG.1,"Alias of XEC.4.1.2.1, S:Q1201K, from sars-cov-2-variants/lineage-proposals#2545",XEC.4.1.2.1
XEC.4.1.3,ORF1a:F2881V,XEC.4.1.3
PU.1,"Alias of XEC.4.1.3.1, S:K679R, from sars-cov-2-variants/lineage-proposals#2538",XEC.4.1.3.1
XEC.4.1.4,C4586T,XEC.4.1.4
XEC.4.1.5,"S:R681H, A12820G, from sars-cov-2-variants/lineage-proposals#2483",XEC.4.1.5
XEC.4.1.6,C12484T,XEC.4.1.6
XEC.4.2,"ORF1b:D1869Y, Japan",XEC.4.2
XEC.4.3,"G7675A, C28603T",XEC.4.3
XEC.4.4,ORF1a:V1025A,XEC.4.4
XEC.4.5,ORF1b:A1884S,XEC.4.5
XEC.4.5.1,"S:A435S, ORF1a:H110Y, ORF1a:T2977I, from sars-cov-2-variants/lineage-proposals#2596",XEC.4.5.1
XEC.4.6,C7844T,XEC.4.6
XEC.4.6.1,"S:A435S, from sars-cov-2-variants/lineage-proposals#2489",XEC.4.6.1
XEC.4.7,"S:R765H, on C5986T, C8683T branch",XEC.4.7
XEC.4.8,"S:T29I, on C5986T, C8683T branch, from sars-cov-2-variants/lineage-proposals#2591",XEC.4.8
XEC.4.9,"S:S680Y, from sars-cov-2-variants/lineage-proposals#2546",XEC.4.9
XEC.5,"S:G72R, from sars-cov-2-variants/lineage-proposals#2088",XEC.5
XEC.5.1,S:R346K,XEC.5.1
XEC.6,"S:S680F, from sars-cov-2-variants/lineage-proposals#2088",XEC.6
XEC.7,"S:W152R, S:P1263Q, from sars-cov-2-variants/lineage-proposals#2088",XEC.7
XEC.8,T24376C,XEC.8
XEC.8.1,"S:G72R, from sars-cov-2-variants/lineage-proposals#2088",XEC.8.1
XEC.9,ORF1a:T2274I,XEC.9
XEC.10,"S:G75R, from sars-cov-2-variants/lineage-proposals#2088",XEC.10
XEC.11,"S:K182N, C829T, from sars-cov-2-variants/lineage-proposals#2088",XEC.11
XEC.11.1,"S:V1264L (G25352C), ORF1a:V2090F, from sars-cov-2-variants/lineage-proposals#2088",XEC.11.1
XEC.11.1.1,S:G842S,XEC.11.1.1
XEC.12,"S:G252S, T25039C, from sars-cov-2-variants/lineage-proposals#1993",XEC.12
XEC.13,"S:S98F, from sars-cov-2-variants/lineage-proposals#2088",XEC.13
XEC.14,ORF1a:A138T,XEC.14
XEC.14.1,C643T,XEC.14.1
XEC.14.1.1,"S:A435S, N:P326S, from sars-cov-2-variants/lineage-proposals#2540",XEC.14.1.1
XEC.15,"ORF1b:M2322I, C9803T",XEC.15
XEC.16,"S:T678I, from sars-cov-2-variants/lineage-proposals#2088",XEC.16
XEC.17,"S:T95I, on ORF1a:A599T branch, Israel, from #2879",XEC.17
XEC.18,"G28378T (ORF9b:R32L), from #2813",XEC.18
XEC.18.1,"S:S680Y, ORF1a:L1249F, from sars-cov-2-variants/lineage-proposals#2088",XEC.18.1
XEC.18.1.1,"S:K478E, S:V1264L, ORF1a:E1801D, ORF3a:Q38R, Malaysia/Thailand, from sars-cov-2-variants/lineage-proposals#2690",XEC.18.1.1
XEC.18.2,"S:A435S, ORF7a:L96P",XEC.18.2
XEC.18.3,"S:S680A, from sars-cov-2-variants/lineage-proposals#2088",XEC.18.3
XEC.18.4,S:K679T,XEC.18.4
XEC.19,C4423T,XEC.19
XEC.20,ORF1a:T1000I,XEC.20
XEC.20.1,"S:A435S, S:S704L, Japan, from sars-cov-2-variants/lineage-proposals#2088",XEC.20.1
XEC.21,"S:T572I, C2788T, USA, from #2891",XEC.21
XEC.22,"S:K679R, C25521T, from sars-cov-2-variants/lineage-proposals#2088",XEC.22
XEC.23,T26540C,XEC.23
XEC.23.1,"S:T345S, ORF1a:A3620V, Wales",XEC.23.1
XEC.24,C28849T,XEC.24
XEC.24.1,"S:T345S, from sars-cov-2-variants/lineage-proposals#2088",XEC.24.1
XEC.25,C10228T,XEC.25
XEC.25.1,"S:A435S, ORF1b:A2222V, from sars-cov-2-variants/lineage-proposals#2485",XEC.25.1
XEC.25.1.1,"S:T572I, on ORF1a:L590F branch, from sars-cov-2-variants/lineage-proposals#2521",XEC.25.1.1
XEC.25.1.2,"S:T29I, on ORF1a:L590F branch, from sars-cov-2-variants/lineage-proposals#2556",XEC.25.1.2
XEC.25.1.3,"S:A475V, from sars-cov-2-variants/lineage-proposals#2564",XEC.25.1.3
XEC.26,"S:V1176F, ORF3a:T89I, from #2932",XEC.26
XEC.27,"S:T240I, S:R346T, S:H445R, G13441A, from sars-cov-2-variants/lineage-proposals#2443",XEC.27
XEC.27.1,"S:N148S, N:P162H, Mexico, from sars-cov-2-variants/lineage-proposals#2646",XEC.27.1
XEC.27.2,"S:K182N, from sars-cov-2-variants/lineage-proposals#2647",XEC.27.2
XEC.27.2.1,ORF7a:I100V,XEC.27.2.1
XEC.27.2.2,"S:K478T (rev), T6763C, from sars-cov-2-variants/lineage-proposals#2869",XEC.27.2.2
XEC.28,ORF1a:A1679V,XEC.28
XEC.29,C5812T,XEC.29
XEC.30,T24022C,XEC.30
XEC.31,ORF1a:L1249F,XEC.31
XEC.32,ORF8:S67F,XEC.32
XEC.32.1,"S:A435S, S:K679R, on ORF1a:V2665I, ORF1b:H2065Y branch, from sars-cov-2-variants/lineage-proposals#2558",XEC.32.1
XEC.32.2,C10802T,XEC.32.2
XEC.32.3,"ORF1b:T2040I, on ORF1a:V2665I, ORF1b:H2065Y branch",XEC.32.3
XEC.33,T10771C,XEC.33
XEC.34,"S:V1264L (G25352T), T23104A, from sars-cov-2-variants/lineage-proposals#2088",XEC.34
XEC.35,ORF1b:T310I,XEC.35
XEC.35.1,"S:N1187T, N:T379I, from sars-cov-2-variants/lineage-proposals#2583",XEC.35.1
XEC.36,C29200T,XEC.36
XEC.37,"S:V1264L (G25352C), from sars-cov-2-variants/lineage-proposals#2548",XEC.37
XEC.38,"S:V1264L (G25352T), from sars-cov-2-variants/lineage-proposals#2088",XEC.38
XEC.39,C24034T,XEC.39
XEC.40,"G2272A, C15540T",XEC.40
XEC.41,ORF1a:E931D,XEC.41
XEC.42,"N:G214S, ORF1a:M2365I, ORF1b:H1550R",XEC.42
XEC.43,ORF1a:C2210F,XEC.43
XED,"Recombinant lineage of JN.1.4 and LF.1.1.1 (breakpoint 19210-21652), from #2691",XED
XEE,"Recombinant lineage of KP.2.3.7 and JN.1* (breakpoint 24873-25592), from #2721",XEE
XEF,"Recombinant lineage of LB.1.4 and KP.3 (breakpoint 22600-23038), from sars-cov-2-variants/lineage-proposals#1855",XEF
XEF.1,"S:G213E, from sars-cov-2-variants/lineage-proposals#2130",XEF.1
XEF.2,"S:F306L, from sars-cov-2-variants/lineage-proposals#2131",XEF.2
XEF.3,"S:T572I, from sars-cov-2-variants/lineage-proposals#2305",XEF.3
XEG,"Recombinant lineage of JN.3.2.1, GJ.1.2, JN.3.2.1, GJ.1.2 (breakpoints: 2940-3430, 11043-12788, 28210-28957), from sars-cov-2-variants/lineage-proposals#1428",XEG
XEH,"Recombinant lineage of KP.1.1.3, KP.3 (breakpoint: 22599-23039), from #2790",XEH
XEJ,"Recombinant lineage of JN.1, LF.1.1.1 (breakpoint: 6574-16550), from #2786",XEJ
XEJ.1,"ORF1a:A2508V, C6070T",XEJ.1
XEJ.2,"S:R190S, from sars-cov-2-variants/lineage-proposals#1771",XEJ.2
XEJ.3,C12778T,XEJ.3
XEK,"Recombinant lineage of KP.2.3, XEC (breakpoint: 9286-15402), from #2774",XEK
XEK.1,"ORF1a:R1170H, from sars-cov-2-variants/lineage-proposals#2179",XEK.1
XEK.1.1,"S:S680P, from sars-cov-2-variants/lineage-proposals#2179",XEK.1.1
XEK.1.2,ORF1a:P2144L,XEK.1.2
XEK.1.2.1,S:R765L,XEK.1.2.1
XEK.2,"ORF3a:A23S, from sars-cov-2-variants/lineage-proposals#2179",XEK.2
XEK.2.1,S:V1264L,XEK.2.1
XEK.3,"ORF1b:P970L, ORF1b:T1511I",XEK.3
XEK.4,"S:S680F, from sars-cov-2-variants/lineage-proposals#2088",XEK.4
XEK.5,C478T,XEK.5
XEK.5.1,"S:A262D, from sars-cov-2-variants/lineage-proposals#2481",XEK.5.1
XEK.5.2,"S:R346T, from sars-cov-2-variants/lineage-proposals#2589",XEK.5.2
XEK.6,"S:Y1155F, from sars-cov-2-variants/lineage-proposals#2088",XEK.6
XEK.7,"S:ins16IPLF(M>I mutated based on S:ins16MPLF), C27429T, from sars-cov-2-variants/lineage-proposals#2088",XEK.7
XEK.7.1,S:R346T,XEK.7.1
XEK.8,S:T572I,XEK.8
XEL,"Recombinant lineage of KS.1.1.2, JN.1 (breakpoint: 22929-24820), South Korea, from #2751",XEL
XEL.1,"S:V1264L(G25352T), from sars-cov-2-variants/lineage-proposals#2284",XEL.1
XEL.2,"S:V159I, Russia, from #2854",XEL.2
XEL.3,ORF1a:P971L,XEL.3
XEL.4,"S:R190S, S:S680F, from sars-cov-2-variants/lineage-proposals#2138",XEL.4
XEL.5,"S:M177T, ORF1a:F586S, from sars-cov-2-variants/lineage-proposals#2377",XEL.5
XEL.6,"S:478E, from sars-cov-2-variants/lineage-proposals#2191",XEL.6
XEM,"Recombinant lineage of KS.1, KP.3.3.1 (breakpoint: 22600-23038), from sars-cov-2-variants/lineage-proposals#2105",XEM
XEN,"Recombinant lineage of KP.1.1.6, JN.1.11.1 (breakpoint: 22620-24818), most with further ORF3a:V13L, from #2791",XEN
XEN.1,"S:R683Q, from sars-cov-2-variants/lineage-proposals#2369",XEN.1
XEN.2,"S:V622A, from sars-cov-2-variants/lineage-proposals#2389",XEN.2
XEP,"Recombinant lineage of KP.3.1.1, NP.2 (breakpoint: 21656-22864), from sars-cov-2-variants/lineage-proposals#2166",XEP
XEP.1,"C8950T, C9286T",XEP.1
XEP.1.1,"S:R346T, from sars-cov-2-variants/lineage-proposals#2452",XEP.1.1
XEP.2,T14619C,XEP.2
XEP.3,N:P80T,XEP.3
XEQ,"Recombinant lineage of KS.1.1.2, KP.3 (breakpoint: 22600-23038), from #2817",XEQ
XER,"Recombinant lineage of KS.2, LF.7 (breakpoint: 18349-21626), from sars-cov-2-variants/lineage-proposals#2259",XER
XES,"Recombinant lineage of KP.2.3.15, KP.3.3 (breakpoint: 22001-22598), from #2783",XES
XES.1,"S:R346T, from sars-cov-2-variants/lineage-proposals#2049",XES.1
XES.1.1,S:A522P,XES.1.1
XET,"Recombinant lineage of KP.1.1.1., KP.3.1.1 (breakpoint: 20105-21652), from sars-cov-2-variants/lineage-proposals#2302",XET
XEU,"Recombinant lineage of XEK, XEC.8 (breakpoint: 3506-5700), from sars-cov-2-variants/lineage-proposals#2298",XEU
XEV,"Recombinant lineage of KP.3.1.1, XEC.18 (breakpoint: 12617-13120), from #2813",XEV
XEW,"Recombinant lineage of KP.3.1.1, XEC.8 (breakpoint: 13122-15371), from #2842  ",XEW
XEY,"Recombinant lineage of MC.29, XEC (breakpoint: 17746-18656)",XEY
XEZ,"Recombinant lineage of MC.6, XEC (breakpoint: 15373-17333), from sars-cov-2-variants/lineage-proposals#2272",XEZ
XFA,"Recombinant lineage of MC.1.1.1, XEC.4.1 (breakpoint: 13298-14219), from #2878",XFA
XFB,"Recombinant lineage of MC.24, XDY.1.1, MC.24 (breakpoints: 19723-22110,23278-25081), from #2877",XFB
XFB.1,ORF1a:E3906G,XFB.1
XFB.2,"S:R765H, from sars-cov-2-variants/lineage-proposals#2550",XFB.2
XFB.3,G29449T,XFB.3
XFC,"Recombinant lineage of LP.8.1.1, LF.7, LP.8.1.1 (breakpoints: 8818-12891,22120-22892), from sars-cov-2-variants/lineage-proposals#2323",XFC
XFC.1,ORF1a:S1515F,XFC.1
XFC.1.1,ORF1a:T283A,XFC.1.1
XFC.1.1.1,"S:K478E, from sars-cov-2-variants/lineage-proposals#2573",XFC.1.1.1
XFC.1.2,"S:H207Y, from sars-cov-2-variants/lineage-proposals#2572",XFC.1.2
XFC.1.3,ORF1a:A1473V,XFC.1.3
XFC.1.4,S:K478E,XFC.1.4
XFC.1.5,C9541T,XFC.1.5
XFC.1.6,ORF1b:D729E,XFC.1.6
XFC.1.7,C4084T,XFC.1.7
XFC.1.8,G13201T,XFC.1.8
XFC.1.9,T26756A,XFC.1.9
XFC.2,"S:A475V, from sars-cov-2-variants/lineage-proposals#2537",XFC.2
XFC.3,ORF1a:A2128T,XFC.3
XFC.3.1,"S:K478E, C5020T, C21697T, T25072C, C28732T, Costa Rica",XFC.3.1
XFC.3.2,"S:K478T (rev), ORF3a:R134C",XFC.3.2
XFC.3.3,ORF1b:A2431V,XFC.3.3
XFD,"Recombinant lineage of MC.36.1, XEC (breakpoint: 19723-21626)",XFD
XFE,"Recombinant lineage of MC.37, XEC.19 (breakpoint: 19723-21626)",XFE
XFF,"Recombinant lineage of LB.1.3, MZ.4.1 (breakpoint: 22599-22994), from sars-cov-2-variants/lineage-proposals#2373",XFF
XFF.1,"S:A435S, from sars-cov-2-variants/lineage-proposals#2531",XFF.1
XFG,"Recombinant lineage of LF.7, LP.8.1.2, LF.7 (breakpoints: 22894-22895, 23040-24818), from sars-cov-2-variants/lineage-proposals#2449",XFG
XFG.1,"S:E96D, S:R445P, on T16224C branch, from sars-cov-2-variants/lineage-proposals#2560",XFG.1
XFG.1.1,"S:W452R (rev), ORF7a:V8A (rev), M:V104L, from sars-cov-2-variants/lineage-proposals#2796",XFG.1.1
XFG.2,"N:V270L, ORF1b:K2557R, on C20178T branch, USA-NY, from sars-cov-2-variants/lineage-proposals#2553",XFG.2
XFG.2.1,"S:A1070V, from sars-cov-2-variants/lineage-proposals#2751",XFG.2.1
XFG.2.2,"S:P1263L, from sars-cov-2-variants/lineage-proposals#2667",XFG.2.2
XFG.2.3,"G27621A, from sars-cov-2-variants/lineage-proposals#2738",XFG.2.3
XFG.2.3.1,"S:N417T, from sars-cov-2-variants/lineage-proposals#2738",XFG.2.3.1
XFG.2.4,"S:L176F, from sars-cov-2-variants/lineage-proposals#3011",XFG.2.4
XFG.3,C13608T,XFG.3
XFG.3.1,"S:D1084G, ORF1a:L2122F, 29770-29775del, from sars-cov-2-variants/lineage-proposals#2617",XFG.3.1
XFG.3.1.1,ORF1b:T2171N,XFG.3.1.1
XFG.3.1.2,C11653T,XFG.3.1.2
QK.1,"Alias of XFG.3.1.2.1, S:Q218H, on ORF1b:D161G branch, from sars-cov-2-variants/lineage-proposals#2785",XFG.3.1.2.1
QK.1.1,"Alias of XFG.3.1.2.1.1, S:A845S, from sars-cov-2-variants/lineage-proposals#2901",XFG.3.1.2.1.1
QK.2,"Alias of XFG.3.1.2.2, S:S680P, ORF1a:A1060T, ORF1a:H1113Y, from sars-cov-2-variants/lineage-proposals#2814",XFG.3.1.2.2
QK.3,"Alias of XFG.3.1.2.3, S:L8F, from sars-cov-2-variants/lineage-proposals#2724",XFG.3.1.2.3
QK.4,"Alias of XFG.3.1.2.4, ORF1a:P2018L, on ORF1b:D161G branch",XFG.3.1.2.4
XFG.3.1.3,T29026C,XFG.3.1.3
XFG.3.1.4,"S:D936Y, ORF1b:S1779I, from sars-cov-2-variants/lineage-proposals#2857",XFG.3.1.4
XFG.3.1.5,"S:V308L, from sars-cov-2-variants/lineage-proposals#2866",XFG.3.1.5
XFG.3.1.6,"ORF3a:K16R, Singapore, from sars-cov-2-variants/lineage-proposals#2728",XFG.3.1.6
XFG.3.1.7,"S:G268S, S:A376S, from sars-cov-2-variants/lineage-proposals#2746",XFG.3.1.7
XFG.3.1.8,"ORF1a:D996N, ORF1a:T1240I",XFG.3.1.8
XFG.3.1.9,N:I379T (rev),XFG.3.1.9
XFG.3.1.10,"S:S704L, C5167T, from sars-cov-2-variants/lineage-proposals#2768",XFG.3.1.10
XFG.3.2,"ORF1a:H1500Y, ORF1a:V2047I",XFG.3.2
XFG.3.3,"S:S680F, on C10615T branch, from sars-cov-2-variants/lineage-proposals#2609",XFG.3.3
XFG.3.3.1,ORF1a:L2062F,XFG.3.3.1
XFG.3.4,"C18885T, T28822G, on C10615T branch",XFG.3.4
XFG.3.4.1,"S:S680P, on T15762C branch, from sars-cov-2-variants/lineage-proposals#2602",XFG.3.4.1
QF.1,"Alias of XFG.3.4.1.1, S:L244S, C3695T, C9979T",XFG.3.4.1.1
QF.1.1,"Alias of XFG.3.4.1.1.1, ORF8:G66V",XFG.3.4.1.1.1
QF.1.1.1,"Alias of XFG.3.4.1.1.1.1, S:A1174V",XFG.3.4.1.1.1.1
QF.2,"Alias of XFG.3.4.1.2, C27812T",XFG.3.4.1.2
QF.3,"Alias of XFG.3.4.1.3, ORF1a:P1921L",XFG.3.4.1.3
QF.4,"Alias of XFG.3.4.1.4, C15960A, C28651T",XFG.3.4.1.4
QF.5,"Alias of XFG.3.4.1.5, C5284T",XFG.3.4.1.5
QF.5.1,"Alias of XFG.3.4.1.5.1, S:S704L",XFG.3.4.1.5.1
QF.6,"Alias of XFG.3.4.1.6, S:A958S, UK",XFG.3.4.1.6
XFG.3.4.2,ORF1a:A372T,XFG.3.4.2
QT.1,"Alias of XFG.3.4.2.1, C3817T",XFG.3.4.2.1
QT.1.1,"Alias of XFG.3.4.2.1.1, S:S680P, on ORF1b:T1637I branch, from sars-cov-2-variants/lineage-proposals#2779",XFG.3.4.2.1.1
QT.1.2,"Alias of XFG.3.4.2.1.2, ORF1a:L1914I, ORf7a:T120I, on ORF1b:T1637I branch",XFG.3.4.2.1.2
QT.2,"Alias of XFG.3.4.2.2, S:K529R, N:E136D, ORF1a:Y1920H, Brazil, from sars-cov-2-variants/lineage-proposals#2847",XFG.3.4.2.2
QT.3,"Alias of XFG.3.4.2.3, S:K679R, from sars-cov-2-variants/lineage-proposals#2970",XFG.3.4.2.3
XFG.3.4.3,"T24289A, on T15762C branch",XFG.3.4.3
QS.1,"Alias of XFG.3.4.3.1, C8419T, from sars-cov-2-variants/lineage-proposals#2916",XFG.3.4.3.1
QS.2,"Alias of XFG.3.4.3.2, S:K679R, from sars-cov-2-variants/lineage-proposals#2765",XFG.3.4.3.2
XFG.3.4.4,"S:V367I, N:A152S, ORF1b:A520T, on T15762C branch, from sars-cov-2-variants/lineage-proposals#2816",XFG.3.4.4
XFG.3.4.5,"S:S680P, S:A1174V, N:G5E",XFG.3.4.5
XFG.3.4.6,C15763T,XFG.3.4.6
XFG.3.4.7,"ORF1b:P2169S, T580A",XFG.3.4.7
XFG.3.4.8,C29200T,XFG.3.4.8
XFG.3.4.9,ORF1a:V2766F,XFG.3.4.9
XFG.3.5,"ORF1b:M2025V, on C10615T branch",XFG.3.5
XFG.3.5.1,"S:A688V, from sars-cov-2-variants/lineage-proposals#2697",XFG.3.5.1
XFG.3.5.2,S:S680F,XFG.3.5.2
XFG.3.6,"ORF1a:L3086F, on C10615T branch",XFG.3.6
XFG.3.7,"ORF3a:L52F, on C10615T branch, from sars-cov-2-variants/lineage-proposals#2656",XFG.3.7
XFG.3.7.1,S:S680F,XFG.3.7.1
XFG.3.8,"ORF3a:E19G, on A28877T, G28878C branch, from sars-cov-2-variants/lineage-proposals#2784",XFG.3.8
XFG.3.8.1,"S:V622A , from sars-cov-2-variants/lineage-proposals#2784",XFG.3.8.1
XFG.3.9,T7999C,XFG.3.9
XFG.3.10,C27893T,XFG.3.10
XFG.3.11,"C15738T, Myanmar",XFG.3.11
XFG.3.12,C556T,XFG.3.12
XFG.3.12.1,"S:A376S, ORF1a:R560C, from sars-cov-2-variants/lineage-proposals#2746",XFG.3.12.1
XFG.3.13,"S:G946R, ORF1a:L3339F, on A28877T, G28878C branch, from sars-cov-2-variants/lineage-proposals#2794",XFG.3.13
XFG.3.14,"S:S704L, C6031T, on C10615T branch, from sars-cov-2-variants/lineage-proposals#2768",XFG.3.14
XFG.3.15,"G28681A, on C10615T branch",XFG.3.15
XFG.3.16,"C3565T (rev), C25096T, on C10615T branch",XFG.3.16
XFG.3.16.1,"S:W64L, from sars-cov-2-variants/lineage-proposals#2960",XFG.3.16.1
XFG.3.17,"C10993T, C16260T",XFG.3.17
XFG.3.18,"C11866T, on C10615T branch",XFG.3.18
XFG.3.18.1,"S:A845S, Brazil, from sars-cov-2-variants/lineage-proposals#2753",XFG.3.18.1
XFG.3.19,"C2143T, after C29769T, on A28877T, G28878C branch",XFG.3.19
XFG.3.20,"C6040T, after C29769T, on A28877T, G28878C branch",XFG.3.20
XFG.3.21,"G2185A, after C29769T, on A28877T, G28878C branch",XFG.3.21
XFG.3.22,"ORF1a:E670K, C2455T, on A28877T, G28878C branch",XFG.3.22
XFG.3.23,"ORF1a:S944L, on C10615T branch",XFG.3.23
XFG.3.24,"A15189G, on C10615T branch",XFG.3.24
XFG.3.25,"S:L441I, N:T24I, ORF1a:H2092Y, on C10615T branch, from sars-cov-2-variants/lineage-proposals#2998",XFG.3.25
XFG.3.26,"S:K679R, ORF1b:Y2329H, on C10615T branch, from sars-cov-2-variants/lineage-proposals#2795",XFG.3.26
XFG.3.27,"ORF3a:R134H, A1588G, on C10615T branch, from sars-cov-2-variants/lineage-proposals#2891",XFG.3.27
XFG.3.27.1,"ORF1a:K1753R, on A4624G branch",XFG.3.27.1
XFG.3.27.2,"C11339T, C12085T, on A4624G branch",XFG.3.27.2
XFG.3.28,"S:G184A, ORF1a:S2500F, N:P67S, on C10615T branch",XFG.3.28
XFG.3.29,"S:N532S, T15330C, on C10615T branch",XFG.3.29
XFG.3.30,"C10207T, on C10615T branch",XFG.3.30
XFG.3.30.1,S:G219D,XFG.3.30.1
XFG.3.30.2,"S:K679T, ORF1a:T1638N, ORF1a:L4126F",XFG.3.30.2
XFG.4,"C683T, on C20178T branch",XFG.4
XFG.4.1,"ORF1b:S997L, India, from sars-cov-2-variants/lineage-proposals#2677",XFG.4.1
XFG.4.1.1,"S:S680Y, from sars-cov-2-variants/lineage-proposals#2826",XFG.4.1.1
XFG.4.1.2,S:P1263L,XFG.4.1.2
XFG.4.1.3,C2509T,XFG.4.1.3
QY.1,"Alias of XFG.4.1.3.1, S:R683Q, ORF7a:L12H, India",XFG.4.1.3.1
XFG.4.1.4,T25139C,XFG.4.1.4
XFG.4.1.5,"S:A67V, ORF10:A8V, from sars-cov-2-variants/lineage-proposals#2836",XFG.4.1.5
XFG.4.2,"S:K1191R, ORF3a:del24-27, F28I, from sars-cov-2-variants/lineage-proposals#2734",XFG.4.2
XFG.4.3,T28474A,XFG.4.3
XFG.4.4,G8017T,XFG.4.4
XFG.4.5,"S:G219D, ORF1a:N854D",XFG.4.5
XFG.5,"C10039T, on C20178T branch",XFG.5
XFG.5.1,ORF1a:T2093I,XFG.5.1
XFG.5.1.1,"S:A688V, ORF3a:I37T, England/Wales",XFG.5.1.1
XFG.5.1.2,"S:V1228L, from sars-cov-2-variants/lineage-proposals#2858",XFG.5.1.2
XFG.5.1.3,"S:S680F, UK, from sars-cov-2-variants/lineage-proposals#2838",XFG.5.1.3
XFG.5.1.4,C2485T,XFG.5.1.4
XFG.5.1.5,"S:L441I, C24034T, from sars-cov-2-variants/lineage-proposals#2861",XFG.5.1.5
XFG.5.1.6,S:A688T,XFG.5.1.6
XFG.5.2,A9079G,XFG.5.2
XFG.5.2.1,"S:S680F, from sars-cov-2-variants/lineage-proposals#2808",XFG.5.2.1
XFG.5.2.2,T26972C,XFG.5.2.2
XFG.5.2.3,C23758T,XFG.5.2.3
XFG.5.2.4,ORF1a:D2980G,XFG.5.2.4
XFG.5.2.5,"ORF1a:P2079S, N:T24I, ORF7a:A66V, ORF7b:Y10C, ORF10:I27M",XFG.5.2.5
XFG.5.2.6,"S:S704L, C12295T, from sars-cov-2-variants/lineage-proposals#2768",XFG.5.2.6
XFG.5.3,"S:S254F, Canada",XFG.5.3
XFG.5.4,T2698C,XFG.5.4
XFG.5.4.1,ORF3a:D155Y,XFG.5.4.1
QW.1,"Alias of XFG.5.4.1.1, S:Q677R, ORF1a:G400S, from sars-cov-2-variants/lineage-proposals#2896",XFG.5.4.1.1
XFG.6,"S:L441I, on C20178T branch, from sars-cov-2-variants/lineage-proposals#2621",XFG.6
XFG.6.1,"S:T678I, from sars-cov-2-variants/lineage-proposals#2829",XFG.6.1
XFG.6.2,N:I379T (rev),XFG.6.2
XFG.6.2.1,"S:D253G, from sars-cov-2-variants/lineage-proposals#2962",XFG.6.2.1
XFG.6.3,T8359C,XFG.6.3
XFG.6.4,ORF1a:T2611I,XFG.6.4
XFG.6.5,C23758T,XFG.6.5
XFG.6.5.1,"S:S680Y, UK",XFG.6.5.1
XFG.6.6,"ORF1a:T1881I, ORF3a:L94F, ORF3a:A110V, ORF10:N22D, from sars-cov-2-variants/lineage-proposals#2987",XFG.6.6
XFG.6.7,"ORF1b:A1291V, USA",XFG.6.7
XFG.6.8,"C583T, T6673C",XFG.6.8
XFG.7,"N:K65I, ORF9b:N62Y, on C20178T branch, from #3001",XFG.7
XFG.7.1,"ORF1a:K2029R, ORF1a:S3242G",XFG.7.1
XFG.7.1.1,"S:K150E, S:A688V, from sars-cov-2-variants/lineage-proposals#2906",XFG.7.1.1
XFG.8,"T17610C, C19170T, A20163G, on C20178T branch",XFG.8
XFG.8.1,C15024T,XFG.8.1
XFG.8.2,ORF1a:T1597I,XFG.8.2
XFG.8.3,C2857T,XFG.8.3
XFG.8.4,T18630C,XFG.8.4
XFG.8.5,C21306T,XFG.8.5
XFG.9,"ORF1a:G2499S, on C20178T branch",XFG.9
XFG.9.1,"S:A845S, ORF1a:E745D, from sars-cov-2-variants/lineage-proposals#2745",XFG.9.1
XFG.9.2,"S:L8F, from sars-cov-2-variants/lineage-proposals#2910",XFG.9.2
XFG.9.3,T12865C,XFG.9.3
XFG.9.3.1,S:E154V,XFG.9.3.1
XFG.9.3.2,ORF1a:H2125Y,XFG.9.3.2
XFG.9.4,T7225G,XFG.9.4
XFG.9.4.1,"S:V227L, ORF3a:S40P, from sars-cov-2-variants/lineage-proposals#2937",XFG.9.4.1
XFG.9.4.2,S:L189F,XFG.9.4.2
XFG.9.5,"S:L176F, from sars-cov-2-variants/lineage-proposals#2830",XFG.9.5
XFG.10,"T979A, on C20178T branch",XFG.10
XFG.10.1,ORF1a:L2122F,XFG.10.1
XFG.10.2,ORF1a:T1847I,XFG.10.2
XFG.10.3,C11416T,XFG.10.3
XFG.10.4,"S:A435S, from sars-cov-2-variants/lineage-proposals#2936",XFG.10.4
XFG.11,"ORF7a:P34L, on C20178T branch",XFG.11
XFG.12,"ORF1b:T1453I, on C20178T branch",XFG.12
XFG.13,"S:A67V, ORF1a:T4090I, ORF1a:I4175V, ORF1b:L2017F, on C20178T branch",XFG.13
XFG.14,"S:K529T, S:V1264L, ORF1a:Q998H, ORF1a:H2092Y, from sars-cov-2-variants/lineage-proposals#2624",XFG.14
XFG.14.1,S:T604I,XFG.14.1
XFG.14.1.1,"C9598T, C12754T",XFG.14.1.1
XFG.14.1.2,S:A942T,XFG.14.1.2
XFG.14.1.3,C10798T,XFG.14.1.3
XFG.14.2,"S:Q677L, from sars-cov-2-variants/lineage-proposals#2747",XFG.14.2
XFG.14.2.1,"S:P1162L, ORf1a:L3694F, ORF3a:I35T, from sars-cov-2-variants/lineage-proposals#2954",XFG.14.2.1
XFG.14.3,"S:K147E, ORF1a:D1440G, ORF1b:P970L, pre-ORF7a:E121Q, from sars-cov-2-variants/lineage-proposals#2624",XFG.14.3
XFG.14.4,"ORF1a:A3548V, C25680T, C28744T",XFG.14.4
XFG.15,"S:R681H, ORF1b:A1525S, ORF1b:T2432I, on C20178T branch",XFG.15
XFG.16,"ORF1a:G507S, ORF9b:V30A, G4354A, from sars-cov-2-variants/lineage-proposals#2666",XFG.16
XFG.17,"A9970T, most with A28877T, G28878C",XFG.17
XFG.17.1,"S:F59S, from sars-cov-2-variants/lineage-proposals#2701",XFG.17.1
XFG.17.2,"S:K679R, from sars-cov-2-variants/lineage-proposals#2828",XFG.17.2
XFG.17.2.1,"S:G219S, from sars-cov-2-variants/lineage-proposals#2828",XFG.17.2.1
QQ.1,"Alias of XFG.17.2.1.1, S:Q677H, N:F307L, from sars-cov-2-variants/lineage-proposals#2988",XFG.17.2.1.1
XFG.17.3,"S:L335F, Orf9b:A82V  , from sars-cov-2-variants/lineage-proposals#2586",XFG.17.3
XFG.17.4,"S:G219D, S:T345S, from sars-cov-2-variants/lineage-proposals#2867",XFG.17.4
XFG.18,"S:L922F, C1960T",XFG.18
XFG.18.1,"S:L335F, from sars-cov-2-variants/lineage-proposals#2586",XFG.18.1
XFG.19,"S:T286I, ORF1a:T2283I, ORF1b:T239I, from sars-cov-2-variants/lineage-proposals#2713",XFG.19
XFG.21,"ORF1b:V2223L, on T16224C branch",XFG.21
XFG.22,"S:A958S, on C20178T branch",XFG.22
XFG.22.1,"S:A263S, from sars-cov-2-variants/lineage-proposals#2881",XFG.22.1
XFG.22.2,"C7834T, G28878C, A28877T",XFG.22.2
XFG.22.3,N:T282I,XFG.22.3
XFG.23,ORF1a:L1546I,XFG.23
XFG.23.1,"S:L335F, ORF1a:I114T, from sars-cov-2-variants/lineage-proposals#2586",XFG.23.1
XFG.23.1.1,"N:P67H, N:P365L",XFG.23.1.1
XFG.23.1.2,"C5944T, C18912T, C21676T, C29546T",XFG.23.1.2
XFG.24,"S:G75V, on ORF1b:P1821S branch, from sars-cov-2-variants/lineage-proposals#2676",XFG.24
XFG.25,"S:A262V, on C20178T branch, from sars-cov-2-variants/lineage-proposals#2854",XFG.25
XFG.26,"ORF8:E19*, on C20178T branch, from sars-cov-2-variants/lineage-proposals#2718",XFG.26
XFG.28,"C18306T, on C20178T branch",XFG.28
XFG.29,"A13444G, on C20178T branch",XFG.29
XFG.30,"ORF1a:P1640S, on C20178T branch",XFG.30
XFG.31,"G5017A, on C20178T branch",XFG.31
XFG.32,"S:F127L, S:D253G, from sars-cov-2-variants/lineage-proposals#2744",XFG.32
XFG.33,"ORF1a:del141-143, ORF1a:F1594L",XFG.33
XFG.34,"S:F135L, on C20178T branch, South America, from sars-cov-2-variants/lineage-proposals#2942",XFG.34
XFG.35,"ORF8:R52I, C5581T, T10913C, T19158C, on C20178T branch, Costa Rica",XFG.35
XFH,"Recombinant lineage of LF.7.1.13, XEF, LF.7.1.13 (breakpoints: 22133-22565, 23040-24871), from #2910",XFH
XFH.1,"C29719A, A949G",XFH.1
XFH.2,"C16575T, G24697A",XFH.2
XFJ,"Recombinant lineage of LS.2.1.1, LF.7.2, LS.2.1.1, LF.7.2 (breakpoints: 8818-12892, 22792-22893, 27414-28297), from #2928",XFJ
XFJ.1,G12769T,XFJ.1
XFJ.1.1,"A12928G, C29200T, on A15036G branch",XFJ.1.1
XFJ.1.2,"S:K150E, on A15036G branch, from sars-cov-2-variants/lineage-proposals#2622",XFJ.1.2
XFJ.1.3,"S:I105V, S:K444R, ORF1a:T708I, USA",XFJ.1.3
XFJ.2,G18903A,XFJ.2
XFJ.2.1,"S:K478I, from sars-cov-2-variants/lineage-proposals#2599",XFJ.2.1
XFJ.2.2,"C7768T, C29386T",XFJ.2.2
XFJ.3,"S:V1264L, from sars-cov-2-variants/lineage-proposals#2604",XFJ.3
XFJ.3.1,"S:I19V, ORF1a:T1543I, from sars-cov-2-variants/lineage-proposals#2604",XFJ.3.1
XFJ.3.1.1,S:K679N (rev),XFJ.3.1.1
XFJ.3.1.2,"N:A152S, N:K229T",XFJ.3.1.2
XFJ.3.2,ORF1b:A241T,XFJ.3.2
XFJ.4,"S:K150N, S:K478T (rev)",XFJ.4
XFJ.4.1,"T1501C, A27300T",XFJ.4.1
XFJ.5,"S:A262S, ORF1a:P2260L",XFJ.5
XFJ.6,C7006T,XFJ.6
XFJ.7,ORF6:L4P,XFJ.7
XFJ.8,"ORF1a:L552F, ORF1b:Q2335K",XFJ.8
XFJ.9,"T2308C, T10273C",XFJ.9
XFK,"Recombinant lineage of KP.3.1.1, XEC.5 (breakpoints: 17503-19722), from sars-cov-2-variants/lineage-proposals#2514",XFK
XFL,"Recombinant lineage of XEU, XEC.18 (breakpoint: 24377-27994), from sars-cov-2-variants/lineage-proposals#2528",XFL
XFM,"Recombinant lineage of LF.7.6.2, LS.2.1.1 (breakpoints: 22600-22892), from #2928",XFM
XFN,"Recombinant lineage of XEC.25.1, LF.7, XEC.25.1 (breakpoints: 16601-18656, 22600-22864), from sars-cov-2-variants/lineage-proposals#2562",XFN
XFN.1,T28600C,XFN.1
XFN.2,ORF1b:G1772S,XFN.2
XFN.2.1,"S:K484R, ORF1a:P1921S, ORF1b:A374S, Orf9b:S10F, UK",XFN.2.1
XFP,"Recombinant lineage of LS.2.1.1, LF.7, LS.2.1.1 (breakpoints: 8819-12891, 22133-22883), from #2969",XFP
XFP.1,"S:N477D, India, from sars-cov-2-variants/lineage-proposals#2642",XFP.1
XFP.1.1,ORF1a:E457D,XFP.1.1
XFP.2,ORF1a:K636R,XFP.2
XFQ,"Recombinant lineage of LF.7.1.10, XFG.3.1 (breakpoint 13609-17453), from #3018",XFQ
XFR,"Recombinant lineage of LF.7.3, LB.1.11.1 (breakpoint 21654-22106), from sars-cov-2-variants/lineage-proposals#2472",XFR
XFS,"Recombinant lineage of LF.7.1, LP.8.1.9 (breakpoint 22108-22892), from sars-cov-2-variants/lineage-proposals#2454",XFS
XFT,"Recombinant lineage of LF.7.7.2, LP.8.1.1 (breakpoint 21654-22106), from sars-cov-2-variants/lineage-proposals#2710",XFT
XFT.1,S:A475V,XFT.1
XFU,"Recombinant lineage of LF.7.6.2, PG.3.1 (breakpoint 22896-23039), from sars-cov-2-variants/lineage-proposals#2757",XFU
XFV,"Recombinant lineage of LP.8.1, XFG.3.3.1 (breakpoint 5240-7112), from sars-cov-2-variants/lineage-proposals#2749",XFV
XFV.1,"S:G252S, from sars-cov-2-variants/lineage-proposals#2841",XFV.1
XFV.2,"S:A688V, from sars-cov-2-variants/lineage-proposals#2950",XFV.2
XFW,"Recombinant lineage of XDY.3, LF.7, XDY.3 (breakpoints 8818-12651, 22132-22865), from sars-cov-2-variants/lineage-proposals#2740",XFW
XFW.1,"S:R681H, ORF1b:S997L, from sars-cov-2-variants/lineage-proposals#2740",XFW.1
XFW.1.1,"S:T676P, from sars-cov-2-variants/lineage-proposals#2740",XFW.1.1
XFY,"Recombinant lineage of XFG.5.1, NB.1.8.1 (breakpoint 25793-28432) with extra S:Q677H, from sars-cov-2-variants/lineage-proposals#2837",XFY
XFZ,"Recombinant lineage of XFC.3, PG.3.2 (breakpoint 23600-24818), from sars-cov-2-variants/lineage-proposals#2805",XFZ
XGA,"Recombinant lineage of XFJ.4.1, PY.1, XFG.6.2 (breakpoints 15661-18251, 19030-20177), from #3077",XGA
XGB,"Recombinant lineage of NW.1.7.4, QS.1 (breakpoint 5239-6255), from sars-cov-2-variants/lineage-proposals#2916",XGB
XGC,"Recombinant lineage of PY.2, XFG.4 (breakpoints 12892-15660), from sars-cov-2-variants/lineage-proposals#2651",XGC
*A.2.1,Withdrawn: Lineage with sequences predominantly from Panama,*A.2.1
*A.8,Withdrawn: Indian lineage merged with A.9,*A.8
*A.10,Withdrawn: Spanish lineage reassigned to A.5,*A.10
*A.13,Withdrawn: Cote d'Ivoire lineage,*A.13
*A.14,Withdrawn: Cote d'Ivoire lineage,*A.14
*A.20,Withdrawn: UAE lineage,*A.20
*B.1.1.2,Withdrawn: UK and Australia,*B.1.1.2
*B.1.1.6,Withdrawn: USA (TX),*B.1.1.6
*B.1.1.20,Withdrawn: UK lineage,*B.1.1.20
*B.1.1.32,Withdrawn: Indian lineage,*B.1.1.32
*B.1.1.35,Withdrawn: UK lineage,*B.1.1.35
*B.1.1.36,Withdrawn: USA,*B.1.1.36
*B.1.1.60,Withdrawn: Northern Ireland lineage,*B.1.1.60
*B.1.1.64,Withdrawn: UK lineage,*B.1.1.64
*B.1.1.65,Withdrawn: USA lineage,*B.1.1.65
*B.1.1.66,Withdrawn: South African lineage,*B.1.1.66
*B.1.1.73,Withdrawn: Reassigned lineage,*B.1.1.73
*B.1.1.76,Withdrawn: USA lineage,*B.1.1.76
*B.1.1.78,Withdrawn: Russian lineage,*B.1.1.78
*B.1.1.79,Withdrawn: Russian lineage,*B.1.1.79
*B.1.1.80,Withdrawn: Bangladesh lineage,*B.1.1.80
*B.1.1.81,Withdrawn: Northern Ireland lineage,*B.1.1.81
*B.1.1.85,Withdrawn: USA lineage,*B.1.1.85
*B.1.1.94,Withdrawn: Brazil lineage,*B.1.1.94
*B.1.1.96,Withdrawn: Saudi Arabia/ Russia lineage,*B.1.1.96
*B.1.1.102,Withdrawn: Latvian lineage,*B.1.1.102
*B.1.1.103,Withdrawn: Bangladesh lineage,*B.1.1.103
*B.1.1.104,Withdrawn: Netherlands/ Europe lineage,*B.1.1.104
*B.1.1.105,Withdrawn: Turkish lineage,*B.1.1.105
*B.1.1.106,Withdrawn: UK lineage,*B.1.1.106
*B.1.1.108,Withdrawn: UK lineage,*B.1.1.108
*B.1.1.124,Withdrawn: UK/ Switzerland lineage,*B.1.1.124
*B.1.1.126,Withdrawn: USA lineage,*B.1.1.126
*B.1.1.131,Withdrawn: UK lineage,*B.1.1.131
*B.1.1.140,Withdrawn: Russian lineage,*B.1.1.140
*B.1.1.143,"Withdrawn: Brazilian lineage, merged into lineage B.1.1.28",*B.1.1.143
*B.1.1.146,Withdrawn: UK lineage,*B.1.1.146
*B.1.1.150,Withdrawn: UK lineage,*B.1.1.150
*B.1.1.151,Withdrawn: UK lineage,*B.1.1.151
*B.1.1.156,Withdrawn: South African lineage,*B.1.1.156
*B.1.1.167,Withdrawn: Denmark/ E European lineage,*B.1.1.167
*B.1.1.173,Withdrawn: UK lineage,*B.1.1.173
*B.1.1.179,Withdrawn: Indian (split from B.1.1.32),*B.1.1.179
*B.1.1.183,Withdrawn: South Korea,*B.1.1.183
*B.1.1.195,Withdrawn: UK lineage,*B.1.1.195
*B.1.1.199,Withdrawn: UK (split from B.1.1.64),*B.1.1.199
*B.1.1.206,Withdrawn: South Africa (mostly from B.1.1.54),*B.1.1.206
*B.1.1.211,"Withdrawn: French, swiss, UK, Belgian",*B.1.1.211
*B.1.1.212,Withdrawn: Indian (split from B.1.1.32),*B.1.1.212
*B.1.1.215,Withdrawn: England with a spanish base,*B.1.1.215
*B.1.1.223,"Withdrawn: USA, NZ, England, one Russia",*B.1.1.223
*B.1.1.233,Withdrawn: USA (WA),*B.1.1.233
*B.1.1.235,Withdrawn: merged with B.1.1.115,*B.1.1.235
*B.1.1.238,Withdrawn: UK and New Zealand (split from B.1.1.7),*B.1.1.238
*B.1.1.245,"Withdrawn: Northern Ireland lineage, previously B.1.1.60 (split)",*B.1.1.245
*B.1.1.246,Withdrawn: Russia,*B.1.1.246
*B.1.1.247,"Withdrawn: Northern Europe (UK, NL, Switzerland) and Northern Africa (Egypt and Morocco), Gambia (some B.1.1.55)",*B.1.1.247
*B.1.1.248,Withdrawn: Brazilian lineage reassigned B.1.1.28,*B.1.1.248
*B.1.1.250,Withdrawn: UK lineage,*B.1.1.250
*B.1.1.252,Withdrawn: South Africa (formerly B.1.1.66),*B.1.1.252
*B.1.1.259,Withdrawn: UK (split from B.1.1.64),*B.1.1.259
*B.1.1.260,Withdrawn: UK (split from B.1.1.64),*B.1.1.260
*B.1.1.264,"Withdrawn: Wales lineage, previously part of B.1.1.30",*B.1.1.264
*B.1.1.276,"Withdrawn: Previously part of B.1.1.55, USA lineage",*B.1.1.276
*B.1.1.278,Withdrawn: UK lineage,*B.1.1.278
*B.1.1.281,"Withdrawn: Indian lineage, previously part of B.1.1.32",*B.1.1.281
*B.1.1.287,Withdrawn: USA lineage,*B.1.1.287
*B.1.1.292,Withdrawn: UK lineage,*B.1.1.292
*B.1.1.293,Withdrawn: Gambian lineage,*B.1.1.293
*B.1.1.295,Withdrawn: UK/Australia lineage,*B.1.1.295
*B.1.1.313,Withdrawn: English lineage,*B.1.1.313
*B.1.1.314,"Withdrawn: Brazilian lineage, previously part of B.1.1.33",*B.1.1.314
*B.1.1.439,"Withdrawn: Wales lineage, reassigned to B.1.1.29",*B.1.1.439
*B.1.1.527,"Withdrawn: Lineage in multiple countries, reassigned to C.38, from #150",*B.1.1.527
*BA.1.11,Withdrawn: Does not have a reliable defining mutation,*BA.1.11
*BA.2.3.3,"Withdrawn: Does not have a reliable defining mutation, from #524",*BA.2.3.3
*BA.2.36.1,Withdrawn: Redesignated as BA.2.82,*BA.2.36.1
*BA.2.84,Withdrawn: Redesignated as BA.2.31.1,*BA.2.84
*BA.5.1.13,"Withdrawn: Defined solely by Artic v3 artefacts, from #1029",*BA.5.1.13
*BF.7.25,"Withdrawn: Invisible to pangolin as positions C29708T is part of masked regions 1-255 and 29674-29903. Alias of B.1.1.529.5.2.1.7.25, C29708T",*BF.7.25
*BA.5.2.15,"Withdrawn: Redesignated as CF.1, being a child of BA.5.2.27, B.1.1.529.5.2.15, found in USA and Mexico, from #1054",*BA.5.2.15
*BA.5.2.17,"Withdrawn: Redesignated as BV.1, being a child of BA.5.2.20",*BA.5.2.17
*BQ.1.1.33,"Withdrawn: Alias of B.1.1.529.5.3.1.1.1.1.1.1.33, USA lineage, child of BQ.1.1.3",*BQ.1.1.33
*BA.5.4,"Withdrawn: England, Denmark, Spain and Scotland. Sublineage of BA.5.2.1 (with G11837T (ORF1a:V3858L) (nsp6:V289L)), from #618",*BA.5.4
*B.1.3.1,Withdrawn: South Korean lineage,*B.1.3.1
*B.1.3.2,Withdrawn: Argentinian lineage,*B.1.3.2
*B.1.3.3,Withdrawn: Israel lineage,*B.1.3.3
*B.1.3.4,Withdrawn: Israel/ UK lineage,*B.1.3.4
*B.1.5,"Withdrawn: Reassigned to B.1 and additional sublineages as this lineage has lost monophyletic status and split into multiple parts of the B.1 tree. Previously had a Spanish base, European lineage/ lots of Spanish sequences towards the basal end of the subtree and exports around the globe.",*B.1.5
*B.1.5.2,"Withdrawn: Reassigned B.1.190, Netherlands lineage",*B.1.5.2
*B.1.5.5,Withdrawn: Reassigned B.1.225,*B.1.5.5
*B.1.5.6,Withdrawn: UK lineage reassigned B.1.223,*B.1.5.6
*B.1.5.11,"Withdrawn: Reassigned B.1.189, USA/ Mexico lineage",*B.1.5.11
*B.1.5.12,"Withdrawn: Reassigned to B.1.416, Senegal/ Gambia lineage",*B.1.5.12
*B.1.5.13,"Withdrawn: Reassigned B.1.180, Romanian lineage",*B.1.5.13
*B.1.5.15,"Withdrawn: Reassigned B.1.185, USA lineage",*B.1.5.15
*B.1.5.17,"Withdrawn: Reassigned B.1.181, USA lineage",*B.1.5.17
*B.1.5.16,"Withdrawn: South African lineage, reassigned to B.1.237",*B.1.5.16
*B.1.5.18,Withdrawn: Reassigned B.1.256,*B.1.5.18
*B.1.5.19,Withdrawn: South African lineage reassigned to B.1.381,*B.1.5.19
*B.1.5.21,"Withdrawn: Reassigned B.1.418, Scottish lineage",*B.1.5.21
*B.1.5.25,Withdrawn: Reassigned B.1.229,*B.1.5.25
*B.1.5.26,Withdrawn: Reassigned B.1.232,*B.1.5.26
*B.1.5.27,"Withdrawn: USA lineage (CA), reassigned to B.1.243",*B.1.5.27
*B.1.5.28,Withdrawn: Reassigned B.1.231,*B.1.5.28
*B.1.5.29,Withdrawn: USA lineage (WI/ IL) reassigned to B.1.415,*B.1.5.29
*B.1.5.30,Withdrawn: UK lineage,*B.1.5.30
*B.1.5.31,"Withdrawn: South African lineage, reassigned B.1.417",*B.1.5.31
*B.1.5.32,"Withdrawn: Colombian lineage, reassigned B.1.420",*B.1.5.32
*B.1.5.33,"Withdrawn: Split up in current tree, reassigned to B.1. UK lineage",*B.1.5.33
*B.1.5.34,"Withdrawn: Reassigned to B.1.222, reassigned Scottish lineage",*B.1.5.34
*B.1.5.35,"Withdrawn: Indian lineage reassigned B.1, lacks any structure in current tree",*B.1.5.35
*B.1.5.36,Withdrawn: Indian lineage reassigned to B.1.136,*B.1.5.36
*B.1.8.2,Withdrawn: Reassigned in the current tree. USA lineage (CA),*B.1.8.2
*B.1.9.6,"Withdrawn: North Macedonia, Switzerland",*B.1.9.6
*B.1.11,"Withdrawn: UK lineage, reassigned B.1- broken up in current tree",*B.1.11
*B.1.19,"Withdrawn: USA lineage (WI), reassigned B.1- broken up in current tree",*B.1.19
*B.1.21,"Withdrawn: Split up Washington (USA), reassigned mostly to B.1.371",*B.1.21
*B.1.25,Withdrawn: Australian lineage,*B.1.25
*B.1.26,Withdrawn: USA/Gambia lineage,*B.1.26
*B.1.34,"Withdrawn: English lineage, reassigned B.1",*B.1.34
*B.1.36.3,Withdrawn: Danish lineage,*B.1.36.3
*B.1.36.4,Withdrawn: Netherlands lineage,*B.1.36.4
*B.1.36.5,"Withdrawn: Saudi Arabia lineage, reassigned to parent lineage B.1.36",*B.1.36.5
*B.1.36.6,Withdrawn: Norway lineage,*B.1.36.6
*B.1.36.11,Withdrawn: Netherlands lineage,*B.1.36.11
*B.1.36.13,Withdrawn: Irish lineage,*B.1.36.13
*B.1.36.14,Withdrawn: Danish lineage,*B.1.36.14
*B.1.36.15,Withdrawn: Saudi Arabia lineage,*B.1.36.15
*B.1.74,Withdrawn: Spanish lineage,*B.1.74
*B.1.75,Withdrawn: Reassigned in the current tree. English lineage,*B.1.75
*B.1.79,"Withdrawn: UK lineage, some now reassigned to B.1.5",*B.1.79
*B.1.80,Withdrawn: Reassigned in the current tree. Indian lineage,*B.1.80
*B.1.82,Withdrawn: Reassigned in the current tree. UK lineage,*B.1.82
*B.1.88,Withdrawn: Scottish lineage,*B.1.88
*B.1.89,Withdrawn: Reassigned in the current tree. UK lineage,*B.1.89
*B.1.90,Withdrawn: Reassigned in the current tree. Scottish lineage,*B.1.90
*B.1.95,Withdrawn: Indian lineage,*B.1.95
*B.1.98,Withdrawn: UK lineage,*B.1.98
*B.1.102,Withdrawn: Reassigned in the current tree. Iceland lineage,*B.1.102
*B.1.107,"Withdrawn: Reassigned in the current tree. Danish lineage, with USA and UK sequences",*B.1.107
*B.1.109,Withdrawn: Luxembourg lineage,*B.1.109
*B.1.114,Withdrawn: Reassigned in the current tree. Canadian lineage,*B.1.114
*B.1.133,Withdrawn: Reassigned in the current tree. USA lineage (WA),*B.1.133
*B.1.135,Withdrawn: Reassigned in the current tree. Small Portuguese lineage,*B.1.135
*B.1.136,"Withdrawn: Reassigned in the current tree. Indian lineage, split up and reassigned to B.1",*B.1.136
*B.1.138,Withdrawn: Reassigned in the current tree. Small Australian lineage,*B.1.138
*B.1.141,"Withdrawn: Reassigned in the current tree. Scottish lineage, first wave of N439K",*B.1.141
*B.1.144,Withdrawn: South African lineage,*B.1.144
*B.1.150,Withdrawn: Reassigned lineage,*B.1.150
*B.1.152,Withdrawn: English lineage,*B.1.152
*B.1.154,Withdrawn: Reassigned in the current tree. USA lineage,*B.1.154
*B.1.156,Withdrawn: Reassigned in the current tree. Scottish lineage,*B.1.156
*B.1.160.1,Withdrawn: Reassigned B.1.523 English lineage,*B.1.160.1
*B.1.160.2,Withdrawn: Reassigned B.1.523 English lineage,*B.1.160.2
*B.1.160.3,Withdrawn: Indonesian lineage (now B.1.470),*B.1.160.3
*B.1.160.4,Withdrawn: English lineage (now B.1.471),*B.1.160.4
*B.1.160.5,Withdrawn: Danish lineage,*B.1.160.5
*B.1.160.6,"Withdrawn: Danish lineage, reassigned B.1.160 lack of resolution in current tree",*B.1.160.6
*B.1.177.1,Withdrawn: Denmark,*B.1.177.1
*B.1.177.13,Withdrawn: now part of B.1.177.17,*B.1.177.13
*B.1.177.22,Withdrawn: UK lineage,*B.1.177.22
*B.1.177.79,Withdrawn: Latvian lineage. Did not have a defining mutation within the coding region. Therefore merged into B.1.177.60,*B.1.177.79
*B.1.183,Withdrawn: Reassigned in the current tree. Canadian lineage,*B.1.183
*B.1.185,Withdrawn: Reassigned in the current tree. USA lineage (previously B.1.5.15),*B.1.185
*B.1.186,Withdrawn: Saudi-arabian/ Indian lineage (now B.1.260),*B.1.186
*B.1.191,"Withdrawn: Reassigned in the current tree. Previously B.1.5.21, Scottish lineage",*B.1.191
*B.1.193,Withdrawn: Reassigned in the current tree. USA lineage,*B.1.193
*B.1.196,Withdrawn: USA lineage,*B.1.196
*B.1.197,Withdrawn: Australian/ New Zealand lineage,*B.1.197
*B.1.200,"Withdrawn: Reassigned in the current tree. Previously part of B.1.98, reassigned UK lineage",*B.1.200
*B.1.202,Withdrawn: Reassigned in the current tree. USA lineage,*B.1.202
*B.1.204,Withdrawn: Reassigned in the current tree. USA lineage,*B.1.204
*B.1.207,Withdrawn: USA lineage (TX),*B.1.207
*B.1.209,Withdrawn: Small Scottish lineage,*B.1.209
*B.1.216,Withdrawn: USA lineage,*B.1.216
*B.1.217,"Withdrawn: Reassigned in the current tree. Indian lineage Reassigned from B.1.80, split this assignment",*B.1.217
*B.1.226,Withdrawn: Reassigned in the current tree. Equatorial Guinea lineage,*B.1.226
*B.1.228,"Withdrawn: Reassigned in the current tree. USA lineage, reassigned from B.1.5.27 split",*B.1.228
*B.1.230,"Withdrawn: Reassigned in the current tree. USA lineage, reassigned from B.1.5.27 split",*B.1.230
*B.1.244,Withdrawn: Reassigned in the current tree. Saudi Arabian lineage that previously was part of B.1.160,*B.1.244
*B.1.246,"Withdrawn: Reassigned in the current tree. Saudi Arabian lineage, previously some assigned B.1.160",*B.1.246
*B.1.253,Withdrawn: Reassigned in the current tree. UK lineage,*B.1.253
*B.1.255,"Withdrawn: North American lineage, with other global diversity (Now all over tree)",*B.1.255
*B.1.257,Withdrawn: Reassigned in the current tree. UK lineage,*B.1.257
*B.1.258.1,Withdrawn: French lineage,*B.1.258.1
*B.1.258.8,Withdrawn: Danish lineage,*B.1.258.8
*B.1.258.13,Withdrawn: Reassigned in the current tree. Danish lineage,*B.1.258.13
*B.1.259,Withdrawn: Saudi Arabia/ India lineage (now in B.1.260),*B.1.259
*B.1.261,Withdrawn: Saudi Arabian lineage (now in B.1.260),*B.1.261
*B.1.262,Withdrawn: Reassigned in the current tree. Danish lineage,*B.1.262
*B.1.266,Withdrawn: Reassigned in the current tree. Austrian lineage,*B.1.266
*B.1.269,Withdrawn: Reassigned in the current tree. Slovenian lineage,*B.1.269
*B.1.271,Withdrawn: Reassigned in the current tree. USA lineage,*B.1.271
*B.1.272,Withdrawn: Reassigned in the current tree. France/ Australian lineage,*B.1.272
*B.1.275,Withdrawn: France lineage,*B.1.275
*B.1.278,"Withdrawn: Reassigned in the current tree. UK/ Australia lineage, previously part of B.1.13",*B.1.278
*B.1.283,Withdrawn: USA lineage,*B.1.283
*B.1.286,Withdrawn: Reassigned in the current tree. USA lineage,*B.1.286
*B.1.288,Withdrawn: Reassigned in the current tree. Denmark lineage,*B.1.288
*B.1.290,Withdrawn: Reassigned in the current tree. USA lineage,*B.1.290
*B.1.295,Withdrawn: Reassigned in the current tree. Australian lineage,*B.1.295
*B.1.296,Withdrawn: Reassigned in the current tree. USA/ Australian lineage,*B.1.296
*B.1.297,Withdrawn: Reassigned in the current tree. USA lineage,*B.1.297
*B.1.297.1,Withdrawn: Reassigned in the current tree. Canadian lineage,*B.1.297.1
*B.1.299,Withdrawn: Reassigned in the current tree. USA lineage,*B.1.299
*B.1.300,Withdrawn: Reassigned in the current tree. USA lineage,*B.1.300
*B.1.303,Withdrawn: Reassigned in the current tree. USA lineage,*B.1.303
*B.1.307,Withdrawn: Reassigned in the current tree. USA lineage,*B.1.307
*B.1.312,Withdrawn: USA lineage,*B.1.312
*B.1.317,Withdrawn: Reassigned in the current tree. USA lineage,*B.1.317
*B.1.322,"Withdrawn: USA lineage, reassigned B.1",*B.1.322
*B.1.327,Withdrawn: Reassigned in the current tree. Danish lineage,*B.1.327
*B.1.331,Withdrawn: USA lineage,*B.1.331
*B.1.333.1,Withdrawn: USA lineage (WA) (all B.1.169),*B.1.333.1
*B.1.339,Withdrawn: Reassigned in the current tree. Irish lineage,*B.1.339
*B.1.345,Withdrawn: Reassigned in the current tree. Canadian lineage,*B.1.345
*B.1.347,"Withdrawn: Reassigned in the current tree. Canadian lineage, previously part of B.1.114 lineage",*B.1.347
*B.1.351.4,"Withdrawn: Potential contaminant lineage from mixture of B.1.351 and Delta, from #134. Sequences from Botswana, do not have E484K or N501Y but have L452R and T478K",*B.1.351.4
*B.1.352,Withdrawn: Reassigned in the current tree. USA lineage (CA),*B.1.352
*B.1.353,Withdrawn: Reassigned in the current tree. European lineage,*B.1.353
*B.1.364,Withdrawn: Reassigned in the current tree. USA lineage,*B.1.364
*B.1.365,Withdrawn: Reassigned in the current tree. USA lineage,*B.1.365
*B.1.368,Withdrawn: Reassigned in the current tree. USA lineage,*B.1.368
*B.1.373,Withdrawn: Reassigned in the current tree. Swedish lineage,*B.1.373
*B.1.374,Withdrawn: Reassigned in the current tree. European lineage,*B.1.374
*B.1.374.1,Withdrawn: Reassigned in the current tree. Bangladesh lineage,*B.1.374.1
*B.1.376,Withdrawn: Wales lineage,*B.1.376
*B.1.386,Withdrawn: Reassigned in the current tree. USA lineage,*B.1.386
*B.1.392,Withdrawn: UK lineage,*B.1.392
*B.1.394,Withdrawn: North Macedonian lineage,*B.1.394
*B.1.410,Withdrawn: Reassigned in the current tree. Danish lineage,*B.1.410
*B.1.412,Withdrawn: Russian lineage,*B.1.412
*B.1.414,Withdrawn: Netherlands lineage,*B.1.414
*B.1.419,Withdrawn: Iceland lineage,*B.1.419
*B.1.440,"Withdrawn: USA lineage (All NM, one AZ)",*B.1.440
*B.1.447,Withdrawn: Saudi Arabian lineage,*B.1.447
*B.1.449,Withdrawn: Saudi Arabia (mixture of B.1.260 and B.1.160),*B.1.449
*B.1.454,Withdrawn: India (was part of B.1.160),*B.1.454
*B.1.455,Withdrawn: Saudi Arabia (was part of B.1.247),*B.1.455
*B.1.457,"Withdrawn: UK, Norway, South Korea, Denmark (mostly B.1.160)",*B.1.457
*B.1.457.1,"Withdrawn: USA (MI) plus England (was B.1.247, B.1.160)",*B.1.457.1
*B.1.461,Withdrawn: India (from B.1.247),*B.1.461
*B.1.464,Withdrawn: India and Nepal,*B.1.464
*B.1.472,Withdrawn: England and Denmark (was part of B.1.160),*B.1.472
*B.1.477,Withdrawn: England (all were B.1.275),*B.1.477
*B.1.481,"Withdrawn: DRC and Senegal base, into Switzerland",*B.1.481
*B.1.484,Withdrawn: France and USA (MI),*B.1.484
*B.1.512,"Withdrawn: UK, Australia, USA",*B.1.512
*B.1.514,Withdrawn: USA (TX) split from B.1.2,*B.1.514
*B.1.519,"Withdrawn: England, split from B.1.117",*B.1.519
*B.1.526.1,Withdrawn: Issue 45. New York. Sublineage of B.1.526 (with spike mutations T95I and D253G) that appears to have several more unique mutations.,*B.1.526.1
*B.1.526.2,Withdrawn: Issue 45. New York. Sublineage of B.1.526 (with spike mutations T95I and D253G) that appears to have several more unique mutations.,*B.1.526.2
*B.1.526.3,Withdrawn: Issue 45. Belgium and Luxembourg lineage,*B.1.526.3
*BA.5.2.64,Withdrawn: Reassigned BA.5.12 Switzerland lineage,*BA.5.2.64
*BB.1,Withdrawn: Redesignated as B.1.621.2,*BB.1
*AY.9.1,Withdrawn: Merged into AY.9.2 as these lineages likely form a single clade,*AY.9.1
*AY.12,Withdrawn: Reassigned to AY.122.1,*AY.12
*AY.39.4,"Withdrawn: Reassigned AY.134. Denmark lineage, from #406",*AY.39.4
*AY.75.1,Withdrawn: Did not have a defining mutation within the coding region so was merged into AY.75,*AY.75.1
*AY.89,"Withdrawn: Merged into AY.4, from #398",*AY.89
*AY.96,"Withdrawn: Based on discussion in, from #435",*AY.96
*AY.97,Withdrawn: Reassigned to AY.5.5,*AY.97
*AY.115,Withdrawn: Merged into AY.116 as these lineages likely form a single clade,*AY.115
*B.1.624,"Withdrawn: India lineage, from #91. Redesignated as B.1.1.526",*B.1.624
*B.1.628,"Withdrawn: Identified as a recombinant lineage and therefore renamed XB, from #189",*B.1.628
*B.2.1,Withdrawn: Reassigned to B.40,*B.2.1
*B.2.6,Withdrawn: Reassigned to B.35,*B.2.6
*B.2.10,Withdrawn: Reassigned to B.41,*B.2.10
*B.2.11,Withdrawn: Reassigned to B.36,*B.2.11
*B.2.12,Withdrawn: Reassigned to B.30,*B.2.12
*B.6.7,Withdrawn: USA/Texas,*B.6.7
*B.14,Withdrawn: USA lineage,*B.14
*B.48,Withdrawn: Reassigned to B.23,*B.48
*B.54,Withdrawn: Distributed amongst other lineages,*B.54
*B.59,"Withdrawn: Originally Latvian & Ireland, no longer monophyletic",*B.59
*C.15,"Withdrawn: Alias of B.1.1.1.15, Denmark lineage",*C.15
*E.1,Withdrawn: Reassigned B.1.416.1. French lineage within the diversity of a Senegal/ Gambia lineage,*E.1
*F.1,"Withdrawn: Alias of B.1.36.17.1, New Zealand lineage",*F.1
*H.1,"Withdrawn: Alias of B.1.1.67.1, South African lineage, split from B.1.1.10",*H.1
*I.1,"Withdrawn: Alias of B.1.1.217.1, Latvian lineage, split from B.1.1.25",*I.1
*J.1,"Withdrawn: Alias of B.1.1.250.1, Australian lineage",*J.1
*HK.1.1,"Withdrawn as smaller than thought (only 6 sequences have 257V and G22927T): Alias of XBB.1.9.2.5.1.1.1.1, S:L455F (G22927T), China (now considered as an HK.3+S:G257D branch being misplaced with HK.1+S:L455F)",*HK.1.1
*HK.10,"Withdrawn unless lineage grows: Alias of XBB.1.9.2.5.1.1.10, S:L455F (G22927T), on C19983T branch, China (now considered as HK.3 with homoplastic C19983T)",*HK.10
*HK.3.11,"Withdrawn, as part of 14988C sublineage of EG.5.1.1, not HK.3: Alias of XBB.1.9.2.5.1.1.3.11, S:A475V, Finland/Denmark/Sweden",*HK.3.11
*JN.1.33,"Redesignated as JN.1.39.3, Alias of B.1.1.529.2.86.1.1.33, S:A67V, G2782T, C5512T, China from #2498",*JN.1.33
*KD.5,"Withdrawn: Alias of XBC.1.3.1.5, S:L244F, Australia, indel artefact caused false S:L244F (#2405)",*KD.5
*KR.2,Redesignated as LT.1 (JN.1.1.3.1) due to lack of C9142T,*KR.2
*KP.2.14.1,Redesignated as KP.2.14: there's no good evidence for KP.2.14 lacking S:T22N in any sequences. Hence make KP.2.14.1 -> KP.2.14 and require S:T22N,*KP.2.14.1
*PC.2,"Redesignated as LF.7.9, S:L441R, S:H445P, Wales/Scotland, from sars-cov-2-variants/lineage-proposals#2395",*PC.2
*MC.34,"Withdrawn: Alias of B.1.1.529.2.86.1.1.11.1.3.1.1.34, A29716T (29716 in UTR masked by pangolin)",*MC.34
*XFG.20,Withdrawn: C10615T (didn't realize it was a dropout branch of XFG.3 when designating),*XFG.20
